Time resolution is 1 fs
WARNING: file design.txt could not be opened
 *** Warning: The analog data file design.txt for XADC instance Block_Testbench.top.Block_top_i.mig_axi_wrapper_0.inst.mig_inst.u_mig_7series_0_mig.temp_mon_enabled.u_tempmon.xadc_supplied_temperature.XADC_inst was not found. Use the SIM_MONITOR_FILE parameter to specify the analog data file name or use the default name: design.txt.

############# Write Clocks PLLE2_ADV Parameters #############

nCK_PER_CLK      =       4
CLK_PERIOD       =   10000
CLKIN1_PERIOD    =  10.000
DIVCLK_DIVIDE    =       1
CLKFBOUT_MULT    =       8
VCO_PERIOD       =  1250.0
CLKOUT0_DIVIDE_F =       1
CLKOUT1_DIVIDE   =       2
CLKOUT2_DIVIDE   =      32
CLKOUT3_DIVIDE   =       8
CLKOUT0_PERIOD   =    1250
CLKOUT1_PERIOD   =    2500
CLKOUT2_PERIOD   =   40000
CLKOUT3_PERIOD   =   10000
CLKOUT4_PERIOD   =    5000
############################################################

############# MMCME2_ADV Parameters #############

MMCM_MULT_F           =           8
MMCM_VCO_FREQ (MHz)   = 800.000
MMCM_VCO_PERIOD       = 1250.000
#################################################

Block_Testbench.top.Block_top_i.mig_axi_wrapper_0.inst.mig_inst.u_mig_7series_0_mig.u_memc_ui_top_axi.mem_intfc0.ddr_phy_top0.u_ddr_mc_phy_wrapper.u_ddr_mc_phy : BYTE_LANES_B0 = f BYTE_LANES_B1 = 0 DATA_CTL_B0 = c DATA_CTL_B1 = 0
Block_Testbench.top.Block_top_i.mig_axi_wrapper_0.inst.mig_inst.u_mig_7series_0_mig.u_memc_ui_top_axi.mem_intfc0.ddr_phy_top0.u_ddr_mc_phy_wrapper.u_ddr_mc_phy : HIGHEST_LANE =           4 HIGHEST_LANE_B0 =           4 HIGHEST_LANE_B1 =           0
Block_Testbench.top.Block_top_i.mig_axi_wrapper_0.inst.mig_inst.u_mig_7series_0_mig.u_memc_ui_top_axi.mem_intfc0.ddr_phy_top0.u_ddr_mc_phy_wrapper.u_ddr_mc_phy : HIGHEST_BANK =           1
Block_Testbench.top.Block_top_i.mig_axi_wrapper_0.inst.mig_inst.u_mig_7series_0_mig.u_memc_ui_top_axi.mem_intfc0.ddr_phy_top0.u_ddr_mc_phy_wrapper.u_ddr_mc_phy : FREQ_REF_PERIOD         = 1250.00 
Block_Testbench.top.Block_top_i.mig_axi_wrapper_0.inst.mig_inst.u_mig_7series_0_mig.u_memc_ui_top_axi.mem_intfc0.ddr_phy_top0.u_ddr_mc_phy_wrapper.u_ddr_mc_phy : DDR_TCK                 = 2500 
Block_Testbench.top.Block_top_i.mig_axi_wrapper_0.inst.mig_inst.u_mig_7series_0_mig.u_memc_ui_top_axi.mem_intfc0.ddr_phy_top0.u_ddr_mc_phy_wrapper.u_ddr_mc_phy : PO_S2_TAPS_SIZE         = 9.77 
Block_Testbench.top.Block_top_i.mig_axi_wrapper_0.inst.mig_inst.u_mig_7series_0_mig.u_memc_ui_top_axi.mem_intfc0.ddr_phy_top0.u_ddr_mc_phy_wrapper.u_ddr_mc_phy : PO_CIRC_BUF_EARLY       = 1 
Block_Testbench.top.Block_top_i.mig_axi_wrapper_0.inst.mig_inst.u_mig_7series_0_mig.u_memc_ui_top_axi.mem_intfc0.ddr_phy_top0.u_ddr_mc_phy_wrapper.u_ddr_mc_phy : PO_CIRC_BUF_OFFSET      = 1219.75 
Block_Testbench.top.Block_top_i.mig_axi_wrapper_0.inst.mig_inst.u_mig_7series_0_mig.u_memc_ui_top_axi.mem_intfc0.ddr_phy_top0.u_ddr_mc_phy_wrapper.u_ddr_mc_phy : PO_CIRC_BUF_META_ZONE   = 200.00 
Block_Testbench.top.Block_top_i.mig_axi_wrapper_0.inst.mig_inst.u_mig_7series_0_mig.u_memc_ui_top_axi.mem_intfc0.ddr_phy_top0.u_ddr_mc_phy_wrapper.u_ddr_mc_phy : PO_STG2_FINE_INTR_DLY   = 769.25 
Block_Testbench.top.Block_top_i.mig_axi_wrapper_0.inst.mig_inst.u_mig_7series_0_mig.u_memc_ui_top_axi.mem_intfc0.ddr_phy_top0.u_ddr_mc_phy_wrapper.u_ddr_mc_phy : PO_STG2_COARSE_INTR_DLY = 511.00 
Block_Testbench.top.Block_top_i.mig_axi_wrapper_0.inst.mig_inst.u_mig_7series_0_mig.u_memc_ui_top_axi.mem_intfc0.ddr_phy_top0.u_ddr_mc_phy_wrapper.u_ddr_mc_phy : PO_STG2_INTRINSIC_DELAY = 1280.25 
Block_Testbench.top.Block_top_i.mig_axi_wrapper_0.inst.mig_inst.u_mig_7series_0_mig.u_memc_ui_top_axi.mem_intfc0.ddr_phy_top0.u_ddr_mc_phy_wrapper.u_ddr_mc_phy : PO_CIRC_BUF_DELAY       = 60 
Block_Testbench.top.Block_top_i.mig_axi_wrapper_0.inst.mig_inst.u_mig_7series_0_mig.u_memc_ui_top_axi.mem_intfc0.ddr_phy_top0.u_ddr_mc_phy_wrapper.u_ddr_mc_phy : PO_INTRINSIC_DELAY      = 1280.25 
Block_Testbench.top.Block_top_i.mig_axi_wrapper_0.inst.mig_inst.u_mig_7series_0_mig.u_memc_ui_top_axi.mem_intfc0.ddr_phy_top0.u_ddr_mc_phy_wrapper.u_ddr_mc_phy : PO_DELAY                = 1866.19 
Block_Testbench.top.Block_top_i.mig_axi_wrapper_0.inst.mig_inst.u_mig_7series_0_mig.u_memc_ui_top_axi.mem_intfc0.ddr_phy_top0.u_ddr_mc_phy_wrapper.u_ddr_mc_phy : PO_OCLK_DELAY           = 0 
Block_Testbench.top.Block_top_i.mig_axi_wrapper_0.inst.mig_inst.u_mig_7series_0_mig.u_memc_ui_top_axi.mem_intfc0.ddr_phy_top0.u_ddr_mc_phy_wrapper.u_ddr_mc_phy : L_PHY_0_PO_FINE_DELAY   = 60 
Block_Testbench.top.Block_top_i.mig_axi_wrapper_0.inst.mig_inst.u_mig_7series_0_mig.u_memc_ui_top_axi.mem_intfc0.ddr_phy_top0.u_ddr_mc_phy_wrapper.u_ddr_mc_phy : PI_STG1_INTRINSIC_DELAY = 0.00 
Block_Testbench.top.Block_top_i.mig_axi_wrapper_0.inst.mig_inst.u_mig_7series_0_mig.u_memc_ui_top_axi.mem_intfc0.ddr_phy_top0.u_ddr_mc_phy_wrapper.u_ddr_mc_phy : PI_STG2_INTRINSIC_DELAY = 744.00 
Block_Testbench.top.Block_top_i.mig_axi_wrapper_0.inst.mig_inst.u_mig_7series_0_mig.u_memc_ui_top_axi.mem_intfc0.ddr_phy_top0.u_ddr_mc_phy_wrapper.u_ddr_mc_phy : PI_INTRINSIC_DELAY      = 744.00 
Block_Testbench.top.Block_top_i.mig_axi_wrapper_0.inst.mig_inst.u_mig_7series_0_mig.u_memc_ui_top_axi.mem_intfc0.ddr_phy_top0.u_ddr_mc_phy_wrapper.u_ddr_mc_phy : PI_MAX_STG2_DELAY       = 615.23 
Block_Testbench.top.Block_top_i.mig_axi_wrapper_0.inst.mig_inst.u_mig_7series_0_mig.u_memc_ui_top_axi.mem_intfc0.ddr_phy_top0.u_ddr_mc_phy_wrapper.u_ddr_mc_phy : PI_OFFSET               = -78.00 
Block_Testbench.top.Block_top_i.mig_axi_wrapper_0.inst.mig_inst.u_mig_7series_0_mig.u_memc_ui_top_axi.mem_intfc0.ddr_phy_top0.u_ddr_mc_phy_wrapper.u_ddr_mc_phy : a negative PI_OFFSET means that rclk path is longer than oclk path so rclk will be delayed to next oclk edge and the negedge of rclk may be used.
Block_Testbench.top.Block_top_i.mig_axi_wrapper_0.inst.mig_inst.u_mig_7series_0_mig.u_memc_ui_top_axi.mem_intfc0.ddr_phy_top0.u_ddr_mc_phy_wrapper.u_ddr_mc_phy : PI_STG2_DELAY           = 615.23 
Block_Testbench.top.Block_top_i.mig_axi_wrapper_0.inst.mig_inst.u_mig_7series_0_mig.u_memc_ui_top_axi.mem_intfc0.ddr_phy_top0.u_ddr_mc_phy_wrapper.u_ddr_mc_phy :PI_STG2_DELAY_CAND       = 1172.00 
Block_Testbench.top.Block_top_i.mig_axi_wrapper_0.inst.mig_inst.u_mig_7series_0_mig.u_memc_ui_top_axi.mem_intfc0.ddr_phy_top0.u_ddr_mc_phy_wrapper.u_ddr_mc_phy : DEFAULT_RCLK_DELAY      = 63 
Block_Testbench.top.Block_top_i.mig_axi_wrapper_0.inst.mig_inst.u_mig_7series_0_mig.u_memc_ui_top_axi.mem_intfc0.ddr_phy_top0.u_ddr_mc_phy_wrapper.u_ddr_mc_phy : RCLK_SELECT_EDGE        = 0 
WARNING: Block_Testbench.top.Block_top_i.mig_axi_wrapper_0.inst.mig_inst.u_mig_7series_0_mig.u_memc_ui_top_axi.mem_intfc0.ddr_phy_top0.u_ddr_mc_phy_wrapper.u_ddr_mc_phy: The required delay though the phaser_in to internally match the aux_out clock  to ddr clock exceeds the maximum allowable delay. The clock edge  will occur at the output registers of aux_out 556.77 ps before the ddr clock  edge. If aux_out is used for memory inputs, this may violate setup or hold time.
Block_Testbench.u_mem0.reset at time 11414475.0 ps WARNING: 200 us is required before RST_N goes inactive.
Block_Testbench.u_mem0.cmd_task at time 11480189.0 ps WARNING: 500 us is required after RST_N goes inactive before CKE goes active.
Block_Testbench.u_mem0.cmd_task: at time 11782689.0 ps INFO: Load Mode 2
Block_Testbench.u_mem0.cmd_task: at time 11782689.0 ps INFO: Load Mode 2 Partial Array Self Refresh = Bank 0-7
Block_Testbench.u_mem0.cmd_task: at time 11782689.0 ps INFO: Load Mode 2 CAS Write Latency =           5
Block_Testbench.u_mem0.cmd_task: at time 11782689.0 ps INFO: Load Mode 2 Auto Self Refresh = Disabled
Block_Testbench.u_mem0.cmd_task: at time 11782689.0 ps INFO: Load Mode 2 Self Refresh Temperature = Normal
Block_Testbench.u_mem0.cmd_task: at time 11782689.0 ps INFO: Load Mode 2 Dynamic ODT = Disabled
Block_Testbench.u_mem0.cmd_task: at time 13082689.0 ps INFO: Load Mode 3
Block_Testbench.u_mem0.cmd_task: at time 13082689.0 ps INFO: Load Mode 3 MultiPurpose Register Select = Pre-defined pattern
Block_Testbench.u_mem0.cmd_task: at time 13082689.0 ps INFO: Load Mode 3 MultiPurpose Register Enable = Disabled
Block_Testbench.u_mem0.cmd_task: at time 14382689.0 ps INFO: Load Mode 1
Block_Testbench.u_mem0.cmd_task: at time 14382689.0 ps INFO: Load Mode 1 DLL Enable = Enabled
Block_Testbench.u_mem0.cmd_task: at time 14382689.0 ps INFO: Load Mode 1 Output Drive Strength =          34 Ohm
Block_Testbench.u_mem0.cmd_task: at time 14382689.0 ps INFO: Load Mode 1 ODT Rtt =          60 Ohm
Block_Testbench.u_mem0.cmd_task: at time 14382689.0 ps INFO: Load Mode 1 Additive Latency = 0
Block_Testbench.u_mem0.cmd_task: at time 14382689.0 ps INFO: Load Mode 1 Write Levelization = Disabled
Block_Testbench.u_mem0.cmd_task: at time 14382689.0 ps INFO: Load Mode 1 TDQS Enable = Disabled
Block_Testbench.u_mem0.cmd_task: at time 14382689.0 ps INFO: Load Mode 1 Qoff = Enabled
Block_Testbench.u_mem0.cmd_task: at time 15682689.0 ps INFO: Load Mode 0
Block_Testbench.u_mem0.cmd_task: at time 15682689.0 ps INFO: Load Mode 0 Burst Length =  8
Block_Testbench.u_mem0.cmd_task: at time 15682689.0 ps INFO: Load Mode 0 Burst Order = Sequential
Block_Testbench.u_mem0.cmd_task: at time 15682689.0 ps INFO: Load Mode 0 CAS Latency =           6
Block_Testbench.u_mem0.cmd_task: at time 15682689.0 ps INFO: Load Mode 0 DLL Reset = Reset DLL
Block_Testbench.u_mem0.cmd_task: at time 15682689.0 ps INFO: Load Mode 0 Write Recovery =           6
Block_Testbench.u_mem0.cmd_task: at time 15682689.0 ps INFO: Load Mode 0 Power Down Mode = DLL off
Block_Testbench.u_mem0.cmd_task: at time 16982689.0 ps INFO: ZQ        long = 1
Block_Testbench.u_mem0.cmd_task: at time 16982689.0 ps INFO: Initialization Sequence is complete
PHY_INIT: Memory Initialization completed at 19464475.0 ps
Block_Testbench.u_mem0.cmd_task: at time 19562689.0 ps INFO: Activate  bank 0 row 0000
Block_Testbench.u_mem0.cmd_task: at time 20862689.0 ps INFO: Read      bank 0 col 000, auto precharge 0
Block_Testbench.u_mem0.cmd_task: at time 20872689.0 ps INFO: Read      bank 0 col 000, auto precharge 0
Block_Testbench.u_mem0.data_task: at time 20876439.0 ps INFO: READ @ DQS= bank = 0 row = 0000 col = 00000000 data = xxxx
Block_Testbench.u_mem0.data_task: at time 20877689.0 ps INFO: READ @ DQS= bank = 0 row = 0000 col = 00000001 data = xxxx
Block_Testbench.u_mem0.data_task: at time 20878939.0 ps INFO: READ @ DQS= bank = 0 row = 0000 col = 00000002 data = xxxx
Block_Testbench.u_mem0.data_task: at time 20880189.0 ps INFO: READ @ DQS= bank = 0 row = 0000 col = 00000003 data = xxxx
Block_Testbench.u_mem0.data_task: at time 20881439.0 ps INFO: READ @ DQS= bank = 0 row = 0000 col = 00000004 data = xxxx
Block_Testbench.u_mem0.data_task: at time 20882689.0 ps INFO: READ @ DQS= bank = 0 row = 0000 col = 00000005 data = xxxx
Block_Testbench.u_mem0.cmd_task: at time 20882689.0 ps INFO: Read      bank 0 col 000, auto precharge 0
Block_Testbench.u_mem0.data_task: at time 20883939.0 ps INFO: READ @ DQS= bank = 0 row = 0000 col = 00000006 data = xxxx
Block_Testbench.u_mem0.data_task: at time 20885189.0 ps INFO: READ @ DQS= bank = 0 row = 0000 col = 00000007 data = xxxx
Block_Testbench.u_mem0.data_task: at time 20886439.0 ps INFO: READ @ DQS= bank = 0 row = 0000 col = 00000000 data = xxxx
Block_Testbench.u_mem0.data_task: at time 20887689.0 ps INFO: READ @ DQS= bank = 0 row = 0000 col = 00000001 data = xxxx
Block_Testbench.u_mem0.data_task: at time 20888939.0 ps INFO: READ @ DQS= bank = 0 row = 0000 col = 00000002 data = xxxx
Block_Testbench.u_mem0.data_task: at time 20890189.0 ps INFO: READ @ DQS= bank = 0 row = 0000 col = 00000003 data = xxxx
Block_Testbench.u_mem0.data_task: at time 20891439.0 ps INFO: READ @ DQS= bank = 0 row = 0000 col = 00000004 data = xxxx
Block_Testbench.u_mem0.data_task: at time 20892689.0 ps INFO: READ @ DQS= bank = 0 row = 0000 col = 00000005 data = xxxx
Block_Testbench.u_mem0.cmd_task: at time 20892689.0 ps INFO: Read      bank 0 col 000, auto precharge 0
Block_Testbench.u_mem0.data_task: at time 20893939.0 ps INFO: READ @ DQS= bank = 0 row = 0000 col = 00000006 data = xxxx
Block_Testbench.u_mem0.data_task: at time 20895189.0 ps INFO: READ @ DQS= bank = 0 row = 0000 col = 00000007 data = xxxx
Block_Testbench.u_mem0.data_task: at time 20896439.0 ps INFO: READ @ DQS= bank = 0 row = 0000 col = 00000000 data = xxxx
Block_Testbench.u_mem0.data_task: at time 20897689.0 ps INFO: READ @ DQS= bank = 0 row = 0000 col = 00000001 data = xxxx
Block_Testbench.u_mem0.data_task: at time 20898939.0 ps INFO: READ @ DQS= bank = 0 row = 0000 col = 00000002 data = xxxx
Block_Testbench.u_mem0.data_task: at time 20900189.0 ps INFO: READ @ DQS= bank = 0 row = 0000 col = 00000003 data = xxxx
Block_Testbench.u_mem0.data_task: at time 20901439.0 ps INFO: READ @ DQS= bank = 0 row = 0000 col = 00000004 data = xxxx
Block_Testbench.u_mem0.data_task: at time 20902689.0 ps INFO: READ @ DQS= bank = 0 row = 0000 col = 00000005 data = xxxx
Block_Testbench.u_mem0.cmd_task: at time 20902689.0 ps INFO: Read      bank 0 col 000, auto precharge 0
Block_Testbench.u_mem0.data_task: at time 20903939.0 ps INFO: READ @ DQS= bank = 0 row = 0000 col = 00000006 data = xxxx
Block_Testbench.u_mem0.data_task: at time 20905189.0 ps INFO: READ @ DQS= bank = 0 row = 0000 col = 00000007 data = xxxx
Block_Testbench.u_mem0.data_task: at time 20906439.0 ps INFO: READ @ DQS= bank = 0 row = 0000 col = 00000000 data = xxxx
Block_Testbench.u_mem0.data_task: at time 20907689.0 ps INFO: READ @ DQS= bank = 0 row = 0000 col = 00000001 data = xxxx
Block_Testbench.u_mem0.data_task: at time 20908939.0 ps INFO: READ @ DQS= bank = 0 row = 0000 col = 00000002 data = xxxx
Block_Testbench.u_mem0.data_task: at time 20910189.0 ps INFO: READ @ DQS= bank = 0 row = 0000 col = 00000003 data = xxxx
Block_Testbench.u_mem0.data_task: at time 20911439.0 ps INFO: READ @ DQS= bank = 0 row = 0000 col = 00000004 data = xxxx
Block_Testbench.u_mem0.data_task: at time 20912689.0 ps INFO: READ @ DQS= bank = 0 row = 0000 col = 00000005 data = xxxx
Block_Testbench.u_mem0.cmd_task: at time 20912689.0 ps INFO: Read      bank 0 col 000, auto precharge 0
Block_Testbench.u_mem0.data_task: at time 20913939.0 ps INFO: READ @ DQS= bank = 0 row = 0000 col = 00000006 data = xxxx
Block_Testbench.u_mem0.data_task: at time 20915189.0 ps INFO: READ @ DQS= bank = 0 row = 0000 col = 00000007 data = xxxx
Block_Testbench.u_mem0.data_task: at time 20916439.0 ps INFO: READ @ DQS= bank = 0 row = 0000 col = 00000000 data = xxxx
Block_Testbench.u_mem0.data_task: at time 20917689.0 ps INFO: READ @ DQS= bank = 0 row = 0000 col = 00000001 data = xxxx
Block_Testbench.u_mem0.data_task: at time 20918939.0 ps INFO: READ @ DQS= bank = 0 row = 0000 col = 00000002 data = xxxx
Block_Testbench.u_mem0.data_task: at time 20920189.0 ps INFO: READ @ DQS= bank = 0 row = 0000 col = 00000003 data = xxxx
Block_Testbench.u_mem0.data_task: at time 20921439.0 ps INFO: READ @ DQS= bank = 0 row = 0000 col = 00000004 data = xxxx
Block_Testbench.u_mem0.data_task: at time 20922689.0 ps INFO: READ @ DQS= bank = 0 row = 0000 col = 00000005 data = xxxx
Block_Testbench.u_mem0.cmd_task: at time 20922689.0 ps INFO: Read      bank 0 col 000, auto precharge 0
Block_Testbench.u_mem0.data_task: at time 20923939.0 ps INFO: READ @ DQS= bank = 0 row = 0000 col = 00000006 data = xxxx
Block_Testbench.u_mem0.data_task: at time 20925189.0 ps INFO: READ @ DQS= bank = 0 row = 0000 col = 00000007 data = xxxx
Block_Testbench.u_mem0.data_task: at time 20926439.0 ps INFO: READ @ DQS= bank = 0 row = 0000 col = 00000000 data = xxxx
Block_Testbench.u_mem0.data_task: at time 20927689.0 ps INFO: READ @ DQS= bank = 0 row = 0000 col = 00000001 data = xxxx
Block_Testbench.u_mem0.data_task: at time 20928939.0 ps INFO: READ @ DQS= bank = 0 row = 0000 col = 00000002 data = xxxx
Block_Testbench.u_mem0.data_task: at time 20930189.0 ps INFO: READ @ DQS= bank = 0 row = 0000 col = 00000003 data = xxxx
Block_Testbench.u_mem0.data_task: at time 20931439.0 ps INFO: READ @ DQS= bank = 0 row = 0000 col = 00000004 data = xxxx
Block_Testbench.u_mem0.data_task: at time 20932689.0 ps INFO: READ @ DQS= bank = 0 row = 0000 col = 00000005 data = xxxx
Block_Testbench.u_mem0.cmd_task: at time 20932689.0 ps INFO: Read      bank 0 col 000, auto precharge 0
Block_Testbench.u_mem0.data_task: at time 20933939.0 ps INFO: READ @ DQS= bank = 0 row = 0000 col = 00000006 data = xxxx
Block_Testbench.u_mem0.data_task: at time 20935189.0 ps INFO: READ @ DQS= bank = 0 row = 0000 col = 00000007 data = xxxx
Block_Testbench.u_mem0.data_task: at time 20936439.0 ps INFO: READ @ DQS= bank = 0 row = 0000 col = 00000000 data = xxxx
Block_Testbench.u_mem0.data_task: at time 20937689.0 ps INFO: READ @ DQS= bank = 0 row = 0000 col = 00000001 data = xxxx
Block_Testbench.u_mem0.data_task: at time 20938939.0 ps INFO: READ @ DQS= bank = 0 row = 0000 col = 00000002 data = xxxx
Block_Testbench.u_mem0.data_task: at time 20940189.0 ps INFO: READ @ DQS= bank = 0 row = 0000 col = 00000003 data = xxxx
Block_Testbench.u_mem0.data_task: at time 20941439.0 ps INFO: READ @ DQS= bank = 0 row = 0000 col = 00000004 data = xxxx
Block_Testbench.u_mem0.data_task: at time 20942689.0 ps INFO: READ @ DQS= bank = 0 row = 0000 col = 00000005 data = xxxx
Block_Testbench.u_mem0.cmd_task: at time 20942689.0 ps INFO: Read      bank 0 col 000, auto precharge 0
Block_Testbench.u_mem0.data_task: at time 20943939.0 ps INFO: READ @ DQS= bank = 0 row = 0000 col = 00000006 data = xxxx
Block_Testbench.u_mem0.data_task: at time 20945189.0 ps INFO: READ @ DQS= bank = 0 row = 0000 col = 00000007 data = xxxx
Block_Testbench.u_mem0.data_task: at time 20946439.0 ps INFO: READ @ DQS= bank = 0 row = 0000 col = 00000000 data = xxxx
Block_Testbench.u_mem0.data_task: at time 20947689.0 ps INFO: READ @ DQS= bank = 0 row = 0000 col = 00000001 data = xxxx
Block_Testbench.u_mem0.data_task: at time 20948939.0 ps INFO: READ @ DQS= bank = 0 row = 0000 col = 00000002 data = xxxx
Block_Testbench.u_mem0.data_task: at time 20950189.0 ps INFO: READ @ DQS= bank = 0 row = 0000 col = 00000003 data = xxxx
Block_Testbench.u_mem0.data_task: at time 20951439.0 ps INFO: READ @ DQS= bank = 0 row = 0000 col = 00000004 data = xxxx
Block_Testbench.u_mem0.data_task: at time 20952689.0 ps INFO: READ @ DQS= bank = 0 row = 0000 col = 00000005 data = xxxx
Block_Testbench.u_mem0.cmd_task: at time 20952689.0 ps INFO: Read      bank 0 col 000, auto precharge 0
Block_Testbench.u_mem0.data_task: at time 20953939.0 ps INFO: READ @ DQS= bank = 0 row = 0000 col = 00000006 data = xxxx
Block_Testbench.u_mem0.data_task: at time 20955189.0 ps INFO: READ @ DQS= bank = 0 row = 0000 col = 00000007 data = xxxx
Block_Testbench.u_mem0.data_task: at time 20956439.0 ps INFO: READ @ DQS= bank = 0 row = 0000 col = 00000000 data = xxxx
Block_Testbench.u_mem0.data_task: at time 20957689.0 ps INFO: READ @ DQS= bank = 0 row = 0000 col = 00000001 data = xxxx
Block_Testbench.u_mem0.data_task: at time 20958939.0 ps INFO: READ @ DQS= bank = 0 row = 0000 col = 00000002 data = xxxx
Block_Testbench.u_mem0.data_task: at time 20960189.0 ps INFO: READ @ DQS= bank = 0 row = 0000 col = 00000003 data = xxxx
Block_Testbench.u_mem0.data_task: at time 20961439.0 ps INFO: READ @ DQS= bank = 0 row = 0000 col = 00000004 data = xxxx
Block_Testbench.u_mem0.data_task: at time 20962689.0 ps INFO: READ @ DQS= bank = 0 row = 0000 col = 00000005 data = xxxx
Block_Testbench.u_mem0.cmd_task: at time 20962689.0 ps INFO: Read      bank 0 col 000, auto precharge 0
Block_Testbench.u_mem0.data_task: at time 20963939.0 ps INFO: READ @ DQS= bank = 0 row = 0000 col = 00000006 data = xxxx
Block_Testbench.u_mem0.data_task: at time 20965189.0 ps INFO: READ @ DQS= bank = 0 row = 0000 col = 00000007 data = xxxx
Block_Testbench.u_mem0.data_task: at time 20966439.0 ps INFO: READ @ DQS= bank = 0 row = 0000 col = 00000000 data = xxxx
Block_Testbench.u_mem0.data_task: at time 20967689.0 ps INFO: READ @ DQS= bank = 0 row = 0000 col = 00000001 data = xxxx
Block_Testbench.u_mem0.data_task: at time 20968939.0 ps INFO: READ @ DQS= bank = 0 row = 0000 col = 00000002 data = xxxx
Block_Testbench.u_mem0.data_task: at time 20970189.0 ps INFO: READ @ DQS= bank = 0 row = 0000 col = 00000003 data = xxxx
Block_Testbench.u_mem0.data_task: at time 20971439.0 ps INFO: READ @ DQS= bank = 0 row = 0000 col = 00000004 data = xxxx
Block_Testbench.u_mem0.data_task: at time 20972689.0 ps INFO: READ @ DQS= bank = 0 row = 0000 col = 00000005 data = xxxx
Block_Testbench.u_mem0.cmd_task: at time 20972689.0 ps INFO: Read      bank 0 col 000, auto precharge 0
Block_Testbench.u_mem0.data_task: at time 20973939.0 ps INFO: READ @ DQS= bank = 0 row = 0000 col = 00000006 data = xxxx
Block_Testbench.u_mem0.data_task: at time 20975189.0 ps INFO: READ @ DQS= bank = 0 row = 0000 col = 00000007 data = xxxx
Block_Testbench.u_mem0.data_task: at time 20976439.0 ps INFO: READ @ DQS= bank = 0 row = 0000 col = 00000000 data = xxxx
Block_Testbench.u_mem0.data_task: at time 20977689.0 ps INFO: READ @ DQS= bank = 0 row = 0000 col = 00000001 data = xxxx
Block_Testbench.u_mem0.data_task: at time 20978939.0 ps INFO: READ @ DQS= bank = 0 row = 0000 col = 00000002 data = xxxx
Block_Testbench.u_mem0.data_task: at time 20980189.0 ps INFO: READ @ DQS= bank = 0 row = 0000 col = 00000003 data = xxxx
Block_Testbench.u_mem0.data_task: at time 20981439.0 ps INFO: READ @ DQS= bank = 0 row = 0000 col = 00000004 data = xxxx
Block_Testbench.u_mem0.data_task: at time 20982689.0 ps INFO: READ @ DQS= bank = 0 row = 0000 col = 00000005 data = xxxx
Block_Testbench.u_mem0.cmd_task: at time 20982689.0 ps INFO: Read      bank 0 col 000, auto precharge 0
Block_Testbench.u_mem0.data_task: at time 20983939.0 ps INFO: READ @ DQS= bank = 0 row = 0000 col = 00000006 data = xxxx
Block_Testbench.u_mem0.data_task: at time 20985189.0 ps INFO: READ @ DQS= bank = 0 row = 0000 col = 00000007 data = xxxx
Block_Testbench.u_mem0.data_task: at time 20986439.0 ps INFO: READ @ DQS= bank = 0 row = 0000 col = 00000000 data = xxxx
Block_Testbench.u_mem0.data_task: at time 20987689.0 ps INFO: READ @ DQS= bank = 0 row = 0000 col = 00000001 data = xxxx
Block_Testbench.u_mem0.data_task: at time 20988939.0 ps INFO: READ @ DQS= bank = 0 row = 0000 col = 00000002 data = xxxx
Block_Testbench.u_mem0.data_task: at time 20990189.0 ps INFO: READ @ DQS= bank = 0 row = 0000 col = 00000003 data = xxxx
Block_Testbench.u_mem0.data_task: at time 20991439.0 ps INFO: READ @ DQS= bank = 0 row = 0000 col = 00000004 data = xxxx
Block_Testbench.u_mem0.data_task: at time 20992689.0 ps INFO: READ @ DQS= bank = 0 row = 0000 col = 00000005 data = xxxx
Block_Testbench.u_mem0.cmd_task: at time 20992689.0 ps INFO: Read      bank 0 col 000, auto precharge 0
Block_Testbench.u_mem0.data_task: at time 20993939.0 ps INFO: READ @ DQS= bank = 0 row = 0000 col = 00000006 data = xxxx
PHY_INIT: Phaser_In Phase Locked at 20994475.0 ps
Block_Testbench.u_mem0.data_task: at time 20995189.0 ps INFO: READ @ DQS= bank = 0 row = 0000 col = 00000007 data = xxxx
Block_Testbench.u_mem0.data_task: at time 20996439.0 ps INFO: READ @ DQS= bank = 0 row = 0000 col = 00000000 data = xxxx
Block_Testbench.u_mem0.data_task: at time 20997689.0 ps INFO: READ @ DQS= bank = 0 row = 0000 col = 00000001 data = xxxx
Block_Testbench.u_mem0.data_task: at time 20998939.0 ps INFO: READ @ DQS= bank = 0 row = 0000 col = 00000002 data = xxxx
Block_Testbench.u_mem0.data_task: at time 21000189.0 ps INFO: READ @ DQS= bank = 0 row = 0000 col = 00000003 data = xxxx
Block_Testbench.u_mem0.data_task: at time 21001439.0 ps INFO: READ @ DQS= bank = 0 row = 0000 col = 00000004 data = xxxx
Block_Testbench.u_mem0.data_task: at time 21002689.0 ps INFO: READ @ DQS= bank = 0 row = 0000 col = 00000005 data = xxxx
Block_Testbench.u_mem0.cmd_task: at time 21002689.0 ps INFO: Read      bank 0 col 000, auto precharge 0
Block_Testbench.u_mem0.data_task: at time 21003939.0 ps INFO: READ @ DQS= bank = 0 row = 0000 col = 00000006 data = xxxx
Block_Testbench.u_mem0.data_task: at time 21005189.0 ps INFO: READ @ DQS= bank = 0 row = 0000 col = 00000007 data = xxxx
Block_Testbench.u_mem0.data_task: at time 21006439.0 ps INFO: READ @ DQS= bank = 0 row = 0000 col = 00000000 data = xxxx
Block_Testbench.u_mem0.data_task: at time 21007689.0 ps INFO: READ @ DQS= bank = 0 row = 0000 col = 00000001 data = xxxx
Block_Testbench.u_mem0.data_task: at time 21008939.0 ps INFO: READ @ DQS= bank = 0 row = 0000 col = 00000002 data = xxxx
Block_Testbench.u_mem0.data_task: at time 21010189.0 ps INFO: READ @ DQS= bank = 0 row = 0000 col = 00000003 data = xxxx
Block_Testbench.u_mem0.data_task: at time 21011439.0 ps INFO: READ @ DQS= bank = 0 row = 0000 col = 00000004 data = xxxx
Block_Testbench.u_mem0.data_task: at time 21012689.0 ps INFO: READ @ DQS= bank = 0 row = 0000 col = 00000005 data = xxxx
Block_Testbench.u_mem0.cmd_task: at time 21012689.0 ps INFO: Read      bank 0 col 000, auto precharge 0
Block_Testbench.u_mem0.data_task: at time 21013939.0 ps INFO: READ @ DQS= bank = 0 row = 0000 col = 00000006 data = xxxx
Block_Testbench.u_mem0.data_task: at time 21015189.0 ps INFO: READ @ DQS= bank = 0 row = 0000 col = 00000007 data = xxxx
Block_Testbench.u_mem0.data_task: at time 21016439.0 ps INFO: READ @ DQS= bank = 0 row = 0000 col = 00000000 data = xxxx
Block_Testbench.u_mem0.data_task: at time 21017689.0 ps INFO: READ @ DQS= bank = 0 row = 0000 col = 00000001 data = xxxx
Block_Testbench.u_mem0.data_task: at time 21018939.0 ps INFO: READ @ DQS= bank = 0 row = 0000 col = 00000002 data = xxxx
Block_Testbench.u_mem0.data_task: at time 21020189.0 ps INFO: READ @ DQS= bank = 0 row = 0000 col = 00000003 data = xxxx
Block_Testbench.u_mem0.data_task: at time 21021439.0 ps INFO: READ @ DQS= bank = 0 row = 0000 col = 00000004 data = xxxx
Block_Testbench.u_mem0.data_task: at time 21022689.0 ps INFO: READ @ DQS= bank = 0 row = 0000 col = 00000005 data = xxxx
Block_Testbench.u_mem0.cmd_task: at time 21022689.0 ps INFO: Read      bank 0 col 000, auto precharge 0
Block_Testbench.u_mem0.data_task: at time 21023939.0 ps INFO: READ @ DQS= bank = 0 row = 0000 col = 00000006 data = xxxx
Block_Testbench.u_mem0.data_task: at time 21025189.0 ps INFO: READ @ DQS= bank = 0 row = 0000 col = 00000007 data = xxxx
Block_Testbench.u_mem0.data_task: at time 21026439.0 ps INFO: READ @ DQS= bank = 0 row = 0000 col = 00000000 data = xxxx
Block_Testbench.u_mem0.data_task: at time 21027689.0 ps INFO: READ @ DQS= bank = 0 row = 0000 col = 00000001 data = xxxx
Block_Testbench.u_mem0.data_task: at time 21028939.0 ps INFO: READ @ DQS= bank = 0 row = 0000 col = 00000002 data = xxxx
Block_Testbench.u_mem0.data_task: at time 21030189.0 ps INFO: READ @ DQS= bank = 0 row = 0000 col = 00000003 data = xxxx
Block_Testbench.u_mem0.data_task: at time 21031439.0 ps INFO: READ @ DQS= bank = 0 row = 0000 col = 00000004 data = xxxx
Block_Testbench.u_mem0.data_task: at time 21032689.0 ps INFO: READ @ DQS= bank = 0 row = 0000 col = 00000005 data = xxxx
Block_Testbench.u_mem0.cmd_task: at time 21032689.0 ps INFO: Read      bank 0 col 000, auto precharge 0
Block_Testbench.u_mem0.data_task: at time 21033939.0 ps INFO: READ @ DQS= bank = 0 row = 0000 col = 00000006 data = xxxx
Block_Testbench.u_mem0.data_task: at time 21035189.0 ps INFO: READ @ DQS= bank = 0 row = 0000 col = 00000007 data = xxxx
Block_Testbench.u_mem0.data_task: at time 21036439.0 ps INFO: READ @ DQS= bank = 0 row = 0000 col = 00000000 data = xxxx
Block_Testbench.u_mem0.data_task: at time 21037689.0 ps INFO: READ @ DQS= bank = 0 row = 0000 col = 00000001 data = xxxx
Block_Testbench.u_mem0.data_task: at time 21038939.0 ps INFO: READ @ DQS= bank = 0 row = 0000 col = 00000002 data = xxxx
Block_Testbench.u_mem0.data_task: at time 21040189.0 ps INFO: READ @ DQS= bank = 0 row = 0000 col = 00000003 data = xxxx
Block_Testbench.u_mem0.data_task: at time 21041439.0 ps INFO: READ @ DQS= bank = 0 row = 0000 col = 00000004 data = xxxx
Block_Testbench.u_mem0.data_task: at time 21042689.0 ps INFO: READ @ DQS= bank = 0 row = 0000 col = 00000005 data = xxxx
Block_Testbench.u_mem0.cmd_task: at time 21042689.0 ps INFO: Read      bank 0 col 000, auto precharge 0
Block_Testbench.u_mem0.data_task: at time 21043939.0 ps INFO: READ @ DQS= bank = 0 row = 0000 col = 00000006 data = xxxx
Block_Testbench.u_mem0.data_task: at time 21045189.0 ps INFO: READ @ DQS= bank = 0 row = 0000 col = 00000007 data = xxxx
Block_Testbench.u_mem0.data_task: at time 21046439.0 ps INFO: READ @ DQS= bank = 0 row = 0000 col = 00000000 data = xxxx
Block_Testbench.u_mem0.data_task: at time 21047689.0 ps INFO: READ @ DQS= bank = 0 row = 0000 col = 00000001 data = xxxx
Block_Testbench.u_mem0.data_task: at time 21048939.0 ps INFO: READ @ DQS= bank = 0 row = 0000 col = 00000002 data = xxxx
Block_Testbench.u_mem0.data_task: at time 21050189.0 ps INFO: READ @ DQS= bank = 0 row = 0000 col = 00000003 data = xxxx
Block_Testbench.u_mem0.data_task: at time 21051439.0 ps INFO: READ @ DQS= bank = 0 row = 0000 col = 00000004 data = xxxx
Block_Testbench.u_mem0.data_task: at time 21052689.0 ps INFO: READ @ DQS= bank = 0 row = 0000 col = 00000005 data = xxxx
Block_Testbench.u_mem0.cmd_task: at time 21052689.0 ps INFO: Read      bank 0 col 000, auto precharge 0
Block_Testbench.u_mem0.data_task: at time 21053939.0 ps INFO: READ @ DQS= bank = 0 row = 0000 col = 00000006 data = xxxx
Block_Testbench.u_mem0.data_task: at time 21055189.0 ps INFO: READ @ DQS= bank = 0 row = 0000 col = 00000007 data = xxxx
Block_Testbench.u_mem0.data_task: at time 21056439.0 ps INFO: READ @ DQS= bank = 0 row = 0000 col = 00000000 data = xxxx
Block_Testbench.u_mem0.data_task: at time 21057689.0 ps INFO: READ @ DQS= bank = 0 row = 0000 col = 00000001 data = xxxx
Block_Testbench.u_mem0.data_task: at time 21058939.0 ps INFO: READ @ DQS= bank = 0 row = 0000 col = 00000002 data = xxxx
Block_Testbench.u_mem0.data_task: at time 21060189.0 ps INFO: READ @ DQS= bank = 0 row = 0000 col = 00000003 data = xxxx
Block_Testbench.u_mem0.data_task: at time 21061439.0 ps INFO: READ @ DQS= bank = 0 row = 0000 col = 00000004 data = xxxx
Block_Testbench.u_mem0.data_task: at time 21062689.0 ps INFO: READ @ DQS= bank = 0 row = 0000 col = 00000005 data = xxxx
Block_Testbench.u_mem0.data_task: at time 21063939.0 ps INFO: READ @ DQS= bank = 0 row = 0000 col = 00000006 data = xxxx
Block_Testbench.u_mem0.data_task: at time 21065189.0 ps INFO: READ @ DQS= bank = 0 row = 0000 col = 00000007 data = xxxx
Block_Testbench.u_mem0.data_task: at time 21066439.0 ps INFO: READ @ DQS= bank = 0 row = 0000 col = 00000000 data = xxxx
Block_Testbench.u_mem0.data_task: at time 21067689.0 ps INFO: READ @ DQS= bank = 0 row = 0000 col = 00000001 data = xxxx
Block_Testbench.u_mem0.data_task: at time 21068939.0 ps INFO: READ @ DQS= bank = 0 row = 0000 col = 00000002 data = xxxx
Block_Testbench.u_mem0.data_task: at time 21070189.0 ps INFO: READ @ DQS= bank = 0 row = 0000 col = 00000003 data = xxxx
Block_Testbench.u_mem0.data_task: at time 21071439.0 ps INFO: READ @ DQS= bank = 0 row = 0000 col = 00000004 data = xxxx
Block_Testbench.u_mem0.data_task: at time 21072689.0 ps INFO: READ @ DQS= bank = 0 row = 0000 col = 00000005 data = xxxx
Block_Testbench.u_mem0.data_task: at time 21073939.0 ps INFO: READ @ DQS= bank = 0 row = 0000 col = 00000006 data = xxxx
Block_Testbench.u_mem0.data_task: at time 21075189.0 ps INFO: READ @ DQS= bank = 0 row = 0000 col = 00000007 data = xxxx
Block_Testbench.u_mem0.cmd_task: at time 22352689.0 ps INFO: Precharge All
Block_Testbench.u_mem0.cmd_task: at time 22352689.0 ps INFO: Precharge bank   0
Block_Testbench.u_mem0.cmd_task: at time 23652689.0 ps INFO: Refresh  
Block_Testbench.u_mem0.cmd_task: at time 24952689.0 ps INFO: Refresh  
Block_Testbench.u_mem0.cmd_task: at time 26252689.0 ps INFO: Refresh  
Block_Testbench.u_mem0.cmd_task: at time 27552689.0 ps INFO: Refresh  
Block_Testbench.u_mem0.cmd_task: at time 28852689.0 ps INFO: Refresh  
Block_Testbench.u_mem0.cmd_task: at time 30152689.0 ps INFO: Refresh  
Block_Testbench.u_mem0.cmd_task: at time 31452689.0 ps INFO: Refresh  
Block_Testbench.u_mem0.cmd_task: at time 32752689.0 ps INFO: Refresh  
Block_Testbench.u_mem0.cmd_task: at time 34052689.0 ps INFO: Activate  bank 0 row 0000
Block_Testbench.u_mem0.cmd_task: at time 35352689.0 ps INFO: Read      bank 0 col 000, auto precharge 0
Block_Testbench.u_mem0.cmd_task: at time 35362689.0 ps INFO: Read      bank 0 col 008, auto precharge 0
Block_Testbench.u_mem0.data_task: at time 35366439.0 ps INFO: READ @ DQS= bank = 0 row = 0000 col = 00000000 data = xxxx
Block_Testbench.u_mem0.data_task: at time 35367689.0 ps INFO: READ @ DQS= bank = 0 row = 0000 col = 00000001 data = xxxx
Block_Testbench.u_mem0.data_task: at time 35368939.0 ps INFO: READ @ DQS= bank = 0 row = 0000 col = 00000002 data = xxxx
Block_Testbench.u_mem0.data_task: at time 35370189.0 ps INFO: READ @ DQS= bank = 0 row = 0000 col = 00000003 data = xxxx
Block_Testbench.u_mem0.data_task: at time 35371439.0 ps INFO: READ @ DQS= bank = 0 row = 0000 col = 00000004 data = xxxx
Block_Testbench.u_mem0.data_task: at time 35372689.0 ps INFO: READ @ DQS= bank = 0 row = 0000 col = 00000005 data = xxxx
Block_Testbench.u_mem0.cmd_task: at time 35372689.0 ps INFO: Read      bank 0 col 000, auto precharge 0
Block_Testbench.u_mem0.data_task: at time 35373939.0 ps INFO: READ @ DQS= bank = 0 row = 0000 col = 00000006 data = xxxx
Block_Testbench.u_mem0.data_task: at time 35375189.0 ps INFO: READ @ DQS= bank = 0 row = 0000 col = 00000007 data = xxxx
Block_Testbench.u_mem0.data_task: at time 35376439.0 ps INFO: READ @ DQS= bank = 0 row = 0000 col = 00000008 data = xxxx
Block_Testbench.u_mem0.data_task: at time 35377689.0 ps INFO: READ @ DQS= bank = 0 row = 0000 col = 00000009 data = xxxx
Block_Testbench.u_mem0.data_task: at time 35378939.0 ps INFO: READ @ DQS= bank = 0 row = 0000 col = 0000000a data = xxxx
Block_Testbench.u_mem0.data_task: at time 35380189.0 ps INFO: READ @ DQS= bank = 0 row = 0000 col = 0000000b data = xxxx
Block_Testbench.u_mem0.data_task: at time 35381439.0 ps INFO: READ @ DQS= bank = 0 row = 0000 col = 0000000c data = xxxx
Block_Testbench.u_mem0.data_task: at time 35382689.0 ps INFO: READ @ DQS= bank = 0 row = 0000 col = 0000000d data = xxxx
Block_Testbench.u_mem0.cmd_task: at time 35382689.0 ps INFO: Read      bank 0 col 008, auto precharge 0
Block_Testbench.u_mem0.data_task: at time 35383939.0 ps INFO: READ @ DQS= bank = 0 row = 0000 col = 0000000e data = xxxx
Block_Testbench.u_mem0.data_task: at time 35385189.0 ps INFO: READ @ DQS= bank = 0 row = 0000 col = 0000000f data = xxxx
Block_Testbench.u_mem0.data_task: at time 35386439.0 ps INFO: READ @ DQS= bank = 0 row = 0000 col = 00000000 data = xxxx
Block_Testbench.u_mem0.data_task: at time 35387689.0 ps INFO: READ @ DQS= bank = 0 row = 0000 col = 00000001 data = xxxx
Block_Testbench.u_mem0.data_task: at time 35388939.0 ps INFO: READ @ DQS= bank = 0 row = 0000 col = 00000002 data = xxxx
Block_Testbench.u_mem0.data_task: at time 35390189.0 ps INFO: READ @ DQS= bank = 0 row = 0000 col = 00000003 data = xxxx
Block_Testbench.u_mem0.data_task: at time 35391439.0 ps INFO: READ @ DQS= bank = 0 row = 0000 col = 00000004 data = xxxx
Block_Testbench.u_mem0.data_task: at time 35392689.0 ps INFO: READ @ DQS= bank = 0 row = 0000 col = 00000005 data = xxxx
Block_Testbench.u_mem0.data_task: at time 35393939.0 ps INFO: READ @ DQS= bank = 0 row = 0000 col = 00000006 data = xxxx
Block_Testbench.u_mem0.data_task: at time 35395189.0 ps INFO: READ @ DQS= bank = 0 row = 0000 col = 00000007 data = xxxx
Block_Testbench.u_mem0.data_task: at time 35396439.0 ps INFO: READ @ DQS= bank = 0 row = 0000 col = 00000008 data = xxxx
Block_Testbench.u_mem0.data_task: at time 35397689.0 ps INFO: READ @ DQS= bank = 0 row = 0000 col = 00000009 data = xxxx
Block_Testbench.u_mem0.data_task: at time 35398939.0 ps INFO: READ @ DQS= bank = 0 row = 0000 col = 0000000a data = xxxx
Block_Testbench.u_mem0.data_task: at time 35400189.0 ps INFO: READ @ DQS= bank = 0 row = 0000 col = 0000000b data = xxxx
Block_Testbench.u_mem0.data_task: at time 35401439.0 ps INFO: READ @ DQS= bank = 0 row = 0000 col = 0000000c data = xxxx
Block_Testbench.u_mem0.data_task: at time 35402689.0 ps INFO: READ @ DQS= bank = 0 row = 0000 col = 0000000d data = xxxx
Block_Testbench.u_mem0.data_task: at time 35403939.0 ps INFO: READ @ DQS= bank = 0 row = 0000 col = 0000000e data = xxxx
Block_Testbench.u_mem0.data_task: at time 35405189.0 ps INFO: READ @ DQS= bank = 0 row = 0000 col = 0000000f data = xxxx
Block_Testbench.u_mem0.cmd_task: at time 36682689.0 ps INFO: Read      bank 0 col 000, auto precharge 0
Block_Testbench.u_mem0.cmd_task: at time 36692689.0 ps INFO: Read      bank 0 col 008, auto precharge 0
Block_Testbench.u_mem0.data_task: at time 36696439.0 ps INFO: READ @ DQS= bank = 0 row = 0000 col = 00000000 data = xxxx
Block_Testbench.u_mem0.data_task: at time 36697689.0 ps INFO: READ @ DQS= bank = 0 row = 0000 col = 00000001 data = xxxx
Block_Testbench.u_mem0.data_task: at time 36698939.0 ps INFO: READ @ DQS= bank = 0 row = 0000 col = 00000002 data = xxxx
Block_Testbench.u_mem0.data_task: at time 36700189.0 ps INFO: READ @ DQS= bank = 0 row = 0000 col = 00000003 data = xxxx
Block_Testbench.u_mem0.data_task: at time 36701439.0 ps INFO: READ @ DQS= bank = 0 row = 0000 col = 00000004 data = xxxx
Block_Testbench.u_mem0.data_task: at time 36702689.0 ps INFO: READ @ DQS= bank = 0 row = 0000 col = 00000005 data = xxxx
Block_Testbench.u_mem0.cmd_task: at time 36702689.0 ps INFO: Read      bank 0 col 000, auto precharge 0
Block_Testbench.u_mem0.data_task: at time 36703939.0 ps INFO: READ @ DQS= bank = 0 row = 0000 col = 00000006 data = xxxx
Block_Testbench.u_mem0.data_task: at time 36705189.0 ps INFO: READ @ DQS= bank = 0 row = 0000 col = 00000007 data = xxxx
Block_Testbench.u_mem0.data_task: at time 36706439.0 ps INFO: READ @ DQS= bank = 0 row = 0000 col = 00000008 data = xxxx
Block_Testbench.u_mem0.data_task: at time 36707689.0 ps INFO: READ @ DQS= bank = 0 row = 0000 col = 00000009 data = xxxx
Block_Testbench.u_mem0.data_task: at time 36708939.0 ps INFO: READ @ DQS= bank = 0 row = 0000 col = 0000000a data = xxxx
Block_Testbench.u_mem0.data_task: at time 36710189.0 ps INFO: READ @ DQS= bank = 0 row = 0000 col = 0000000b data = xxxx
Block_Testbench.u_mem0.data_task: at time 36711439.0 ps INFO: READ @ DQS= bank = 0 row = 0000 col = 0000000c data = xxxx
Block_Testbench.u_mem0.data_task: at time 36712689.0 ps INFO: READ @ DQS= bank = 0 row = 0000 col = 0000000d data = xxxx
Block_Testbench.u_mem0.cmd_task: at time 36712689.0 ps INFO: Read      bank 0 col 008, auto precharge 0
Block_Testbench.u_mem0.data_task: at time 36713939.0 ps INFO: READ @ DQS= bank = 0 row = 0000 col = 0000000e data = xxxx
Block_Testbench.u_mem0.data_task: at time 36715189.0 ps INFO: READ @ DQS= bank = 0 row = 0000 col = 0000000f data = xxxx
Block_Testbench.u_mem0.data_task: at time 36716439.0 ps INFO: READ @ DQS= bank = 0 row = 0000 col = 00000000 data = xxxx
Block_Testbench.u_mem0.data_task: at time 36717689.0 ps INFO: READ @ DQS= bank = 0 row = 0000 col = 00000001 data = xxxx
Block_Testbench.u_mem0.data_task: at time 36718939.0 ps INFO: READ @ DQS= bank = 0 row = 0000 col = 00000002 data = xxxx
Block_Testbench.u_mem0.data_task: at time 36720189.0 ps INFO: READ @ DQS= bank = 0 row = 0000 col = 00000003 data = xxxx
Block_Testbench.u_mem0.data_task: at time 36721439.0 ps INFO: READ @ DQS= bank = 0 row = 0000 col = 00000004 data = xxxx
Block_Testbench.u_mem0.data_task: at time 36722689.0 ps INFO: READ @ DQS= bank = 0 row = 0000 col = 00000005 data = xxxx
Block_Testbench.u_mem0.data_task: at time 36723939.0 ps INFO: READ @ DQS= bank = 0 row = 0000 col = 00000006 data = xxxx
Block_Testbench.u_mem0.data_task: at time 36725189.0 ps INFO: READ @ DQS= bank = 0 row = 0000 col = 00000007 data = xxxx
Block_Testbench.u_mem0.data_task: at time 36726439.0 ps INFO: READ @ DQS= bank = 0 row = 0000 col = 00000008 data = xxxx
Block_Testbench.u_mem0.data_task: at time 36727689.0 ps INFO: READ @ DQS= bank = 0 row = 0000 col = 00000009 data = xxxx
Block_Testbench.u_mem0.data_task: at time 36728939.0 ps INFO: READ @ DQS= bank = 0 row = 0000 col = 0000000a data = xxxx
Block_Testbench.u_mem0.data_task: at time 36730189.0 ps INFO: READ @ DQS= bank = 0 row = 0000 col = 0000000b data = xxxx
Block_Testbench.u_mem0.data_task: at time 36731439.0 ps INFO: READ @ DQS= bank = 0 row = 0000 col = 0000000c data = xxxx
Block_Testbench.u_mem0.data_task: at time 36732689.0 ps INFO: READ @ DQS= bank = 0 row = 0000 col = 0000000d data = xxxx
Block_Testbench.u_mem0.data_task: at time 36733939.0 ps INFO: READ @ DQS= bank = 0 row = 0000 col = 0000000e data = xxxx
Block_Testbench.u_mem0.data_task: at time 36735189.0 ps INFO: READ @ DQS= bank = 0 row = 0000 col = 0000000f data = xxxx
Block_Testbench.u_mem0.cmd_task: at time 38012689.0 ps INFO: Read      bank 0 col 000, auto precharge 0
Block_Testbench.u_mem0.cmd_task: at time 38022689.0 ps INFO: Read      bank 0 col 008, auto precharge 0
Block_Testbench.u_mem0.data_task: at time 38026439.0 ps INFO: READ @ DQS= bank = 0 row = 0000 col = 00000000 data = xxxx
Block_Testbench.u_mem0.data_task: at time 38027689.0 ps INFO: READ @ DQS= bank = 0 row = 0000 col = 00000001 data = xxxx
Block_Testbench.u_mem0.data_task: at time 38028939.0 ps INFO: READ @ DQS= bank = 0 row = 0000 col = 00000002 data = xxxx
Block_Testbench.u_mem0.data_task: at time 38030189.0 ps INFO: READ @ DQS= bank = 0 row = 0000 col = 00000003 data = xxxx
Block_Testbench.u_mem0.data_task: at time 38031439.0 ps INFO: READ @ DQS= bank = 0 row = 0000 col = 00000004 data = xxxx
Block_Testbench.u_mem0.data_task: at time 38032689.0 ps INFO: READ @ DQS= bank = 0 row = 0000 col = 00000005 data = xxxx
Block_Testbench.u_mem0.cmd_task: at time 38032689.0 ps INFO: Read      bank 0 col 000, auto precharge 0
Block_Testbench.u_mem0.data_task: at time 38033939.0 ps INFO: READ @ DQS= bank = 0 row = 0000 col = 00000006 data = xxxx
Block_Testbench.u_mem0.data_task: at time 38035189.0 ps INFO: READ @ DQS= bank = 0 row = 0000 col = 00000007 data = xxxx
Block_Testbench.u_mem0.data_task: at time 38036439.0 ps INFO: READ @ DQS= bank = 0 row = 0000 col = 00000008 data = xxxx
Block_Testbench.u_mem0.data_task: at time 38037689.0 ps INFO: READ @ DQS= bank = 0 row = 0000 col = 00000009 data = xxxx
Block_Testbench.u_mem0.data_task: at time 38038939.0 ps INFO: READ @ DQS= bank = 0 row = 0000 col = 0000000a data = xxxx
Block_Testbench.u_mem0.data_task: at time 38040189.0 ps INFO: READ @ DQS= bank = 0 row = 0000 col = 0000000b data = xxxx
Block_Testbench.u_mem0.data_task: at time 38041439.0 ps INFO: READ @ DQS= bank = 0 row = 0000 col = 0000000c data = xxxx
Block_Testbench.u_mem0.data_task: at time 38042689.0 ps INFO: READ @ DQS= bank = 0 row = 0000 col = 0000000d data = xxxx
Block_Testbench.u_mem0.cmd_task: at time 38042689.0 ps INFO: Read      bank 0 col 008, auto precharge 0
Block_Testbench.u_mem0.data_task: at time 38043939.0 ps INFO: READ @ DQS= bank = 0 row = 0000 col = 0000000e data = xxxx
Block_Testbench.u_mem0.data_task: at time 38045189.0 ps INFO: READ @ DQS= bank = 0 row = 0000 col = 0000000f data = xxxx
Block_Testbench.u_mem0.data_task: at time 38046439.0 ps INFO: READ @ DQS= bank = 0 row = 0000 col = 00000000 data = xxxx
Block_Testbench.u_mem0.data_task: at time 38047689.0 ps INFO: READ @ DQS= bank = 0 row = 0000 col = 00000001 data = xxxx
Block_Testbench.u_mem0.data_task: at time 38048939.0 ps INFO: READ @ DQS= bank = 0 row = 0000 col = 00000002 data = xxxx
Block_Testbench.u_mem0.data_task: at time 38050189.0 ps INFO: READ @ DQS= bank = 0 row = 0000 col = 00000003 data = xxxx
Block_Testbench.u_mem0.data_task: at time 38051439.0 ps INFO: READ @ DQS= bank = 0 row = 0000 col = 00000004 data = xxxx
Block_Testbench.u_mem0.data_task: at time 38052689.0 ps INFO: READ @ DQS= bank = 0 row = 0000 col = 00000005 data = xxxx
Block_Testbench.u_mem0.data_task: at time 38053939.0 ps INFO: READ @ DQS= bank = 0 row = 0000 col = 00000006 data = xxxx
Block_Testbench.u_mem0.data_task: at time 38055189.0 ps INFO: READ @ DQS= bank = 0 row = 0000 col = 00000007 data = xxxx
Block_Testbench.u_mem0.data_task: at time 38056439.0 ps INFO: READ @ DQS= bank = 0 row = 0000 col = 00000008 data = xxxx
Block_Testbench.u_mem0.data_task: at time 38057689.0 ps INFO: READ @ DQS= bank = 0 row = 0000 col = 00000009 data = xxxx
Block_Testbench.u_mem0.data_task: at time 38058939.0 ps INFO: READ @ DQS= bank = 0 row = 0000 col = 0000000a data = xxxx
Block_Testbench.u_mem0.data_task: at time 38060189.0 ps INFO: READ @ DQS= bank = 0 row = 0000 col = 0000000b data = xxxx
Block_Testbench.u_mem0.data_task: at time 38061439.0 ps INFO: READ @ DQS= bank = 0 row = 0000 col = 0000000c data = xxxx
Block_Testbench.u_mem0.data_task: at time 38062689.0 ps INFO: READ @ DQS= bank = 0 row = 0000 col = 0000000d data = xxxx
Block_Testbench.u_mem0.data_task: at time 38063939.0 ps INFO: READ @ DQS= bank = 0 row = 0000 col = 0000000e data = xxxx
Block_Testbench.u_mem0.data_task: at time 38065189.0 ps INFO: READ @ DQS= bank = 0 row = 0000 col = 0000000f data = xxxx
Block_Testbench.u_mem0.cmd_task: at time 39342689.0 ps INFO: Read      bank 0 col 000, auto precharge 0
Block_Testbench.u_mem0.cmd_task: at time 39352689.0 ps INFO: Read      bank 0 col 008, auto precharge 0
Block_Testbench.u_mem0.data_task: at time 39356439.0 ps INFO: READ @ DQS= bank = 0 row = 0000 col = 00000000 data = xxxx
Block_Testbench.u_mem0.data_task: at time 39357689.0 ps INFO: READ @ DQS= bank = 0 row = 0000 col = 00000001 data = xxxx
Block_Testbench.u_mem0.data_task: at time 39358939.0 ps INFO: READ @ DQS= bank = 0 row = 0000 col = 00000002 data = xxxx
Block_Testbench.u_mem0.data_task: at time 39360189.0 ps INFO: READ @ DQS= bank = 0 row = 0000 col = 00000003 data = xxxx
Block_Testbench.u_mem0.data_task: at time 39361439.0 ps INFO: READ @ DQS= bank = 0 row = 0000 col = 00000004 data = xxxx
Block_Testbench.u_mem0.data_task: at time 39362689.0 ps INFO: READ @ DQS= bank = 0 row = 0000 col = 00000005 data = xxxx
Block_Testbench.u_mem0.cmd_task: at time 39362689.0 ps INFO: Read      bank 0 col 000, auto precharge 0
Block_Testbench.u_mem0.data_task: at time 39363939.0 ps INFO: READ @ DQS= bank = 0 row = 0000 col = 00000006 data = xxxx
Block_Testbench.u_mem0.data_task: at time 39365189.0 ps INFO: READ @ DQS= bank = 0 row = 0000 col = 00000007 data = xxxx
Block_Testbench.u_mem0.data_task: at time 39366439.0 ps INFO: READ @ DQS= bank = 0 row = 0000 col = 00000008 data = xxxx
Block_Testbench.u_mem0.data_task: at time 39367689.0 ps INFO: READ @ DQS= bank = 0 row = 0000 col = 00000009 data = xxxx
Block_Testbench.u_mem0.data_task: at time 39368939.0 ps INFO: READ @ DQS= bank = 0 row = 0000 col = 0000000a data = xxxx
Block_Testbench.u_mem0.data_task: at time 39370189.0 ps INFO: READ @ DQS= bank = 0 row = 0000 col = 0000000b data = xxxx
Block_Testbench.u_mem0.data_task: at time 39371439.0 ps INFO: READ @ DQS= bank = 0 row = 0000 col = 0000000c data = xxxx
Block_Testbench.u_mem0.data_task: at time 39372689.0 ps INFO: READ @ DQS= bank = 0 row = 0000 col = 0000000d data = xxxx
Block_Testbench.u_mem0.cmd_task: at time 39372689.0 ps INFO: Read      bank 0 col 008, auto precharge 0
Block_Testbench.u_mem0.data_task: at time 39373939.0 ps INFO: READ @ DQS= bank = 0 row = 0000 col = 0000000e data = xxxx
Block_Testbench.u_mem0.data_task: at time 39375189.0 ps INFO: READ @ DQS= bank = 0 row = 0000 col = 0000000f data = xxxx
Block_Testbench.u_mem0.data_task: at time 39376439.0 ps INFO: READ @ DQS= bank = 0 row = 0000 col = 00000000 data = xxxx
Block_Testbench.u_mem0.data_task: at time 39377689.0 ps INFO: READ @ DQS= bank = 0 row = 0000 col = 00000001 data = xxxx
Block_Testbench.u_mem0.data_task: at time 39378939.0 ps INFO: READ @ DQS= bank = 0 row = 0000 col = 00000002 data = xxxx
Block_Testbench.u_mem0.data_task: at time 39380189.0 ps INFO: READ @ DQS= bank = 0 row = 0000 col = 00000003 data = xxxx
Block_Testbench.u_mem0.data_task: at time 39381439.0 ps INFO: READ @ DQS= bank = 0 row = 0000 col = 00000004 data = xxxx
Block_Testbench.u_mem0.data_task: at time 39382689.0 ps INFO: READ @ DQS= bank = 0 row = 0000 col = 00000005 data = xxxx
Block_Testbench.u_mem0.data_task: at time 39383939.0 ps INFO: READ @ DQS= bank = 0 row = 0000 col = 00000006 data = xxxx
Block_Testbench.u_mem0.data_task: at time 39385189.0 ps INFO: READ @ DQS= bank = 0 row = 0000 col = 00000007 data = xxxx
Block_Testbench.u_mem0.data_task: at time 39386439.0 ps INFO: READ @ DQS= bank = 0 row = 0000 col = 00000008 data = xxxx
Block_Testbench.u_mem0.data_task: at time 39387689.0 ps INFO: READ @ DQS= bank = 0 row = 0000 col = 00000009 data = xxxx
Block_Testbench.u_mem0.data_task: at time 39388939.0 ps INFO: READ @ DQS= bank = 0 row = 0000 col = 0000000a data = xxxx
Block_Testbench.u_mem0.data_task: at time 39390189.0 ps INFO: READ @ DQS= bank = 0 row = 0000 col = 0000000b data = xxxx
Block_Testbench.u_mem0.data_task: at time 39391439.0 ps INFO: READ @ DQS= bank = 0 row = 0000 col = 0000000c data = xxxx
Block_Testbench.u_mem0.data_task: at time 39392689.0 ps INFO: READ @ DQS= bank = 0 row = 0000 col = 0000000d data = xxxx
Block_Testbench.u_mem0.data_task: at time 39393939.0 ps INFO: READ @ DQS= bank = 0 row = 0000 col = 0000000e data = xxxx
Block_Testbench.u_mem0.data_task: at time 39395189.0 ps INFO: READ @ DQS= bank = 0 row = 0000 col = 0000000f data = xxxx
Block_Testbench.u_mem0.cmd_task: at time 40672689.0 ps INFO: Read      bank 0 col 000, auto precharge 0
Block_Testbench.u_mem0.cmd_task: at time 40682689.0 ps INFO: Read      bank 0 col 008, auto precharge 0
Block_Testbench.u_mem0.data_task: at time 40686439.0 ps INFO: READ @ DQS= bank = 0 row = 0000 col = 00000000 data = xxxx
Block_Testbench.u_mem0.data_task: at time 40687689.0 ps INFO: READ @ DQS= bank = 0 row = 0000 col = 00000001 data = xxxx
Block_Testbench.u_mem0.data_task: at time 40688939.0 ps INFO: READ @ DQS= bank = 0 row = 0000 col = 00000002 data = xxxx
Block_Testbench.u_mem0.data_task: at time 40690189.0 ps INFO: READ @ DQS= bank = 0 row = 0000 col = 00000003 data = xxxx
Block_Testbench.u_mem0.data_task: at time 40691439.0 ps INFO: READ @ DQS= bank = 0 row = 0000 col = 00000004 data = xxxx
Block_Testbench.u_mem0.data_task: at time 40692689.0 ps INFO: READ @ DQS= bank = 0 row = 0000 col = 00000005 data = xxxx
Block_Testbench.u_mem0.cmd_task: at time 40692689.0 ps INFO: Read      bank 0 col 000, auto precharge 0
Block_Testbench.u_mem0.data_task: at time 40693939.0 ps INFO: READ @ DQS= bank = 0 row = 0000 col = 00000006 data = xxxx
Block_Testbench.u_mem0.data_task: at time 40695189.0 ps INFO: READ @ DQS= bank = 0 row = 0000 col = 00000007 data = xxxx
Block_Testbench.u_mem0.data_task: at time 40696439.0 ps INFO: READ @ DQS= bank = 0 row = 0000 col = 00000008 data = xxxx
Block_Testbench.u_mem0.data_task: at time 40697689.0 ps INFO: READ @ DQS= bank = 0 row = 0000 col = 00000009 data = xxxx
Block_Testbench.u_mem0.data_task: at time 40698939.0 ps INFO: READ @ DQS= bank = 0 row = 0000 col = 0000000a data = xxxx
Block_Testbench.u_mem0.data_task: at time 40700189.0 ps INFO: READ @ DQS= bank = 0 row = 0000 col = 0000000b data = xxxx
Block_Testbench.u_mem0.data_task: at time 40701439.0 ps INFO: READ @ DQS= bank = 0 row = 0000 col = 0000000c data = xxxx
Block_Testbench.u_mem0.data_task: at time 40702689.0 ps INFO: READ @ DQS= bank = 0 row = 0000 col = 0000000d data = xxxx
Block_Testbench.u_mem0.cmd_task: at time 40702689.0 ps INFO: Read      bank 0 col 008, auto precharge 0
Block_Testbench.u_mem0.data_task: at time 40703939.0 ps INFO: READ @ DQS= bank = 0 row = 0000 col = 0000000e data = xxxx
Block_Testbench.u_mem0.data_task: at time 40705189.0 ps INFO: READ @ DQS= bank = 0 row = 0000 col = 0000000f data = xxxx
Block_Testbench.u_mem0.data_task: at time 40706439.0 ps INFO: READ @ DQS= bank = 0 row = 0000 col = 00000000 data = xxxx
Block_Testbench.u_mem0.data_task: at time 40707689.0 ps INFO: READ @ DQS= bank = 0 row = 0000 col = 00000001 data = xxxx
Block_Testbench.u_mem0.data_task: at time 40708939.0 ps INFO: READ @ DQS= bank = 0 row = 0000 col = 00000002 data = xxxx
Block_Testbench.u_mem0.data_task: at time 40710189.0 ps INFO: READ @ DQS= bank = 0 row = 0000 col = 00000003 data = xxxx
Block_Testbench.u_mem0.data_task: at time 40711439.0 ps INFO: READ @ DQS= bank = 0 row = 0000 col = 00000004 data = xxxx
Block_Testbench.u_mem0.data_task: at time 40712689.0 ps INFO: READ @ DQS= bank = 0 row = 0000 col = 00000005 data = xxxx
Block_Testbench.u_mem0.data_task: at time 40713939.0 ps INFO: READ @ DQS= bank = 0 row = 0000 col = 00000006 data = xxxx
Block_Testbench.u_mem0.data_task: at time 40715189.0 ps INFO: READ @ DQS= bank = 0 row = 0000 col = 00000007 data = xxxx
Block_Testbench.u_mem0.data_task: at time 40716439.0 ps INFO: READ @ DQS= bank = 0 row = 0000 col = 00000008 data = xxxx
Block_Testbench.u_mem0.data_task: at time 40717689.0 ps INFO: READ @ DQS= bank = 0 row = 0000 col = 00000009 data = xxxx
Block_Testbench.u_mem0.data_task: at time 40718939.0 ps INFO: READ @ DQS= bank = 0 row = 0000 col = 0000000a data = xxxx
Block_Testbench.u_mem0.data_task: at time 40720189.0 ps INFO: READ @ DQS= bank = 0 row = 0000 col = 0000000b data = xxxx
Block_Testbench.u_mem0.data_task: at time 40721439.0 ps INFO: READ @ DQS= bank = 0 row = 0000 col = 0000000c data = xxxx
Block_Testbench.u_mem0.data_task: at time 40722689.0 ps INFO: READ @ DQS= bank = 0 row = 0000 col = 0000000d data = xxxx
Block_Testbench.u_mem0.data_task: at time 40723939.0 ps INFO: READ @ DQS= bank = 0 row = 0000 col = 0000000e data = xxxx
Block_Testbench.u_mem0.data_task: at time 40725189.0 ps INFO: READ @ DQS= bank = 0 row = 0000 col = 0000000f data = xxxx
Block_Testbench.u_mem0.cmd_task: at time 42002689.0 ps INFO: Read      bank 0 col 000, auto precharge 0
Block_Testbench.u_mem0.cmd_task: at time 42012689.0 ps INFO: Read      bank 0 col 008, auto precharge 0
Block_Testbench.u_mem0.data_task: at time 42016439.0 ps INFO: READ @ DQS= bank = 0 row = 0000 col = 00000000 data = xxxx
Block_Testbench.u_mem0.data_task: at time 42017689.0 ps INFO: READ @ DQS= bank = 0 row = 0000 col = 00000001 data = xxxx
Block_Testbench.u_mem0.data_task: at time 42018939.0 ps INFO: READ @ DQS= bank = 0 row = 0000 col = 00000002 data = xxxx
Block_Testbench.u_mem0.data_task: at time 42020189.0 ps INFO: READ @ DQS= bank = 0 row = 0000 col = 00000003 data = xxxx
Block_Testbench.u_mem0.data_task: at time 42021439.0 ps INFO: READ @ DQS= bank = 0 row = 0000 col = 00000004 data = xxxx
Block_Testbench.u_mem0.data_task: at time 42022689.0 ps INFO: READ @ DQS= bank = 0 row = 0000 col = 00000005 data = xxxx
Block_Testbench.u_mem0.cmd_task: at time 42022689.0 ps INFO: Read      bank 0 col 000, auto precharge 0
Block_Testbench.u_mem0.data_task: at time 42023939.0 ps INFO: READ @ DQS= bank = 0 row = 0000 col = 00000006 data = xxxx
Block_Testbench.u_mem0.data_task: at time 42025189.0 ps INFO: READ @ DQS= bank = 0 row = 0000 col = 00000007 data = xxxx
Block_Testbench.u_mem0.data_task: at time 42026439.0 ps INFO: READ @ DQS= bank = 0 row = 0000 col = 00000008 data = xxxx
Block_Testbench.u_mem0.data_task: at time 42027689.0 ps INFO: READ @ DQS= bank = 0 row = 0000 col = 00000009 data = xxxx
Block_Testbench.u_mem0.data_task: at time 42028939.0 ps INFO: READ @ DQS= bank = 0 row = 0000 col = 0000000a data = xxxx
Block_Testbench.u_mem0.data_task: at time 42030189.0 ps INFO: READ @ DQS= bank = 0 row = 0000 col = 0000000b data = xxxx
Block_Testbench.u_mem0.data_task: at time 42031439.0 ps INFO: READ @ DQS= bank = 0 row = 0000 col = 0000000c data = xxxx
Block_Testbench.u_mem0.data_task: at time 42032689.0 ps INFO: READ @ DQS= bank = 0 row = 0000 col = 0000000d data = xxxx
Block_Testbench.u_mem0.cmd_task: at time 42032689.0 ps INFO: Read      bank 0 col 008, auto precharge 0
Block_Testbench.u_mem0.data_task: at time 42033939.0 ps INFO: READ @ DQS= bank = 0 row = 0000 col = 0000000e data = xxxx
Block_Testbench.u_mem0.data_task: at time 42035189.0 ps INFO: READ @ DQS= bank = 0 row = 0000 col = 0000000f data = xxxx
Block_Testbench.u_mem0.data_task: at time 42036439.0 ps INFO: READ @ DQS= bank = 0 row = 0000 col = 00000000 data = xxxx
Block_Testbench.u_mem0.data_task: at time 42037689.0 ps INFO: READ @ DQS= bank = 0 row = 0000 col = 00000001 data = xxxx
Block_Testbench.u_mem0.data_task: at time 42038939.0 ps INFO: READ @ DQS= bank = 0 row = 0000 col = 00000002 data = xxxx
Block_Testbench.u_mem0.data_task: at time 42040189.0 ps INFO: READ @ DQS= bank = 0 row = 0000 col = 00000003 data = xxxx
Block_Testbench.u_mem0.data_task: at time 42041439.0 ps INFO: READ @ DQS= bank = 0 row = 0000 col = 00000004 data = xxxx
Block_Testbench.u_mem0.data_task: at time 42042689.0 ps INFO: READ @ DQS= bank = 0 row = 0000 col = 00000005 data = xxxx
Block_Testbench.u_mem0.data_task: at time 42043939.0 ps INFO: READ @ DQS= bank = 0 row = 0000 col = 00000006 data = xxxx
Block_Testbench.u_mem0.data_task: at time 42045189.0 ps INFO: READ @ DQS= bank = 0 row = 0000 col = 00000007 data = xxxx
Block_Testbench.u_mem0.data_task: at time 42046439.0 ps INFO: READ @ DQS= bank = 0 row = 0000 col = 00000008 data = xxxx
Block_Testbench.u_mem0.data_task: at time 42047689.0 ps INFO: READ @ DQS= bank = 0 row = 0000 col = 00000009 data = xxxx
Block_Testbench.u_mem0.data_task: at time 42048939.0 ps INFO: READ @ DQS= bank = 0 row = 0000 col = 0000000a data = xxxx
Block_Testbench.u_mem0.data_task: at time 42050189.0 ps INFO: READ @ DQS= bank = 0 row = 0000 col = 0000000b data = xxxx
Block_Testbench.u_mem0.data_task: at time 42051439.0 ps INFO: READ @ DQS= bank = 0 row = 0000 col = 0000000c data = xxxx
Block_Testbench.u_mem0.data_task: at time 42052689.0 ps INFO: READ @ DQS= bank = 0 row = 0000 col = 0000000d data = xxxx
Block_Testbench.u_mem0.data_task: at time 42053939.0 ps INFO: READ @ DQS= bank = 0 row = 0000 col = 0000000e data = xxxx
Block_Testbench.u_mem0.data_task: at time 42055189.0 ps INFO: READ @ DQS= bank = 0 row = 0000 col = 0000000f data = xxxx
Block_Testbench.u_mem0.cmd_task: at time 43332689.0 ps INFO: Read      bank 0 col 000, auto precharge 0
Block_Testbench.u_mem0.cmd_task: at time 43342689.0 ps INFO: Read      bank 0 col 008, auto precharge 0
Block_Testbench.u_mem0.data_task: at time 43346439.0 ps INFO: READ @ DQS= bank = 0 row = 0000 col = 00000000 data = xxxx
Block_Testbench.u_mem0.data_task: at time 43347689.0 ps INFO: READ @ DQS= bank = 0 row = 0000 col = 00000001 data = xxxx
Block_Testbench.u_mem0.data_task: at time 43348939.0 ps INFO: READ @ DQS= bank = 0 row = 0000 col = 00000002 data = xxxx
Block_Testbench.u_mem0.data_task: at time 43350189.0 ps INFO: READ @ DQS= bank = 0 row = 0000 col = 00000003 data = xxxx
Block_Testbench.u_mem0.data_task: at time 43351439.0 ps INFO: READ @ DQS= bank = 0 row = 0000 col = 00000004 data = xxxx
Block_Testbench.u_mem0.data_task: at time 43352689.0 ps INFO: READ @ DQS= bank = 0 row = 0000 col = 00000005 data = xxxx
Block_Testbench.u_mem0.cmd_task: at time 43352689.0 ps INFO: Read      bank 0 col 000, auto precharge 0
Block_Testbench.u_mem0.data_task: at time 43353939.0 ps INFO: READ @ DQS= bank = 0 row = 0000 col = 00000006 data = xxxx
Block_Testbench.u_mem0.data_task: at time 43355189.0 ps INFO: READ @ DQS= bank = 0 row = 0000 col = 00000007 data = xxxx
Block_Testbench.u_mem0.data_task: at time 43356439.0 ps INFO: READ @ DQS= bank = 0 row = 0000 col = 00000008 data = xxxx
Block_Testbench.u_mem0.data_task: at time 43357689.0 ps INFO: READ @ DQS= bank = 0 row = 0000 col = 00000009 data = xxxx
Block_Testbench.u_mem0.data_task: at time 43358939.0 ps INFO: READ @ DQS= bank = 0 row = 0000 col = 0000000a data = xxxx
Block_Testbench.u_mem0.data_task: at time 43360189.0 ps INFO: READ @ DQS= bank = 0 row = 0000 col = 0000000b data = xxxx
Block_Testbench.u_mem0.data_task: at time 43361439.0 ps INFO: READ @ DQS= bank = 0 row = 0000 col = 0000000c data = xxxx
Block_Testbench.u_mem0.data_task: at time 43362689.0 ps INFO: READ @ DQS= bank = 0 row = 0000 col = 0000000d data = xxxx
Block_Testbench.u_mem0.cmd_task: at time 43362689.0 ps INFO: Read      bank 0 col 008, auto precharge 0
Block_Testbench.u_mem0.data_task: at time 43363939.0 ps INFO: READ @ DQS= bank = 0 row = 0000 col = 0000000e data = xxxx
Block_Testbench.u_mem0.data_task: at time 43365189.0 ps INFO: READ @ DQS= bank = 0 row = 0000 col = 0000000f data = xxxx
Block_Testbench.u_mem0.data_task: at time 43366439.0 ps INFO: READ @ DQS= bank = 0 row = 0000 col = 00000000 data = xxxx
Block_Testbench.u_mem0.data_task: at time 43367689.0 ps INFO: READ @ DQS= bank = 0 row = 0000 col = 00000001 data = xxxx
Block_Testbench.u_mem0.data_task: at time 43368939.0 ps INFO: READ @ DQS= bank = 0 row = 0000 col = 00000002 data = xxxx
Block_Testbench.u_mem0.data_task: at time 43370189.0 ps INFO: READ @ DQS= bank = 0 row = 0000 col = 00000003 data = xxxx
Block_Testbench.u_mem0.data_task: at time 43371439.0 ps INFO: READ @ DQS= bank = 0 row = 0000 col = 00000004 data = xxxx
Block_Testbench.u_mem0.data_task: at time 43372689.0 ps INFO: READ @ DQS= bank = 0 row = 0000 col = 00000005 data = xxxx
Block_Testbench.u_mem0.data_task: at time 43373939.0 ps INFO: READ @ DQS= bank = 0 row = 0000 col = 00000006 data = xxxx
Block_Testbench.u_mem0.data_task: at time 43375189.0 ps INFO: READ @ DQS= bank = 0 row = 0000 col = 00000007 data = xxxx
Block_Testbench.u_mem0.data_task: at time 43376439.0 ps INFO: READ @ DQS= bank = 0 row = 0000 col = 00000008 data = xxxx
Block_Testbench.u_mem0.data_task: at time 43377689.0 ps INFO: READ @ DQS= bank = 0 row = 0000 col = 00000009 data = xxxx
Block_Testbench.u_mem0.data_task: at time 43378939.0 ps INFO: READ @ DQS= bank = 0 row = 0000 col = 0000000a data = xxxx
Block_Testbench.u_mem0.data_task: at time 43380189.0 ps INFO: READ @ DQS= bank = 0 row = 0000 col = 0000000b data = xxxx
Block_Testbench.u_mem0.data_task: at time 43381439.0 ps INFO: READ @ DQS= bank = 0 row = 0000 col = 0000000c data = xxxx
Block_Testbench.u_mem0.data_task: at time 43382689.0 ps INFO: READ @ DQS= bank = 0 row = 0000 col = 0000000d data = xxxx
Block_Testbench.u_mem0.data_task: at time 43383939.0 ps INFO: READ @ DQS= bank = 0 row = 0000 col = 0000000e data = xxxx
Block_Testbench.u_mem0.data_task: at time 43385189.0 ps INFO: READ @ DQS= bank = 0 row = 0000 col = 0000000f data = xxxx
Block_Testbench.u_mem0.cmd_task: at time 44662689.0 ps INFO: Read      bank 0 col 000, auto precharge 0
Block_Testbench.u_mem0.cmd_task: at time 44672689.0 ps INFO: Read      bank 0 col 008, auto precharge 0
Block_Testbench.u_mem0.data_task: at time 44676439.0 ps INFO: READ @ DQS= bank = 0 row = 0000 col = 00000000 data = xxxx
Block_Testbench.u_mem0.data_task: at time 44677689.0 ps INFO: READ @ DQS= bank = 0 row = 0000 col = 00000001 data = xxxx
Block_Testbench.u_mem0.data_task: at time 44678939.0 ps INFO: READ @ DQS= bank = 0 row = 0000 col = 00000002 data = xxxx
Block_Testbench.u_mem0.data_task: at time 44680189.0 ps INFO: READ @ DQS= bank = 0 row = 0000 col = 00000003 data = xxxx
Block_Testbench.u_mem0.data_task: at time 44681439.0 ps INFO: READ @ DQS= bank = 0 row = 0000 col = 00000004 data = xxxx
Block_Testbench.u_mem0.data_task: at time 44682689.0 ps INFO: READ @ DQS= bank = 0 row = 0000 col = 00000005 data = xxxx
Block_Testbench.u_mem0.cmd_task: at time 44682689.0 ps INFO: Read      bank 0 col 000, auto precharge 0
Block_Testbench.u_mem0.data_task: at time 44683939.0 ps INFO: READ @ DQS= bank = 0 row = 0000 col = 00000006 data = xxxx
Block_Testbench.u_mem0.data_task: at time 44685189.0 ps INFO: READ @ DQS= bank = 0 row = 0000 col = 00000007 data = xxxx
Block_Testbench.u_mem0.data_task: at time 44686439.0 ps INFO: READ @ DQS= bank = 0 row = 0000 col = 00000008 data = xxxx
Block_Testbench.u_mem0.data_task: at time 44687689.0 ps INFO: READ @ DQS= bank = 0 row = 0000 col = 00000009 data = xxxx
Block_Testbench.u_mem0.data_task: at time 44688939.0 ps INFO: READ @ DQS= bank = 0 row = 0000 col = 0000000a data = xxxx
Block_Testbench.u_mem0.data_task: at time 44690189.0 ps INFO: READ @ DQS= bank = 0 row = 0000 col = 0000000b data = xxxx
Block_Testbench.u_mem0.data_task: at time 44691439.0 ps INFO: READ @ DQS= bank = 0 row = 0000 col = 0000000c data = xxxx
Block_Testbench.u_mem0.data_task: at time 44692689.0 ps INFO: READ @ DQS= bank = 0 row = 0000 col = 0000000d data = xxxx
Block_Testbench.u_mem0.cmd_task: at time 44692689.0 ps INFO: Read      bank 0 col 008, auto precharge 0
Block_Testbench.u_mem0.data_task: at time 44693939.0 ps INFO: READ @ DQS= bank = 0 row = 0000 col = 0000000e data = xxxx
Block_Testbench.u_mem0.data_task: at time 44695189.0 ps INFO: READ @ DQS= bank = 0 row = 0000 col = 0000000f data = xxxx
Block_Testbench.u_mem0.data_task: at time 44696439.0 ps INFO: READ @ DQS= bank = 0 row = 0000 col = 00000000 data = xxxx
Block_Testbench.u_mem0.data_task: at time 44697689.0 ps INFO: READ @ DQS= bank = 0 row = 0000 col = 00000001 data = xxxx
Block_Testbench.u_mem0.data_task: at time 44698939.0 ps INFO: READ @ DQS= bank = 0 row = 0000 col = 00000002 data = xxxx
Block_Testbench.u_mem0.data_task: at time 44700189.0 ps INFO: READ @ DQS= bank = 0 row = 0000 col = 00000003 data = xxxx
Block_Testbench.u_mem0.data_task: at time 44701439.0 ps INFO: READ @ DQS= bank = 0 row = 0000 col = 00000004 data = xxxx
Block_Testbench.u_mem0.data_task: at time 44702689.0 ps INFO: READ @ DQS= bank = 0 row = 0000 col = 00000005 data = xxxx
Block_Testbench.u_mem0.data_task: at time 44703939.0 ps INFO: READ @ DQS= bank = 0 row = 0000 col = 00000006 data = xxxx
Block_Testbench.u_mem0.data_task: at time 44705189.0 ps INFO: READ @ DQS= bank = 0 row = 0000 col = 00000007 data = xxxx
Block_Testbench.u_mem0.data_task: at time 44706439.0 ps INFO: READ @ DQS= bank = 0 row = 0000 col = 00000008 data = xxxx
Block_Testbench.u_mem0.data_task: at time 44707689.0 ps INFO: READ @ DQS= bank = 0 row = 0000 col = 00000009 data = xxxx
Block_Testbench.u_mem0.data_task: at time 44708939.0 ps INFO: READ @ DQS= bank = 0 row = 0000 col = 0000000a data = xxxx
Block_Testbench.u_mem0.data_task: at time 44710189.0 ps INFO: READ @ DQS= bank = 0 row = 0000 col = 0000000b data = xxxx
Block_Testbench.u_mem0.data_task: at time 44711439.0 ps INFO: READ @ DQS= bank = 0 row = 0000 col = 0000000c data = xxxx
Block_Testbench.u_mem0.data_task: at time 44712689.0 ps INFO: READ @ DQS= bank = 0 row = 0000 col = 0000000d data = xxxx
Block_Testbench.u_mem0.data_task: at time 44713939.0 ps INFO: READ @ DQS= bank = 0 row = 0000 col = 0000000e data = xxxx
Block_Testbench.u_mem0.data_task: at time 44715189.0 ps INFO: READ @ DQS= bank = 0 row = 0000 col = 0000000f data = xxxx
PHY_INIT: Phaser_In DQSFOUND completed at 44804475.0 ps
Block_Testbench.u_mem0.cmd_task: at time 45992689.0 ps INFO: Precharge All
Block_Testbench.u_mem0.cmd_task: at time 45992689.0 ps INFO: Precharge bank   0
Block_Testbench.u_mem0.cmd_task: at time 47292689.0 ps INFO: Refresh  
Block_Testbench.u_mem0.cmd_task: at time 48592689.0 ps INFO: Load Mode 1
Block_Testbench.u_mem0.cmd_task: at time 48592689.0 ps INFO: Load Mode 1 DLL Enable = Enabled
Block_Testbench.u_mem0.cmd_task: at time 48592689.0 ps INFO: Load Mode 1 Output Drive Strength =          34 Ohm
Block_Testbench.u_mem0.cmd_task: at time 48592689.0 ps INFO: Load Mode 1 ODT Rtt =          60 Ohm
Block_Testbench.u_mem0.cmd_task: at time 48592689.0 ps INFO: Load Mode 1 Additive Latency = 0
Block_Testbench.u_mem0.cmd_task: at time 48592689.0 ps INFO: Load Mode 1 Write Levelization = Enabled
Block_Testbench.u_mem0.cmd_task: at time 48592689.0 ps INFO: Load Mode 1 TDQS Enable = Disabled
Block_Testbench.u_mem0.cmd_task: at time 48592689.0 ps INFO: Load Mode 1 Qoff = Enabled
Block_Testbench.u_mem0.main: at time 48727689.0 ps INFO: Sync On Die Termination Rtt_NOM =         60 Ohm
Block_Testbench.u_mem0.dqs_pos_timing_check: at time 48991611.0 ps WARNING: tWLS violation on DQS bit  0 positive edge.  Indeterminate CK capture is possible.
Block_Testbench.u_mem0.dqs_pos_timing_check: at time 48991611.0 ps Write Leveling @ DQS ck = 0
Block_Testbench.u_mem0.dqs_pos_timing_check: at time 48991611.0 ps WARNING: tWLS violation on DQS bit  1 positive edge.  Indeterminate CK capture is possible.
Block_Testbench.u_mem0.dqs_pos_timing_check: at time 48991611.0 ps Write Leveling @ DQS ck = 0
Block_Testbench.u_mem0.dqs_pos_timing_check: at time 48994111.0 ps WARNING: tWLS violation on DQS bit  0 positive edge.  Indeterminate CK capture is possible.
Block_Testbench.u_mem0.dqs_pos_timing_check: at time 48994111.0 ps Write Leveling @ DQS ck = 0
Block_Testbench.u_mem0.dqs_pos_timing_check: at time 48994111.0 ps WARNING: tWLS violation on DQS bit  1 positive edge.  Indeterminate CK capture is possible.
Block_Testbench.u_mem0.dqs_pos_timing_check: at time 48994111.0 ps Write Leveling @ DQS ck = 0
Block_Testbench.u_mem0.dqs_pos_timing_check: at time 48996611.0 ps WARNING: tWLS violation on DQS bit  0 positive edge.  Indeterminate CK capture is possible.
Block_Testbench.u_mem0.dqs_pos_timing_check: at time 48996611.0 ps Write Leveling @ DQS ck = 0
Block_Testbench.u_mem0.dqs_pos_timing_check: at time 48996611.0 ps WARNING: tWLS violation on DQS bit  1 positive edge.  Indeterminate CK capture is possible.
Block_Testbench.u_mem0.dqs_pos_timing_check: at time 48996611.0 ps Write Leveling @ DQS ck = 0
Block_Testbench.u_mem0.dqs_pos_timing_check: at time 48999111.0 ps WARNING: tWLS violation on DQS bit  0 positive edge.  Indeterminate CK capture is possible.
Block_Testbench.u_mem0.dqs_pos_timing_check: at time 48999111.0 ps Write Leveling @ DQS ck = 0
Block_Testbench.u_mem0.dqs_pos_timing_check: at time 48999111.0 ps WARNING: tWLS violation on DQS bit  1 positive edge.  Indeterminate CK capture is possible.
Block_Testbench.u_mem0.dqs_pos_timing_check: at time 48999111.0 ps Write Leveling @ DQS ck = 0
Block_Testbench.u_mem0.dqs_pos_timing_check: at time 49001611.0 ps WARNING: tWLS violation on DQS bit  0 positive edge.  Indeterminate CK capture is possible.
Block_Testbench.u_mem0.dqs_pos_timing_check: at time 49001611.0 ps Write Leveling @ DQS ck = 0
Block_Testbench.u_mem0.dqs_pos_timing_check: at time 49001611.0 ps WARNING: tWLS violation on DQS bit  1 positive edge.  Indeterminate CK capture is possible.
Block_Testbench.u_mem0.dqs_pos_timing_check: at time 49001611.0 ps Write Leveling @ DQS ck = 0
Block_Testbench.u_mem0.dqs_pos_timing_check: at time 49121611.0 ps WARNING: tWLS violation on DQS bit  0 positive edge.  Indeterminate CK capture is possible.
Block_Testbench.u_mem0.dqs_pos_timing_check: at time 49121611.0 ps Write Leveling @ DQS ck = 0
Block_Testbench.u_mem0.dqs_pos_timing_check: at time 49121611.0 ps WARNING: tWLS violation on DQS bit  1 positive edge.  Indeterminate CK capture is possible.
Block_Testbench.u_mem0.dqs_pos_timing_check: at time 49121611.0 ps Write Leveling @ DQS ck = 0
Block_Testbench.u_mem0.dqs_pos_timing_check: at time 49124111.0 ps WARNING: tWLS violation on DQS bit  0 positive edge.  Indeterminate CK capture is possible.
Block_Testbench.u_mem0.dqs_pos_timing_check: at time 49124111.0 ps Write Leveling @ DQS ck = 0
Block_Testbench.u_mem0.dqs_pos_timing_check: at time 49124111.0 ps WARNING: tWLS violation on DQS bit  1 positive edge.  Indeterminate CK capture is possible.
Block_Testbench.u_mem0.dqs_pos_timing_check: at time 49124111.0 ps Write Leveling @ DQS ck = 0
Block_Testbench.u_mem0.dqs_pos_timing_check: at time 49126611.0 ps WARNING: tWLS violation on DQS bit  0 positive edge.  Indeterminate CK capture is possible.
Block_Testbench.u_mem0.dqs_pos_timing_check: at time 49126611.0 ps Write Leveling @ DQS ck = 0
Block_Testbench.u_mem0.dqs_pos_timing_check: at time 49126611.0 ps WARNING: tWLS violation on DQS bit  1 positive edge.  Indeterminate CK capture is possible.
Block_Testbench.u_mem0.dqs_pos_timing_check: at time 49126611.0 ps Write Leveling @ DQS ck = 0
Block_Testbench.u_mem0.dqs_pos_timing_check: at time 49129111.0 ps WARNING: tWLS violation on DQS bit  0 positive edge.  Indeterminate CK capture is possible.
Block_Testbench.u_mem0.dqs_pos_timing_check: at time 49129111.0 ps Write Leveling @ DQS ck = 0
Block_Testbench.u_mem0.dqs_pos_timing_check: at time 49129111.0 ps WARNING: tWLS violation on DQS bit  1 positive edge.  Indeterminate CK capture is possible.
Block_Testbench.u_mem0.dqs_pos_timing_check: at time 49129111.0 ps Write Leveling @ DQS ck = 0
Block_Testbench.u_mem0.dqs_pos_timing_check: at time 49131611.0 ps WARNING: tWLS violation on DQS bit  0 positive edge.  Indeterminate CK capture is possible.
Block_Testbench.u_mem0.dqs_pos_timing_check: at time 49131611.0 ps Write Leveling @ DQS ck = 0
Block_Testbench.u_mem0.dqs_pos_timing_check: at time 49131611.0 ps WARNING: tWLS violation on DQS bit  1 positive edge.  Indeterminate CK capture is possible.
Block_Testbench.u_mem0.dqs_pos_timing_check: at time 49131611.0 ps Write Leveling @ DQS ck = 0
Block_Testbench.u_mem0.dqs_pos_timing_check: at time 49251611.0 ps WARNING: tWLS violation on DQS bit  0 positive edge.  Indeterminate CK capture is possible.
Block_Testbench.u_mem0.dqs_pos_timing_check: at time 49251611.0 ps Write Leveling @ DQS ck = 0
Block_Testbench.u_mem0.dqs_pos_timing_check: at time 49251611.0 ps WARNING: tWLS violation on DQS bit  1 positive edge.  Indeterminate CK capture is possible.
Block_Testbench.u_mem0.dqs_pos_timing_check: at time 49251611.0 ps Write Leveling @ DQS ck = 0
Block_Testbench.u_mem0.dqs_pos_timing_check: at time 49254111.0 ps WARNING: tWLS violation on DQS bit  0 positive edge.  Indeterminate CK capture is possible.
Block_Testbench.u_mem0.dqs_pos_timing_check: at time 49254111.0 ps Write Leveling @ DQS ck = 0
Block_Testbench.u_mem0.dqs_pos_timing_check: at time 49254111.0 ps WARNING: tWLS violation on DQS bit  1 positive edge.  Indeterminate CK capture is possible.
Block_Testbench.u_mem0.dqs_pos_timing_check: at time 49254111.0 ps Write Leveling @ DQS ck = 0
Block_Testbench.u_mem0.dqs_pos_timing_check: at time 49256611.0 ps WARNING: tWLS violation on DQS bit  0 positive edge.  Indeterminate CK capture is possible.
Block_Testbench.u_mem0.dqs_pos_timing_check: at time 49256611.0 ps Write Leveling @ DQS ck = 0
Block_Testbench.u_mem0.dqs_pos_timing_check: at time 49256611.0 ps WARNING: tWLS violation on DQS bit  1 positive edge.  Indeterminate CK capture is possible.
Block_Testbench.u_mem0.dqs_pos_timing_check: at time 49256611.0 ps Write Leveling @ DQS ck = 0
Block_Testbench.u_mem0.dqs_pos_timing_check: at time 49259111.0 ps WARNING: tWLS violation on DQS bit  0 positive edge.  Indeterminate CK capture is possible.
Block_Testbench.u_mem0.dqs_pos_timing_check: at time 49259111.0 ps Write Leveling @ DQS ck = 0
Block_Testbench.u_mem0.dqs_pos_timing_check: at time 49259111.0 ps WARNING: tWLS violation on DQS bit  1 positive edge.  Indeterminate CK capture is possible.
Block_Testbench.u_mem0.dqs_pos_timing_check: at time 49259111.0 ps Write Leveling @ DQS ck = 0
Block_Testbench.u_mem0.dqs_pos_timing_check: at time 49261611.0 ps WARNING: tWLS violation on DQS bit  0 positive edge.  Indeterminate CK capture is possible.
Block_Testbench.u_mem0.dqs_pos_timing_check: at time 49261611.0 ps Write Leveling @ DQS ck = 0
Block_Testbench.u_mem0.dqs_pos_timing_check: at time 49261611.0 ps WARNING: tWLS violation on DQS bit  1 positive edge.  Indeterminate CK capture is possible.
Block_Testbench.u_mem0.dqs_pos_timing_check: at time 49261611.0 ps Write Leveling @ DQS ck = 0
Block_Testbench.u_mem0.dqs_pos_timing_check: at time 49381630.0 ps WARNING: tWLS violation on DQS bit  0 positive edge.  Indeterminate CK capture is possible.
Block_Testbench.u_mem0.dqs_pos_timing_check: at time 49381630.0 ps Write Leveling @ DQS ck = 0
Block_Testbench.u_mem0.dqs_pos_timing_check: at time 49381630.0 ps WARNING: tWLS violation on DQS bit  1 positive edge.  Indeterminate CK capture is possible.
Block_Testbench.u_mem0.dqs_pos_timing_check: at time 49381630.0 ps Write Leveling @ DQS ck = 0
Block_Testbench.u_mem0.dqs_pos_timing_check: at time 49384130.0 ps WARNING: tWLS violation on DQS bit  0 positive edge.  Indeterminate CK capture is possible.
Block_Testbench.u_mem0.dqs_pos_timing_check: at time 49384130.0 ps Write Leveling @ DQS ck = 0
Block_Testbench.u_mem0.dqs_pos_timing_check: at time 49384130.0 ps WARNING: tWLS violation on DQS bit  1 positive edge.  Indeterminate CK capture is possible.
Block_Testbench.u_mem0.dqs_pos_timing_check: at time 49384130.0 ps Write Leveling @ DQS ck = 0
Block_Testbench.u_mem0.dqs_pos_timing_check: at time 49386630.0 ps WARNING: tWLS violation on DQS bit  0 positive edge.  Indeterminate CK capture is possible.
Block_Testbench.u_mem0.dqs_pos_timing_check: at time 49386630.0 ps Write Leveling @ DQS ck = 0
Block_Testbench.u_mem0.dqs_pos_timing_check: at time 49386630.0 ps WARNING: tWLS violation on DQS bit  1 positive edge.  Indeterminate CK capture is possible.
Block_Testbench.u_mem0.dqs_pos_timing_check: at time 49386630.0 ps Write Leveling @ DQS ck = 0
Block_Testbench.u_mem0.dqs_pos_timing_check: at time 49389130.0 ps WARNING: tWLS violation on DQS bit  0 positive edge.  Indeterminate CK capture is possible.
Block_Testbench.u_mem0.dqs_pos_timing_check: at time 49389130.0 ps Write Leveling @ DQS ck = 0
Block_Testbench.u_mem0.dqs_pos_timing_check: at time 49389130.0 ps WARNING: tWLS violation on DQS bit  1 positive edge.  Indeterminate CK capture is possible.
Block_Testbench.u_mem0.dqs_pos_timing_check: at time 49389130.0 ps Write Leveling @ DQS ck = 0
Block_Testbench.u_mem0.dqs_pos_timing_check: at time 49391630.0 ps WARNING: tWLS violation on DQS bit  0 positive edge.  Indeterminate CK capture is possible.
Block_Testbench.u_mem0.dqs_pos_timing_check: at time 49391630.0 ps Write Leveling @ DQS ck = 0
Block_Testbench.u_mem0.dqs_pos_timing_check: at time 49391630.0 ps WARNING: tWLS violation on DQS bit  1 positive edge.  Indeterminate CK capture is possible.
Block_Testbench.u_mem0.dqs_pos_timing_check: at time 49391630.0 ps Write Leveling @ DQS ck = 0
Block_Testbench.u_mem0.dqs_pos_timing_check: at time 49511689.0 ps Write Leveling @ DQS ck = 0
Block_Testbench.u_mem0.dqs_pos_timing_check: at time 49511689.0 ps Write Leveling @ DQS ck = 0
Block_Testbench.u_mem0.dqs_pos_timing_check: at time 49514189.0 ps Write Leveling @ DQS ck = 0
Block_Testbench.u_mem0.dqs_pos_timing_check: at time 49514189.0 ps Write Leveling @ DQS ck = 0
Block_Testbench.u_mem0.dqs_pos_timing_check: at time 49516689.0 ps Write Leveling @ DQS ck = 0
Block_Testbench.u_mem0.dqs_pos_timing_check: at time 49516689.0 ps Write Leveling @ DQS ck = 0
Block_Testbench.u_mem0.dqs_pos_timing_check: at time 49519198.0 ps Write Leveling @ DQS ck = 0
Block_Testbench.u_mem0.dqs_pos_timing_check: at time 49519198.0 ps Write Leveling @ DQS ck = 0
Block_Testbench.u_mem0.dqs_pos_timing_check: at time 49521698.0 ps Write Leveling @ DQS ck = 0
Block_Testbench.u_mem0.dqs_pos_timing_check: at time 49521698.0 ps Write Leveling @ DQS ck = 0
Block_Testbench.u_mem0.dqs_pos_timing_check: at time 49641757.0 ps Write Leveling @ DQS ck = 0
Block_Testbench.u_mem0.dqs_pos_timing_check: at time 49641757.0 ps Write Leveling @ DQS ck = 0
Block_Testbench.u_mem0.dqs_pos_timing_check: at time 49644257.0 ps Write Leveling @ DQS ck = 0
Block_Testbench.u_mem0.dqs_pos_timing_check: at time 49644257.0 ps Write Leveling @ DQS ck = 0
Block_Testbench.u_mem0.dqs_pos_timing_check: at time 49646757.0 ps Write Leveling @ DQS ck = 0
Block_Testbench.u_mem0.dqs_pos_timing_check: at time 49646757.0 ps Write Leveling @ DQS ck = 0
Block_Testbench.u_mem0.dqs_pos_timing_check: at time 49649257.0 ps Write Leveling @ DQS ck = 0
Block_Testbench.u_mem0.dqs_pos_timing_check: at time 49649257.0 ps Write Leveling @ DQS ck = 0
Block_Testbench.u_mem0.dqs_pos_timing_check: at time 49651757.0 ps Write Leveling @ DQS ck = 0
Block_Testbench.u_mem0.dqs_pos_timing_check: at time 49651757.0 ps Write Leveling @ DQS ck = 0
Block_Testbench.u_mem0.dqs_pos_timing_check: at time 49771816.0 ps Write Leveling @ DQS ck = 0
Block_Testbench.u_mem0.dqs_pos_timing_check: at time 49771816.0 ps Write Leveling @ DQS ck = 0
Block_Testbench.u_mem0.dqs_pos_timing_check: at time 49774316.0 ps Write Leveling @ DQS ck = 0
Block_Testbench.u_mem0.dqs_pos_timing_check: at time 49774316.0 ps Write Leveling @ DQS ck = 0
Block_Testbench.u_mem0.dqs_pos_timing_check: at time 49776825.0 ps Write Leveling @ DQS ck = 0
Block_Testbench.u_mem0.dqs_pos_timing_check: at time 49776825.0 ps Write Leveling @ DQS ck = 0
Block_Testbench.u_mem0.dqs_pos_timing_check: at time 49779325.0 ps Write Leveling @ DQS ck = 0
Block_Testbench.u_mem0.dqs_pos_timing_check: at time 49779325.0 ps Write Leveling @ DQS ck = 0
Block_Testbench.u_mem0.dqs_pos_timing_check: at time 49781825.0 ps Write Leveling @ DQS ck = 0
Block_Testbench.u_mem0.dqs_pos_timing_check: at time 49781825.0 ps Write Leveling @ DQS ck = 0
Block_Testbench.u_mem0.dqs_pos_timing_check: at time 49901884.0 ps Write Leveling @ DQS ck = 0
Block_Testbench.u_mem0.dqs_pos_timing_check: at time 49901884.0 ps Write Leveling @ DQS ck = 0
Block_Testbench.u_mem0.dqs_pos_timing_check: at time 49904384.0 ps Write Leveling @ DQS ck = 0
Block_Testbench.u_mem0.dqs_pos_timing_check: at time 49904384.0 ps Write Leveling @ DQS ck = 0
Block_Testbench.u_mem0.dqs_pos_timing_check: at time 49906884.0 ps Write Leveling @ DQS ck = 0
Block_Testbench.u_mem0.dqs_pos_timing_check: at time 49906884.0 ps Write Leveling @ DQS ck = 0
Block_Testbench.u_mem0.dqs_pos_timing_check: at time 49909384.0 ps Write Leveling @ DQS ck = 0
Block_Testbench.u_mem0.dqs_pos_timing_check: at time 49909384.0 ps Write Leveling @ DQS ck = 0
Block_Testbench.u_mem0.dqs_pos_timing_check: at time 49911884.0 ps Write Leveling @ DQS ck = 0
Block_Testbench.u_mem0.dqs_pos_timing_check: at time 49911884.0 ps Write Leveling @ DQS ck = 0
Block_Testbench.u_mem0.dqs_pos_timing_check: at time 50031943.0 ps Write Leveling @ DQS ck = 0
Block_Testbench.u_mem0.dqs_pos_timing_check: at time 50031943.0 ps Write Leveling @ DQS ck = 0
Block_Testbench.u_mem0.dqs_pos_timing_check: at time 50034443.0 ps Write Leveling @ DQS ck = 0
Block_Testbench.u_mem0.dqs_pos_timing_check: at time 50034443.0 ps Write Leveling @ DQS ck = 0
Block_Testbench.u_mem0.dqs_pos_timing_check: at time 50036952.0 ps Write Leveling @ DQS ck = 0
Block_Testbench.u_mem0.dqs_pos_timing_check: at time 50036952.0 ps Write Leveling @ DQS ck = 0
Block_Testbench.u_mem0.dqs_pos_timing_check: at time 50039452.0 ps Write Leveling @ DQS ck = 0
Block_Testbench.u_mem0.dqs_pos_timing_check: at time 50039452.0 ps Write Leveling @ DQS ck = 0
Block_Testbench.u_mem0.dqs_pos_timing_check: at time 50041952.0 ps Write Leveling @ DQS ck = 0
Block_Testbench.u_mem0.dqs_pos_timing_check: at time 50041952.0 ps Write Leveling @ DQS ck = 0
Block_Testbench.u_mem0.dqs_pos_timing_check: at time 50162011.0 ps Write Leveling @ DQS ck = 0
Block_Testbench.u_mem0.dqs_pos_timing_check: at time 50162011.0 ps Write Leveling @ DQS ck = 0
Block_Testbench.u_mem0.dqs_pos_timing_check: at time 50164511.0 ps Write Leveling @ DQS ck = 0
Block_Testbench.u_mem0.dqs_pos_timing_check: at time 50164511.0 ps Write Leveling @ DQS ck = 0
Block_Testbench.u_mem0.dqs_pos_timing_check: at time 50167011.0 ps Write Leveling @ DQS ck = 0
Block_Testbench.u_mem0.dqs_pos_timing_check: at time 50167011.0 ps Write Leveling @ DQS ck = 0
Block_Testbench.u_mem0.dqs_pos_timing_check: at time 50169511.0 ps Write Leveling @ DQS ck = 0
Block_Testbench.u_mem0.dqs_pos_timing_check: at time 50169511.0 ps Write Leveling @ DQS ck = 0
Block_Testbench.u_mem0.dqs_pos_timing_check: at time 50172011.0 ps Write Leveling @ DQS ck = 0
Block_Testbench.u_mem0.dqs_pos_timing_check: at time 50172011.0 ps Write Leveling @ DQS ck = 0
Block_Testbench.u_mem0.dqs_pos_timing_check: at time 50292373.0 ps Write Leveling @ DQS ck = 0
Block_Testbench.u_mem0.dqs_pos_timing_check: at time 50292373.0 ps Write Leveling @ DQS ck = 0
Block_Testbench.u_mem0.dqs_pos_timing_check: at time 50294873.0 ps Write Leveling @ DQS ck = 0
Block_Testbench.u_mem0.dqs_pos_timing_check: at time 50294873.0 ps Write Leveling @ DQS ck = 0
Block_Testbench.u_mem0.dqs_pos_timing_check: at time 50297373.0 ps Write Leveling @ DQS ck = 0
Block_Testbench.u_mem0.dqs_pos_timing_check: at time 50297373.0 ps Write Leveling @ DQS ck = 0
Block_Testbench.u_mem0.dqs_pos_timing_check: at time 50299873.0 ps Write Leveling @ DQS ck = 0
Block_Testbench.u_mem0.dqs_pos_timing_check: at time 50299873.0 ps Write Leveling @ DQS ck = 0
Block_Testbench.u_mem0.dqs_pos_timing_check: at time 50302373.0 ps Write Leveling @ DQS ck = 0
Block_Testbench.u_mem0.dqs_pos_timing_check: at time 50302373.0 ps Write Leveling @ DQS ck = 0
PHY_INIT: Write Leveling completed at 50394475.0 ps
Block_Testbench.u_mem0.dqs_pos_timing_check: at time 50422373.0 ps Write Leveling @ DQS ck = 0
Block_Testbench.u_mem0.dqs_pos_timing_check: at time 50422373.0 ps Write Leveling @ DQS ck = 0
Block_Testbench.u_mem0.dqs_pos_timing_check: at time 50424873.0 ps Write Leveling @ DQS ck = 0
Block_Testbench.u_mem0.dqs_pos_timing_check: at time 50424873.0 ps Write Leveling @ DQS ck = 0
Block_Testbench.u_mem0.dqs_pos_timing_check: at time 50427373.0 ps Write Leveling @ DQS ck = 0
Block_Testbench.u_mem0.dqs_pos_timing_check: at time 50427373.0 ps Write Leveling @ DQS ck = 0
Block_Testbench.u_mem0.dqs_pos_timing_check: at time 50429873.0 ps Write Leveling @ DQS ck = 0
Block_Testbench.u_mem0.dqs_pos_timing_check: at time 50429873.0 ps Write Leveling @ DQS ck = 0
Block_Testbench.u_mem0.dqs_pos_timing_check: at time 50432373.0 ps Write Leveling @ DQS ck = 0
Block_Testbench.u_mem0.dqs_pos_timing_check: at time 50432373.0 ps Write Leveling @ DQS ck = 0
Block_Testbench.u_mem0.main: at time 50457689.0 ps INFO: Sync On Die Termination Rtt_NOM =          0 Ohm
Block_Testbench.u_mem0.cmd_task: at time 50512689.0 ps INFO: Load Mode 1
Block_Testbench.u_mem0.cmd_task: at time 50512689.0 ps INFO: Load Mode 1 DLL Enable = Enabled
Block_Testbench.u_mem0.cmd_task: at time 50512689.0 ps INFO: Load Mode 1 Output Drive Strength =          34 Ohm
Block_Testbench.u_mem0.cmd_task: at time 50512689.0 ps INFO: Load Mode 1 ODT Rtt =          60 Ohm
Block_Testbench.u_mem0.cmd_task: at time 50512689.0 ps INFO: Load Mode 1 Additive Latency = 0
Block_Testbench.u_mem0.cmd_task: at time 50512689.0 ps INFO: Load Mode 1 Write Levelization = Disabled
Block_Testbench.u_mem0.cmd_task: at time 50512689.0 ps INFO: Load Mode 1 TDQS Enable = Disabled
Block_Testbench.u_mem0.cmd_task: at time 50512689.0 ps INFO: Load Mode 1 Qoff = Enabled
Block_Testbench.u_mem0.cmd_task: at time 51812689.0 ps INFO: Load Mode 2
Block_Testbench.u_mem0.cmd_task: at time 51812689.0 ps INFO: Load Mode 2 Partial Array Self Refresh = Bank 0-7
Block_Testbench.u_mem0.cmd_task: at time 51812689.0 ps INFO: Load Mode 2 CAS Write Latency =           5
Block_Testbench.u_mem0.cmd_task: at time 51812689.0 ps INFO: Load Mode 2 Auto Self Refresh = Disabled
Block_Testbench.u_mem0.cmd_task: at time 51812689.0 ps INFO: Load Mode 2 Self Refresh Temperature = Normal
Block_Testbench.u_mem0.cmd_task: at time 51812689.0 ps INFO: Load Mode 2 Dynamic ODT = Disabled
Block_Testbench.u_mem0.cmd_task: at time 54392689.0 ps INFO: Precharge All
Block_Testbench.u_mem0.cmd_task: at time 55692689.0 ps INFO: Refresh  
Block_Testbench.u_mem0.cmd_task: at time 56992689.0 ps INFO: Activate  bank 0 row 0000
Block_Testbench.u_mem0.cmd_task: at time 58292689.0 ps INFO: Write     bank 0 col 000, auto precharge 0
Block_Testbench.u_mem0.main: at time 58297689.0 ps INFO: Sync On Die Termination Rtt_NOM =         60 Ohm
Block_Testbench.u_mem0.cmd_task: at time 58302689.0 ps INFO: Write     bank 0 col 008, auto precharge 0
Block_Testbench.u_mem0.data_task: at time 58306439.0 ps INFO: WRITE @ DQS= bank = 0 row = 0000 col = 00000000 data = ffff
Block_Testbench.u_mem0.data_task: at time 58307689.0 ps INFO: WRITE @ DQS= bank = 0 row = 0000 col = 00000001 data = 0000
Block_Testbench.u_mem0.data_task: at time 58308939.0 ps INFO: WRITE @ DQS= bank = 0 row = 0000 col = 00000002 data = aaaa
Block_Testbench.u_mem0.data_task: at time 58310189.0 ps INFO: WRITE @ DQS= bank = 0 row = 0000 col = 00000003 data = 5555
Block_Testbench.u_mem0.data_task: at time 58311439.0 ps INFO: WRITE @ DQS= bank = 0 row = 0000 col = 00000004 data = 5555
Block_Testbench.u_mem0.data_task: at time 58312689.0 ps INFO: WRITE @ DQS= bank = 0 row = 0000 col = 00000005 data = aaaa
Block_Testbench.u_mem0.cmd_task: at time 58312689.0 ps INFO: Write     bank 0 col 010, auto precharge 0
Block_Testbench.u_mem0.data_task: at time 58313939.0 ps INFO: WRITE @ DQS= bank = 0 row = 0000 col = 00000006 data = 9999
Block_Testbench.u_mem0.data_task: at time 58315189.0 ps INFO: WRITE @ DQS= bank = 0 row = 0000 col = 00000007 data = 6666
Block_Testbench.u_mem0.data_task: at time 58316439.0 ps INFO: WRITE @ DQS= bank = 0 row = 0000 col = 00000008 data = bbbb
Block_Testbench.u_mem0.data_task: at time 58317689.0 ps INFO: WRITE @ DQS= bank = 0 row = 0000 col = 00000009 data = 1111
Block_Testbench.u_mem0.data_task: at time 58318939.0 ps INFO: WRITE @ DQS= bank = 0 row = 0000 col = 0000000a data = eeee
Block_Testbench.u_mem0.data_task: at time 58320189.0 ps INFO: WRITE @ DQS= bank = 0 row = 0000 col = 0000000b data = 4444
Block_Testbench.u_mem0.data_task: at time 58321439.0 ps INFO: WRITE @ DQS= bank = 0 row = 0000 col = 0000000c data = 4444
Block_Testbench.u_mem0.data_task: at time 58322689.0 ps INFO: WRITE @ DQS= bank = 0 row = 0000 col = 0000000d data = eeee
Block_Testbench.u_mem0.cmd_task: at time 58322689.0 ps INFO: Write     bank 0 col 018, auto precharge 0
Block_Testbench.u_mem0.data_task: at time 58323939.0 ps INFO: WRITE @ DQS= bank = 0 row = 0000 col = 0000000e data = dddd
Block_Testbench.u_mem0.data_task: at time 58325189.0 ps INFO: WRITE @ DQS= bank = 0 row = 0000 col = 0000000f data = 8888
Block_Testbench.u_mem0.data_task: at time 58326439.0 ps INFO: WRITE @ DQS= bank = 0 row = 0000 col = 00000010 data = bbbb
Block_Testbench.u_mem0.data_task: at time 58327689.0 ps INFO: WRITE @ DQS= bank = 0 row = 0000 col = 00000011 data = 1111
Block_Testbench.u_mem0.data_task: at time 58328939.0 ps INFO: WRITE @ DQS= bank = 0 row = 0000 col = 00000012 data = eeee
Block_Testbench.u_mem0.data_task: at time 58330189.0 ps INFO: WRITE @ DQS= bank = 0 row = 0000 col = 00000013 data = 4444
Block_Testbench.u_mem0.data_task: at time 58331439.0 ps INFO: WRITE @ DQS= bank = 0 row = 0000 col = 00000014 data = 4444
Block_Testbench.u_mem0.data_task: at time 58332689.0 ps INFO: WRITE @ DQS= bank = 0 row = 0000 col = 00000015 data = eeee
Block_Testbench.u_mem0.data_task: at time 58333939.0 ps INFO: WRITE @ DQS= bank = 0 row = 0000 col = 00000016 data = dddd
Block_Testbench.u_mem0.data_task: at time 58335189.0 ps INFO: WRITE @ DQS= bank = 0 row = 0000 col = 00000017 data = 8888
Block_Testbench.u_mem0.data_task: at time 58336439.0 ps INFO: WRITE @ DQS= bank = 0 row = 0000 col = 00000018 data = bbbb
Block_Testbench.u_mem0.data_task: at time 58337689.0 ps INFO: WRITE @ DQS= bank = 0 row = 0000 col = 00000019 data = 1111
Block_Testbench.u_mem0.data_task: at time 58338939.0 ps INFO: WRITE @ DQS= bank = 0 row = 0000 col = 0000001a data = eeee
Block_Testbench.u_mem0.data_task: at time 58340189.0 ps INFO: WRITE @ DQS= bank = 0 row = 0000 col = 0000001b data = 4444
Block_Testbench.u_mem0.data_task: at time 58341439.0 ps INFO: WRITE @ DQS= bank = 0 row = 0000 col = 0000001c data = 4444
Block_Testbench.u_mem0.data_task: at time 58342689.0 ps INFO: WRITE @ DQS= bank = 0 row = 0000 col = 0000001d data = eeee
Block_Testbench.u_mem0.data_task: at time 58343939.0 ps INFO: WRITE @ DQS= bank = 0 row = 0000 col = 0000001e data = dddd
Block_Testbench.u_mem0.data_task: at time 58345189.0 ps INFO: WRITE @ DQS= bank = 0 row = 0000 col = 0000001f data = 8888
Block_Testbench.u_mem0.cmd_task: at time 59622689.0 ps INFO: Read      bank 0 col 000, auto precharge 0
Block_Testbench.u_mem0.main: at time 59627689.0 ps INFO: Sync On Die Termination Rtt_NOM =          0 Ohm
Block_Testbench.u_mem0.data_task: at time 59636439.0 ps INFO: READ @ DQS= bank = 0 row = 0000 col = 00000000 data = ffff
Block_Testbench.u_mem0.data_task: at time 59637689.0 ps INFO: READ @ DQS= bank = 0 row = 0000 col = 00000001 data = 0000
Block_Testbench.u_mem0.data_task: at time 59638939.0 ps INFO: READ @ DQS= bank = 0 row = 0000 col = 00000002 data = aaaa
Block_Testbench.u_mem0.data_task: at time 59640189.0 ps INFO: READ @ DQS= bank = 0 row = 0000 col = 00000003 data = 5555
Block_Testbench.u_mem0.data_task: at time 59641439.0 ps INFO: READ @ DQS= bank = 0 row = 0000 col = 00000004 data = 5555
Block_Testbench.u_mem0.data_task: at time 59642689.0 ps INFO: READ @ DQS= bank = 0 row = 0000 col = 00000005 data = aaaa
Block_Testbench.u_mem0.data_task: at time 59643939.0 ps INFO: READ @ DQS= bank = 0 row = 0000 col = 00000006 data = 9999
Block_Testbench.u_mem0.data_task: at time 59645189.0 ps INFO: READ @ DQS= bank = 0 row = 0000 col = 00000007 data = 6666
Block_Testbench.u_mem0.cmd_task: at time 60922689.0 ps INFO: Precharge All
Block_Testbench.u_mem0.cmd_task: at time 60922689.0 ps INFO: Precharge bank   0
Block_Testbench.u_mem0.cmd_task: at time 62222689.0 ps INFO: Refresh  
Block_Testbench.u_mem0.cmd_task: at time 63522689.0 ps INFO: Activate  bank 0 row 0000
PHY_INIT: Write Calibration completed at 64924475.0 ps
Block_Testbench.u_mem0.cmd_task: at time 66102689.0 ps INFO: Precharge All
Block_Testbench.u_mem0.cmd_task: at time 66102689.0 ps INFO: Precharge bank   0
Block_Testbench.u_mem0.cmd_task: at time 67402689.0 ps INFO: Refresh  
Block_Testbench.u_mem0.cmd_task: at time 68702689.0 ps INFO: Refresh  
Block_Testbench.u_mem0.cmd_task: at time 70002689.0 ps INFO: Refresh  
Block_Testbench.u_mem0.cmd_task: at time 71302689.0 ps INFO: Refresh  
Block_Testbench.u_mem0.cmd_task: at time 72602689.0 ps INFO: Refresh  
Block_Testbench.u_mem0.cmd_task: at time 73902689.0 ps INFO: Refresh  
Block_Testbench.u_mem0.cmd_task: at time 75202689.0 ps INFO: Refresh  
Block_Testbench.u_mem0.cmd_task: at time 76502689.0 ps INFO: Refresh  
Block_Testbench.u_mem0.cmd_task: at time 77802689.0 ps INFO: Activate  bank 0 row 0000
Block_Testbench.u_mem0.cmd_task: at time 79102689.0 ps INFO: Write     bank 0 col 000, auto precharge 0
Block_Testbench.u_mem0.main: at time 79107689.0 ps INFO: Sync On Die Termination Rtt_NOM =         60 Ohm
Block_Testbench.u_mem0.cmd_task: at time 79112689.0 ps INFO: Write     bank 0 col 008, auto precharge 0
Block_Testbench.u_mem0.data_task: at time 79116439.0 ps INFO: WRITE @ DQS= bank = 0 row = 0000 col = 00000000 data = 9999
Block_Testbench.u_mem0.data_task: at time 79117689.0 ps INFO: WRITE @ DQS= bank = 0 row = 0000 col = 00000001 data = 3333
Block_Testbench.u_mem0.data_task: at time 79118939.0 ps INFO: WRITE @ DQS= bank = 0 row = 0000 col = 00000002 data = 7777
Block_Testbench.u_mem0.data_task: at time 79120189.0 ps INFO: WRITE @ DQS= bank = 0 row = 0000 col = 00000003 data = eeee
Block_Testbench.u_mem0.data_task: at time 79121439.0 ps INFO: WRITE @ DQS= bank = 0 row = 0000 col = 00000004 data = cccc
Block_Testbench.u_mem0.data_task: at time 79122689.0 ps INFO: WRITE @ DQS= bank = 0 row = 0000 col = 00000005 data = 9999
Block_Testbench.u_mem0.cmd_task: at time 79122689.0 ps INFO: Write     bank 0 col 010, auto precharge 0
Block_Testbench.u_mem0.data_task: at time 79123939.0 ps INFO: WRITE @ DQS= bank = 0 row = 0000 col = 00000006 data = 2222
Block_Testbench.u_mem0.data_task: at time 79125189.0 ps INFO: WRITE @ DQS= bank = 0 row = 0000 col = 00000007 data = 4444
Block_Testbench.u_mem0.data_task: at time 79126439.0 ps INFO: WRITE @ DQS= bank = 0 row = 0000 col = 00000008 data = bbbb
Block_Testbench.u_mem0.data_task: at time 79127689.0 ps INFO: WRITE @ DQS= bank = 0 row = 0000 col = 00000009 data = 1111
Block_Testbench.u_mem0.data_task: at time 79128939.0 ps INFO: WRITE @ DQS= bank = 0 row = 0000 col = 0000000a data = 7777
Block_Testbench.u_mem0.data_task: at time 79130189.0 ps INFO: WRITE @ DQS= bank = 0 row = 0000 col = 0000000b data = eeee
Block_Testbench.u_mem0.data_task: at time 79131439.0 ps INFO: WRITE @ DQS= bank = 0 row = 0000 col = 0000000c data = cccc
Block_Testbench.u_mem0.data_task: at time 79132689.0 ps INFO: WRITE @ DQS= bank = 0 row = 0000 col = 0000000d data = 9999
Block_Testbench.u_mem0.cmd_task: at time 79132689.0 ps INFO: Write     bank 0 col 018, auto precharge 0
Block_Testbench.u_mem0.data_task: at time 79133939.0 ps INFO: WRITE @ DQS= bank = 0 row = 0000 col = 0000000e data = 2222
Block_Testbench.u_mem0.data_task: at time 79135189.0 ps INFO: WRITE @ DQS= bank = 0 row = 0000 col = 0000000f data = 4444
Block_Testbench.u_mem0.data_task: at time 79136439.0 ps INFO: WRITE @ DQS= bank = 0 row = 0000 col = 00000010 data = bbbb
Block_Testbench.u_mem0.data_task: at time 79137689.0 ps INFO: WRITE @ DQS= bank = 0 row = 0000 col = 00000011 data = 1111
Block_Testbench.u_mem0.data_task: at time 79138939.0 ps INFO: WRITE @ DQS= bank = 0 row = 0000 col = 00000012 data = 7777
Block_Testbench.u_mem0.data_task: at time 79140189.0 ps INFO: WRITE @ DQS= bank = 0 row = 0000 col = 00000013 data = eeee
Block_Testbench.u_mem0.data_task: at time 79141439.0 ps INFO: WRITE @ DQS= bank = 0 row = 0000 col = 00000014 data = cccc
Block_Testbench.u_mem0.data_task: at time 79142689.0 ps INFO: WRITE @ DQS= bank = 0 row = 0000 col = 00000015 data = 9999
Block_Testbench.u_mem0.data_task: at time 79143939.0 ps INFO: WRITE @ DQS= bank = 0 row = 0000 col = 00000016 data = 2222
Block_Testbench.u_mem0.data_task: at time 79145189.0 ps INFO: WRITE @ DQS= bank = 0 row = 0000 col = 00000017 data = 4444
Block_Testbench.u_mem0.data_task: at time 79146439.0 ps INFO: WRITE @ DQS= bank = 0 row = 0000 col = 00000018 data = bbbb
Block_Testbench.u_mem0.data_task: at time 79147689.0 ps INFO: WRITE @ DQS= bank = 0 row = 0000 col = 00000019 data = 1111
Block_Testbench.u_mem0.data_task: at time 79148939.0 ps INFO: WRITE @ DQS= bank = 0 row = 0000 col = 0000001a data = 7777
Block_Testbench.u_mem0.data_task: at time 79150189.0 ps INFO: WRITE @ DQS= bank = 0 row = 0000 col = 0000001b data = eeee
Block_Testbench.u_mem0.data_task: at time 79151439.0 ps INFO: WRITE @ DQS= bank = 0 row = 0000 col = 0000001c data = cccc
Block_Testbench.u_mem0.data_task: at time 79152689.0 ps INFO: WRITE @ DQS= bank = 0 row = 0000 col = 0000001d data = 9999
Block_Testbench.u_mem0.data_task: at time 79153939.0 ps INFO: WRITE @ DQS= bank = 0 row = 0000 col = 0000001e data = 2222
Block_Testbench.u_mem0.data_task: at time 79155189.0 ps INFO: WRITE @ DQS= bank = 0 row = 0000 col = 0000001f data = 4444
Block_Testbench.u_mem0.main: at time 80437689.0 ps INFO: Sync On Die Termination Rtt_NOM =          0 Ohm
Block_Testbench.u_mem0.cmd_task: at time 81942689.0 ps INFO: Precharge All
Block_Testbench.u_mem0.cmd_task: at time 81942689.0 ps INFO: Precharge bank   0
Block_Testbench.u_mem0.cmd_task: at time 83242689.0 ps INFO: Refresh  
Block_Testbench.u_mem0.cmd_task: at time 84542689.0 ps INFO: Refresh  
Block_Testbench.u_mem0.cmd_task: at time 85842689.0 ps INFO: Refresh  
Block_Testbench.u_mem0.cmd_task: at time 87142689.0 ps INFO: Refresh  
Block_Testbench.u_mem0.cmd_task: at time 88442689.0 ps INFO: Refresh  
Block_Testbench.u_mem0.cmd_task: at time 89742689.0 ps INFO: Refresh  
Block_Testbench.u_mem0.cmd_task: at time 91042689.0 ps INFO: Refresh  
Block_Testbench.u_mem0.cmd_task: at time 92342689.0 ps INFO: Refresh  
Block_Testbench.u_mem0.cmd_task: at time 93642689.0 ps INFO: Activate  bank 0 row 0000
PHY_INIT: Read Leveling Stage 1 completed at 95034475.0 ps
PHY_INIT : PRBS/PER_BIT calibration completed at 95034475.0 ps
PHY_INIT : COMPLEX OCLKDELAY calibration completed at 95034475.0 ps
Block_Testbench.u_mem0.cmd_task: at time 97502689.0 ps INFO: Precharge All
Block_Testbench.u_mem0.cmd_task: at time 97502689.0 ps INFO: Precharge bank   0
Block_Testbench.u_mem0.cmd_task: at time 98802689.0 ps INFO: Load Mode 0
Block_Testbench.u_mem0.cmd_task: at time 98802689.0 ps INFO: Load Mode 0 Burst Length =  8
Block_Testbench.u_mem0.cmd_task: at time 98802689.0 ps INFO: Load Mode 0 Burst Order = Sequential
Block_Testbench.u_mem0.cmd_task: at time 98802689.0 ps INFO: Load Mode 0 CAS Latency =           6
Block_Testbench.u_mem0.cmd_task: at time 98802689.0 ps INFO: Load Mode 0 DLL Reset = Normal
Block_Testbench.u_mem0.cmd_task: at time 98802689.0 ps INFO: Load Mode 0 Write Recovery =           6
Block_Testbench.u_mem0.cmd_task: at time 98802689.0 ps INFO: Load Mode 0 Power Down Mode = DLL off
Block_Testbench.u_mem0.cmd_task: at time 100102689.0 ps INFO: Precharge All
Block_Testbench.u_mem0.cmd_task: at time 101402689.0 ps INFO: Activate  bank 0 row 0000
Block_Testbench.u_mem0.cmd_task: at time 102702689.0 ps INFO: Precharge All
Block_Testbench.u_mem0.cmd_task: at time 102702689.0 ps INFO: Precharge bank   0
Block_Testbench.u_mem0.cmd_task: at time 104002689.0 ps INFO: Refresh  
Block_Testbench.u_mem0.cmd_task: at time 105302689.0 ps INFO: Activate  bank 0 row 0000
Block_Testbench.u_mem0.cmd_task: at time 106602689.0 ps INFO: Write     bank 0 col 000, auto precharge 0
Block_Testbench.u_mem0.main: at time 106607689.0 ps INFO: Sync On Die Termination Rtt_NOM =         60 Ohm
Block_Testbench.u_mem0.cmd_task: at time 106612689.0 ps INFO: Write     bank 0 col 008, auto precharge 0
Block_Testbench.u_mem0.data_task: at time 106616439.0 ps INFO: WRITE @ DQS= bank = 0 row = 0000 col = 00000000 data = ffff
Block_Testbench.u_mem0.data_task: at time 106617689.0 ps INFO: WRITE @ DQS= bank = 0 row = 0000 col = 00000001 data = 0000
Block_Testbench.u_mem0.data_task: at time 106618939.0 ps INFO: WRITE @ DQS= bank = 0 row = 0000 col = 00000002 data = aaaa
Block_Testbench.u_mem0.data_task: at time 106620189.0 ps INFO: WRITE @ DQS= bank = 0 row = 0000 col = 00000003 data = 5555
Block_Testbench.u_mem0.data_task: at time 106621439.0 ps INFO: WRITE @ DQS= bank = 0 row = 0000 col = 00000004 data = 5555
Block_Testbench.u_mem0.data_task: at time 106622689.0 ps INFO: WRITE @ DQS= bank = 0 row = 0000 col = 00000005 data = aaaa
Block_Testbench.u_mem0.cmd_task: at time 106622689.0 ps INFO: Write     bank 0 col 010, auto precharge 0
Block_Testbench.u_mem0.data_task: at time 106623939.0 ps INFO: WRITE @ DQS= bank = 0 row = 0000 col = 00000006 data = 9999
Block_Testbench.u_mem0.data_task: at time 106625189.0 ps INFO: WRITE @ DQS= bank = 0 row = 0000 col = 00000007 data = 6666
Block_Testbench.u_mem0.data_task: at time 106626439.0 ps INFO: WRITE @ DQS= bank = 0 row = 0000 col = 00000008 data = bbbb
Block_Testbench.u_mem0.data_task: at time 106627689.0 ps INFO: WRITE @ DQS= bank = 0 row = 0000 col = 00000009 data = 1111
Block_Testbench.u_mem0.data_task: at time 106628939.0 ps INFO: WRITE @ DQS= bank = 0 row = 0000 col = 0000000a data = eeee
Block_Testbench.u_mem0.data_task: at time 106630189.0 ps INFO: WRITE @ DQS= bank = 0 row = 0000 col = 0000000b data = 4444
Block_Testbench.u_mem0.data_task: at time 106631439.0 ps INFO: WRITE @ DQS= bank = 0 row = 0000 col = 0000000c data = 4444
Block_Testbench.u_mem0.data_task: at time 106632689.0 ps INFO: WRITE @ DQS= bank = 0 row = 0000 col = 0000000d data = eeee
Block_Testbench.u_mem0.cmd_task: at time 106632689.0 ps INFO: Write     bank 0 col 018, auto precharge 0
Block_Testbench.u_mem0.data_task: at time 106633939.0 ps INFO: WRITE @ DQS= bank = 0 row = 0000 col = 0000000e data = dddd
Block_Testbench.u_mem0.data_task: at time 106635189.0 ps INFO: WRITE @ DQS= bank = 0 row = 0000 col = 0000000f data = 8888
Block_Testbench.u_mem0.data_task: at time 106636439.0 ps INFO: WRITE @ DQS= bank = 0 row = 0000 col = 00000010 data = bbbb
Block_Testbench.u_mem0.data_task: at time 106637689.0 ps INFO: WRITE @ DQS= bank = 0 row = 0000 col = 00000011 data = 1111
Block_Testbench.u_mem0.data_task: at time 106638939.0 ps INFO: WRITE @ DQS= bank = 0 row = 0000 col = 00000012 data = eeee
Block_Testbench.u_mem0.data_task: at time 106640189.0 ps INFO: WRITE @ DQS= bank = 0 row = 0000 col = 00000013 data = 4444
Block_Testbench.u_mem0.data_task: at time 106641439.0 ps INFO: WRITE @ DQS= bank = 0 row = 0000 col = 00000014 data = 4444
Block_Testbench.u_mem0.data_task: at time 106642689.0 ps INFO: WRITE @ DQS= bank = 0 row = 0000 col = 00000015 data = eeee
Block_Testbench.u_mem0.data_task: at time 106643939.0 ps INFO: WRITE @ DQS= bank = 0 row = 0000 col = 00000016 data = dddd
Block_Testbench.u_mem0.data_task: at time 106645189.0 ps INFO: WRITE @ DQS= bank = 0 row = 0000 col = 00000017 data = 8888
Block_Testbench.u_mem0.data_task: at time 106646439.0 ps INFO: WRITE @ DQS= bank = 0 row = 0000 col = 00000018 data = bbbb
Block_Testbench.u_mem0.data_task: at time 106647689.0 ps INFO: WRITE @ DQS= bank = 0 row = 0000 col = 00000019 data = 1111
Block_Testbench.u_mem0.data_task: at time 106648939.0 ps INFO: WRITE @ DQS= bank = 0 row = 0000 col = 0000001a data = eeee
Block_Testbench.u_mem0.data_task: at time 106650189.0 ps INFO: WRITE @ DQS= bank = 0 row = 0000 col = 0000001b data = 4444
Block_Testbench.u_mem0.data_task: at time 106651439.0 ps INFO: WRITE @ DQS= bank = 0 row = 0000 col = 0000001c data = 4444
Block_Testbench.u_mem0.data_task: at time 106652689.0 ps INFO: WRITE @ DQS= bank = 0 row = 0000 col = 0000001d data = eeee
Block_Testbench.u_mem0.data_task: at time 106653939.0 ps INFO: WRITE @ DQS= bank = 0 row = 0000 col = 0000001e data = dddd
Block_Testbench.u_mem0.data_task: at time 106655189.0 ps INFO: WRITE @ DQS= bank = 0 row = 0000 col = 0000001f data = 8888
Block_Testbench.u_mem0.cmd_task: at time 107932689.0 ps INFO: Read      bank 0 col 000, auto precharge 0
Block_Testbench.u_mem0.main: at time 107937689.0 ps INFO: Sync On Die Termination Rtt_NOM =          0 Ohm
Block_Testbench.u_mem0.data_task: at time 107946439.0 ps INFO: READ @ DQS= bank = 0 row = 0000 col = 00000000 data = ffff
Block_Testbench.u_mem0.data_task: at time 107947689.0 ps INFO: READ @ DQS= bank = 0 row = 0000 col = 00000001 data = 0000
Block_Testbench.u_mem0.data_task: at time 107948939.0 ps INFO: READ @ DQS= bank = 0 row = 0000 col = 00000002 data = aaaa
Block_Testbench.u_mem0.data_task: at time 107950189.0 ps INFO: READ @ DQS= bank = 0 row = 0000 col = 00000003 data = 5555
Block_Testbench.u_mem0.data_task: at time 107951439.0 ps INFO: READ @ DQS= bank = 0 row = 0000 col = 00000004 data = 5555
Block_Testbench.u_mem0.data_task: at time 107952689.0 ps INFO: READ @ DQS= bank = 0 row = 0000 col = 00000005 data = aaaa
Block_Testbench.u_mem0.data_task: at time 107953939.0 ps INFO: READ @ DQS= bank = 0 row = 0000 col = 00000006 data = 9999
Block_Testbench.u_mem0.data_task: at time 107955189.0 ps INFO: READ @ DQS= bank = 0 row = 0000 col = 00000007 data = 6666
Block_Testbench.u_mem0.cmd_task: at time 108372689.0 ps INFO: Read      bank 0 col 000, auto precharge 0
Block_Testbench.u_mem0.data_task: at time 108386439.0 ps INFO: READ @ DQS= bank = 0 row = 0000 col = 00000000 data = ffff
Block_Testbench.u_mem0.data_task: at time 108387689.0 ps INFO: READ @ DQS= bank = 0 row = 0000 col = 00000001 data = 0000
Block_Testbench.u_mem0.data_task: at time 108388939.0 ps INFO: READ @ DQS= bank = 0 row = 0000 col = 00000002 data = aaaa
Block_Testbench.u_mem0.data_task: at time 108390189.0 ps INFO: READ @ DQS= bank = 0 row = 0000 col = 00000003 data = 5555
Block_Testbench.u_mem0.data_task: at time 108391439.0 ps INFO: READ @ DQS= bank = 0 row = 0000 col = 00000004 data = 5555
Block_Testbench.u_mem0.data_task: at time 108392689.0 ps INFO: READ @ DQS= bank = 0 row = 0000 col = 00000005 data = aaaa
Block_Testbench.u_mem0.data_task: at time 108393939.0 ps INFO: READ @ DQS= bank = 0 row = 0000 col = 00000006 data = 9999
Block_Testbench.u_mem0.data_task: at time 108395189.0 ps INFO: READ @ DQS= bank = 0 row = 0000 col = 00000007 data = 6666
Block_Testbench.u_mem0.cmd_task: at time 109672689.0 ps INFO: Precharge All
Block_Testbench.u_mem0.cmd_task: at time 109672689.0 ps INFO: Precharge bank   0
Block_Testbench.u_mem0.cmd_task: at time 110972689.0 ps INFO: Refresh  
Block_Testbench.u_mem0.cmd_task: at time 112272689.0 ps INFO: Activate  bank 0 row 0000
PHY_INIT: Write Calibration completed at 113834475.0 ps
Block_Testbench.u_mem0.cmd_task: at time 114852689.0 ps INFO: Precharge All
Block_Testbench.u_mem0.cmd_task: at time 114852689.0 ps INFO: Precharge bank   0
Block_Testbench.u_mem0.cmd_task: at time 116250189.0 ps INFO: Refresh  
Block_Testbench.u_mem0.cmd_task: at time 116410189.0 ps INFO: Activate  bank 0 row 0000
Block_Testbench.u_mem0.cmd_task: at time 116472689.0 ps INFO: Read      bank 0 col 000, auto precharge 0
Block_Testbench.u_mem0.cmd_task: at time 116482689.0 ps INFO: Read      bank 0 col 000, auto precharge 0
Block_Testbench.u_mem0.data_task: at time 116486439.0 ps INFO: READ @ DQS= bank = 0 row = 0000 col = 00000000 data = ffff
Block_Testbench.u_mem0.data_task: at time 116487689.0 ps INFO: READ @ DQS= bank = 0 row = 0000 col = 00000001 data = 0000
Block_Testbench.u_mem0.data_task: at time 116488939.0 ps INFO: READ @ DQS= bank = 0 row = 0000 col = 00000002 data = aaaa
Block_Testbench.u_mem0.data_task: at time 116490189.0 ps INFO: READ @ DQS= bank = 0 row = 0000 col = 00000003 data = 5555
Block_Testbench.u_mem0.data_task: at time 116491439.0 ps INFO: READ @ DQS= bank = 0 row = 0000 col = 00000004 data = 5555
Block_Testbench.u_mem0.data_task: at time 116492689.0 ps INFO: READ @ DQS= bank = 0 row = 0000 col = 00000005 data = aaaa
Block_Testbench.u_mem0.data_task: at time 116493939.0 ps INFO: READ @ DQS= bank = 0 row = 0000 col = 00000006 data = 9999
Block_Testbench.u_mem0.data_task: at time 116495189.0 ps INFO: READ @ DQS= bank = 0 row = 0000 col = 00000007 data = 6666
Block_Testbench.u_mem0.data_task: at time 116496439.0 ps INFO: READ @ DQS= bank = 0 row = 0000 col = 00000000 data = ffff
Block_Testbench.u_mem0.data_task: at time 116497689.0 ps INFO: READ @ DQS= bank = 0 row = 0000 col = 00000001 data = 0000
Block_Testbench.u_mem0.data_task: at time 116498939.0 ps INFO: READ @ DQS= bank = 0 row = 0000 col = 00000002 data = aaaa
Block_Testbench.u_mem0.data_task: at time 116500189.0 ps INFO: READ @ DQS= bank = 0 row = 0000 col = 00000003 data = 5555
Block_Testbench.u_mem0.data_task: at time 116501439.0 ps INFO: READ @ DQS= bank = 0 row = 0000 col = 00000004 data = 5555
Block_Testbench.u_mem0.data_task: at time 116502689.0 ps INFO: READ @ DQS= bank = 0 row = 0000 col = 00000005 data = aaaa
Block_Testbench.u_mem0.data_task: at time 116503939.0 ps INFO: READ @ DQS= bank = 0 row = 0000 col = 00000006 data = 9999
Block_Testbench.u_mem0.data_task: at time 116505189.0 ps INFO: READ @ DQS= bank = 0 row = 0000 col = 00000007 data = 6666
Block_Testbench.u_mem0.cmd_task: at time 116525189.0 ps INFO: Precharge bank   0
Block_Testbench.u_mem0.cmd_task: at time 116550189.0 ps INFO: ZQ        long = 0
Block_Testbench.u_mem0.cmd_task: at time 117460189.0 ps INFO: Activate  bank 0 row 0000
Block_Testbench.u_mem0.cmd_task: at time 117482689.0 ps INFO: Read      bank 0 col 000, auto precharge 0
Block_Testbench.u_mem0.cmd_task: at time 117492689.0 ps INFO: Read      bank 0 col 000, auto precharge 0
Block_Testbench.u_mem0.data_task: at time 117496439.0 ps INFO: READ @ DQS= bank = 0 row = 0000 col = 00000000 data = ffff
Block_Testbench.u_mem0.data_task: at time 117497689.0 ps INFO: READ @ DQS= bank = 0 row = 0000 col = 00000001 data = 0000
Block_Testbench.u_mem0.data_task: at time 117498939.0 ps INFO: READ @ DQS= bank = 0 row = 0000 col = 00000002 data = aaaa
Block_Testbench.u_mem0.data_task: at time 117500189.0 ps INFO: READ @ DQS= bank = 0 row = 0000 col = 00000003 data = 5555
Block_Testbench.u_mem0.data_task: at time 117501439.0 ps INFO: READ @ DQS= bank = 0 row = 0000 col = 00000004 data = 5555
Block_Testbench.u_mem0.data_task: at time 117502689.0 ps INFO: READ @ DQS= bank = 0 row = 0000 col = 00000005 data = aaaa
Block_Testbench.u_mem0.data_task: at time 117503939.0 ps INFO: READ @ DQS= bank = 0 row = 0000 col = 00000006 data = 9999
Block_Testbench.u_mem0.data_task: at time 117505189.0 ps INFO: READ @ DQS= bank = 0 row = 0000 col = 00000007 data = 6666
Block_Testbench.u_mem0.data_task: at time 117506439.0 ps INFO: READ @ DQS= bank = 0 row = 0000 col = 00000000 data = ffff
Block_Testbench.u_mem0.data_task: at time 117507689.0 ps INFO: READ @ DQS= bank = 0 row = 0000 col = 00000001 data = 0000
Block_Testbench.u_mem0.data_task: at time 117508939.0 ps INFO: READ @ DQS= bank = 0 row = 0000 col = 00000002 data = aaaa
Block_Testbench.u_mem0.data_task: at time 117510189.0 ps INFO: READ @ DQS= bank = 0 row = 0000 col = 00000003 data = 5555
Block_Testbench.u_mem0.data_task: at time 117511439.0 ps INFO: READ @ DQS= bank = 0 row = 0000 col = 00000004 data = 5555
Block_Testbench.u_mem0.data_task: at time 117512689.0 ps INFO: READ @ DQS= bank = 0 row = 0000 col = 00000005 data = aaaa
Block_Testbench.u_mem0.data_task: at time 117513939.0 ps INFO: READ @ DQS= bank = 0 row = 0000 col = 00000006 data = 9999
Block_Testbench.u_mem0.data_task: at time 117515189.0 ps INFO: READ @ DQS= bank = 0 row = 0000 col = 00000007 data = 6666
Block_Testbench.u_mem0.cmd_task: at time 117535189.0 ps INFO: Precharge bank   0
Block_Testbench.u_mem0.cmd_task: at time 118460189.0 ps INFO: Activate  bank 0 row 0000
Block_Testbench.u_mem0.cmd_task: at time 118482689.0 ps INFO: Read      bank 0 col 000, auto precharge 0
Block_Testbench.u_mem0.cmd_task: at time 118492689.0 ps INFO: Read      bank 0 col 000, auto precharge 0
Block_Testbench.u_mem0.data_task: at time 118496439.0 ps INFO: READ @ DQS= bank = 0 row = 0000 col = 00000000 data = ffff
Block_Testbench.u_mem0.data_task: at time 118497689.0 ps INFO: READ @ DQS= bank = 0 row = 0000 col = 00000001 data = 0000
Block_Testbench.u_mem0.data_task: at time 118498939.0 ps INFO: READ @ DQS= bank = 0 row = 0000 col = 00000002 data = aaaa
Block_Testbench.u_mem0.data_task: at time 118500189.0 ps INFO: READ @ DQS= bank = 0 row = 0000 col = 00000003 data = 5555
Block_Testbench.u_mem0.data_task: at time 118501439.0 ps INFO: READ @ DQS= bank = 0 row = 0000 col = 00000004 data = 5555
Block_Testbench.u_mem0.data_task: at time 118502689.0 ps INFO: READ @ DQS= bank = 0 row = 0000 col = 00000005 data = aaaa
Block_Testbench.u_mem0.data_task: at time 118503939.0 ps INFO: READ @ DQS= bank = 0 row = 0000 col = 00000006 data = 9999
Block_Testbench.u_mem0.data_task: at time 118505189.0 ps INFO: READ @ DQS= bank = 0 row = 0000 col = 00000007 data = 6666
Block_Testbench.u_mem0.data_task: at time 118506439.0 ps INFO: READ @ DQS= bank = 0 row = 0000 col = 00000000 data = ffff
Block_Testbench.u_mem0.data_task: at time 118507689.0 ps INFO: READ @ DQS= bank = 0 row = 0000 col = 00000001 data = 0000
Block_Testbench.u_mem0.data_task: at time 118508939.0 ps INFO: READ @ DQS= bank = 0 row = 0000 col = 00000002 data = aaaa
Block_Testbench.u_mem0.data_task: at time 118510189.0 ps INFO: READ @ DQS= bank = 0 row = 0000 col = 00000003 data = 5555
Block_Testbench.u_mem0.data_task: at time 118511439.0 ps INFO: READ @ DQS= bank = 0 row = 0000 col = 00000004 data = 5555
Block_Testbench.u_mem0.data_task: at time 118512689.0 ps INFO: READ @ DQS= bank = 0 row = 0000 col = 00000005 data = aaaa
Block_Testbench.u_mem0.data_task: at time 118513939.0 ps INFO: READ @ DQS= bank = 0 row = 0000 col = 00000006 data = 9999
Block_Testbench.u_mem0.data_task: at time 118515189.0 ps INFO: READ @ DQS= bank = 0 row = 0000 col = 00000007 data = 6666
Block_Testbench.u_mem0.cmd_task: at time 118535189.0 ps INFO: Precharge bank   0
Block_Testbench.u_mem0.cmd_task: at time 119460189.0 ps INFO: Activate  bank 0 row 0000
Block_Testbench.u_mem0.cmd_task: at time 119482689.0 ps INFO: Read      bank 0 col 000, auto precharge 0
Block_Testbench.u_mem0.cmd_task: at time 119492689.0 ps INFO: Read      bank 0 col 000, auto precharge 0
Block_Testbench.u_mem0.data_task: at time 119496439.0 ps INFO: READ @ DQS= bank = 0 row = 0000 col = 00000000 data = ffff
Block_Testbench.u_mem0.data_task: at time 119497689.0 ps INFO: READ @ DQS= bank = 0 row = 0000 col = 00000001 data = 0000
Block_Testbench.u_mem0.data_task: at time 119498939.0 ps INFO: READ @ DQS= bank = 0 row = 0000 col = 00000002 data = aaaa
Block_Testbench.u_mem0.data_task: at time 119500189.0 ps INFO: READ @ DQS= bank = 0 row = 0000 col = 00000003 data = 5555
Block_Testbench.u_mem0.data_task: at time 119501439.0 ps INFO: READ @ DQS= bank = 0 row = 0000 col = 00000004 data = 5555
Block_Testbench.u_mem0.data_task: at time 119502689.0 ps INFO: READ @ DQS= bank = 0 row = 0000 col = 00000005 data = aaaa
Block_Testbench.u_mem0.data_task: at time 119503939.0 ps INFO: READ @ DQS= bank = 0 row = 0000 col = 00000006 data = 9999
Block_Testbench.u_mem0.data_task: at time 119505189.0 ps INFO: READ @ DQS= bank = 0 row = 0000 col = 00000007 data = 6666
Block_Testbench.u_mem0.data_task: at time 119506439.0 ps INFO: READ @ DQS= bank = 0 row = 0000 col = 00000000 data = ffff
Block_Testbench.u_mem0.data_task: at time 119507689.0 ps INFO: READ @ DQS= bank = 0 row = 0000 col = 00000001 data = 0000
Block_Testbench.u_mem0.data_task: at time 119508939.0 ps INFO: READ @ DQS= bank = 0 row = 0000 col = 00000002 data = aaaa
Block_Testbench.u_mem0.data_task: at time 119510189.0 ps INFO: READ @ DQS= bank = 0 row = 0000 col = 00000003 data = 5555
Block_Testbench.u_mem0.data_task: at time 119511439.0 ps INFO: READ @ DQS= bank = 0 row = 0000 col = 00000004 data = 5555
Block_Testbench.u_mem0.data_task: at time 119512689.0 ps INFO: READ @ DQS= bank = 0 row = 0000 col = 00000005 data = aaaa
Block_Testbench.u_mem0.data_task: at time 119513939.0 ps INFO: READ @ DQS= bank = 0 row = 0000 col = 00000006 data = 9999
Block_Testbench.u_mem0.data_task: at time 119515189.0 ps INFO: READ @ DQS= bank = 0 row = 0000 col = 00000007 data = 6666
Block_Testbench.u_mem0.cmd_task: at time 119535189.0 ps INFO: Precharge bank   0
Block_Testbench.u_mem0.cmd_task: at time 120460189.0 ps INFO: Activate  bank 0 row 0000
Block_Testbench.u_mem0.cmd_task: at time 120482689.0 ps INFO: Read      bank 0 col 000, auto precharge 0
Block_Testbench.u_mem0.cmd_task: at time 120492689.0 ps INFO: Read      bank 0 col 000, auto precharge 0
Block_Testbench.u_mem0.data_task: at time 120496439.0 ps INFO: READ @ DQS= bank = 0 row = 0000 col = 00000000 data = ffff
Block_Testbench.u_mem0.data_task: at time 120497689.0 ps INFO: READ @ DQS= bank = 0 row = 0000 col = 00000001 data = 0000
Block_Testbench.u_mem0.data_task: at time 120498939.0 ps INFO: READ @ DQS= bank = 0 row = 0000 col = 00000002 data = aaaa
Block_Testbench.u_mem0.data_task: at time 120500189.0 ps INFO: READ @ DQS= bank = 0 row = 0000 col = 00000003 data = 5555
Block_Testbench.u_mem0.data_task: at time 120501439.0 ps INFO: READ @ DQS= bank = 0 row = 0000 col = 00000004 data = 5555
Block_Testbench.u_mem0.data_task: at time 120502689.0 ps INFO: READ @ DQS= bank = 0 row = 0000 col = 00000005 data = aaaa
Block_Testbench.u_mem0.data_task: at time 120503939.0 ps INFO: READ @ DQS= bank = 0 row = 0000 col = 00000006 data = 9999
Block_Testbench.u_mem0.data_task: at time 120505189.0 ps INFO: READ @ DQS= bank = 0 row = 0000 col = 00000007 data = 6666
Block_Testbench.u_mem0.data_task: at time 120506439.0 ps INFO: READ @ DQS= bank = 0 row = 0000 col = 00000000 data = ffff
Block_Testbench.u_mem0.data_task: at time 120507689.0 ps INFO: READ @ DQS= bank = 0 row = 0000 col = 00000001 data = 0000
Block_Testbench.u_mem0.data_task: at time 120508939.0 ps INFO: READ @ DQS= bank = 0 row = 0000 col = 00000002 data = aaaa
Block_Testbench.u_mem0.data_task: at time 120510189.0 ps INFO: READ @ DQS= bank = 0 row = 0000 col = 00000003 data = 5555
Block_Testbench.u_mem0.data_task: at time 120511439.0 ps INFO: READ @ DQS= bank = 0 row = 0000 col = 00000004 data = 5555
Block_Testbench.u_mem0.data_task: at time 120512689.0 ps INFO: READ @ DQS= bank = 0 row = 0000 col = 00000005 data = aaaa
Block_Testbench.u_mem0.data_task: at time 120513939.0 ps INFO: READ @ DQS= bank = 0 row = 0000 col = 00000006 data = 9999
Block_Testbench.u_mem0.data_task: at time 120515189.0 ps INFO: READ @ DQS= bank = 0 row = 0000 col = 00000007 data = 6666
Block_Testbench.u_mem0.cmd_task: at time 120535189.0 ps INFO: Precharge bank   0
Block_Testbench.u_mem0.cmd_task: at time 121460189.0 ps INFO: Activate  bank 0 row 0000
Block_Testbench.u_mem0.cmd_task: at time 121482689.0 ps INFO: Read      bank 0 col 000, auto precharge 0
Block_Testbench.u_mem0.cmd_task: at time 121492689.0 ps INFO: Read      bank 0 col 000, auto precharge 0
Block_Testbench.u_mem0.data_task: at time 121496439.0 ps INFO: READ @ DQS= bank = 0 row = 0000 col = 00000000 data = ffff
Block_Testbench.u_mem0.data_task: at time 121497689.0 ps INFO: READ @ DQS= bank = 0 row = 0000 col = 00000001 data = 0000
Block_Testbench.u_mem0.data_task: at time 121498939.0 ps INFO: READ @ DQS= bank = 0 row = 0000 col = 00000002 data = aaaa
Block_Testbench.u_mem0.data_task: at time 121500189.0 ps INFO: READ @ DQS= bank = 0 row = 0000 col = 00000003 data = 5555
Block_Testbench.u_mem0.data_task: at time 121501439.0 ps INFO: READ @ DQS= bank = 0 row = 0000 col = 00000004 data = 5555
Block_Testbench.u_mem0.data_task: at time 121502689.0 ps INFO: READ @ DQS= bank = 0 row = 0000 col = 00000005 data = aaaa
Block_Testbench.u_mem0.data_task: at time 121503939.0 ps INFO: READ @ DQS= bank = 0 row = 0000 col = 00000006 data = 9999
Block_Testbench.u_mem0.data_task: at time 121505189.0 ps INFO: READ @ DQS= bank = 0 row = 0000 col = 00000007 data = 6666
Block_Testbench.u_mem0.data_task: at time 121506439.0 ps INFO: READ @ DQS= bank = 0 row = 0000 col = 00000000 data = ffff
Block_Testbench.u_mem0.data_task: at time 121507689.0 ps INFO: READ @ DQS= bank = 0 row = 0000 col = 00000001 data = 0000
Block_Testbench.u_mem0.data_task: at time 121508939.0 ps INFO: READ @ DQS= bank = 0 row = 0000 col = 00000002 data = aaaa
Block_Testbench.u_mem0.data_task: at time 121510189.0 ps INFO: READ @ DQS= bank = 0 row = 0000 col = 00000003 data = 5555
Block_Testbench.u_mem0.data_task: at time 121511439.0 ps INFO: READ @ DQS= bank = 0 row = 0000 col = 00000004 data = 5555
Block_Testbench.u_mem0.data_task: at time 121512689.0 ps INFO: READ @ DQS= bank = 0 row = 0000 col = 00000005 data = aaaa
Block_Testbench.u_mem0.data_task: at time 121513939.0 ps INFO: READ @ DQS= bank = 0 row = 0000 col = 00000006 data = 9999
Block_Testbench.u_mem0.data_task: at time 121515189.0 ps INFO: READ @ DQS= bank = 0 row = 0000 col = 00000007 data = 6666
Block_Testbench.u_mem0.cmd_task: at time 121535189.0 ps INFO: Precharge bank   0
Block_Testbench.u_mem0.cmd_task: at time 121750189.0 ps INFO: Activate  bank 0 row 0000
Block_Testbench.u_mem0.cmd_task: at time 121772689.0 ps INFO: Read      bank 0 col 000, auto precharge 0
Block_Testbench.u_mem0.cmd_task: at time 121782689.0 ps INFO: Read      bank 0 col 008, auto precharge 0
Block_Testbench.u_mem0.data_task: at time 121786439.0 ps INFO: READ @ DQS= bank = 0 row = 0000 col = 00000000 data = ffff
Block_Testbench.u_mem0.data_task: at time 121787689.0 ps INFO: READ @ DQS= bank = 0 row = 0000 col = 00000001 data = 0000
Block_Testbench.u_mem0.data_task: at time 121788939.0 ps INFO: READ @ DQS= bank = 0 row = 0000 col = 00000002 data = aaaa
Block_Testbench.u_mem0.data_task: at time 121790189.0 ps INFO: READ @ DQS= bank = 0 row = 0000 col = 00000003 data = 5555
Block_Testbench.u_mem0.data_task: at time 121791439.0 ps INFO: READ @ DQS= bank = 0 row = 0000 col = 00000004 data = 5555
Block_Testbench.u_mem0.data_task: at time 121792689.0 ps INFO: READ @ DQS= bank = 0 row = 0000 col = 00000005 data = aaaa
Block_Testbench.u_mem0.cmd_task: at time 121792689.0 ps INFO: Read      bank 0 col 010, auto precharge 0
Block_Testbench.u_mem0.data_task: at time 121793939.0 ps INFO: READ @ DQS= bank = 0 row = 0000 col = 00000006 data = 9999
Block_Testbench.u_mem0.data_task: at time 121795189.0 ps INFO: READ @ DQS= bank = 0 row = 0000 col = 00000007 data = 6666
Block_Testbench.u_mem0.data_task: at time 121796439.0 ps INFO: READ @ DQS= bank = 0 row = 0000 col = 00000008 data = bbbb
Block_Testbench.u_mem0.data_task: at time 121797689.0 ps INFO: READ @ DQS= bank = 0 row = 0000 col = 00000009 data = 1111
Block_Testbench.u_mem0.data_task: at time 121798939.0 ps INFO: READ @ DQS= bank = 0 row = 0000 col = 0000000a data = eeee
Block_Testbench.u_mem0.data_task: at time 121800189.0 ps INFO: READ @ DQS= bank = 0 row = 0000 col = 0000000b data = 4444
Block_Testbench.u_mem0.data_task: at time 121801439.0 ps INFO: READ @ DQS= bank = 0 row = 0000 col = 0000000c data = 4444
Block_Testbench.u_mem0.data_task: at time 121802689.0 ps INFO: READ @ DQS= bank = 0 row = 0000 col = 0000000d data = eeee
Block_Testbench.u_mem0.cmd_task: at time 121802689.0 ps INFO: Read      bank 0 col 018, auto precharge 0
Block_Testbench.u_mem0.data_task: at time 121803939.0 ps INFO: READ @ DQS= bank = 0 row = 0000 col = 0000000e data = dddd
Block_Testbench.u_mem0.data_task: at time 121805189.0 ps INFO: READ @ DQS= bank = 0 row = 0000 col = 0000000f data = 8888
Block_Testbench.u_mem0.data_task: at time 121806439.0 ps INFO: READ @ DQS= bank = 0 row = 0000 col = 00000010 data = bbbb
Block_Testbench.u_mem0.data_task: at time 121807689.0 ps INFO: READ @ DQS= bank = 0 row = 0000 col = 00000011 data = 1111
Block_Testbench.u_mem0.data_task: at time 121808939.0 ps INFO: READ @ DQS= bank = 0 row = 0000 col = 00000012 data = eeee
Block_Testbench.u_mem0.data_task: at time 121810189.0 ps INFO: READ @ DQS= bank = 0 row = 0000 col = 00000013 data = 4444
Block_Testbench.u_mem0.data_task: at time 121811439.0 ps INFO: READ @ DQS= bank = 0 row = 0000 col = 00000014 data = 4444
Block_Testbench.u_mem0.data_task: at time 121812689.0 ps INFO: READ @ DQS= bank = 0 row = 0000 col = 00000015 data = eeee
Block_Testbench.u_mem0.data_task: at time 121813939.0 ps INFO: READ @ DQS= bank = 0 row = 0000 col = 00000016 data = dddd
Block_Testbench.u_mem0.data_task: at time 121815189.0 ps INFO: READ @ DQS= bank = 0 row = 0000 col = 00000017 data = 8888
Block_Testbench.u_mem0.data_task: at time 121816439.0 ps INFO: READ @ DQS= bank = 0 row = 0000 col = 00000018 data = bbbb
Block_Testbench.u_mem0.data_task: at time 121817689.0 ps INFO: READ @ DQS= bank = 0 row = 0000 col = 00000019 data = 1111
Block_Testbench.u_mem0.data_task: at time 121818939.0 ps INFO: READ @ DQS= bank = 0 row = 0000 col = 0000001a data = eeee
Block_Testbench.u_mem0.data_task: at time 121820189.0 ps INFO: READ @ DQS= bank = 0 row = 0000 col = 0000001b data = 4444
Block_Testbench.u_mem0.data_task: at time 121821439.0 ps INFO: READ @ DQS= bank = 0 row = 0000 col = 0000001c data = 4444
Block_Testbench.u_mem0.data_task: at time 121822689.0 ps INFO: READ @ DQS= bank = 0 row = 0000 col = 0000001d data = eeee
Block_Testbench.u_mem0.data_task: at time 121823939.0 ps INFO: READ @ DQS= bank = 0 row = 0000 col = 0000001e data = dddd
Block_Testbench.u_mem0.data_task: at time 121825189.0 ps INFO: READ @ DQS= bank = 0 row = 0000 col = 0000001f data = 8888
Block_Testbench.u_mem0.cmd_task: at time 121845189.0 ps INFO: Precharge bank   0
Block_Testbench.u_mem0.cmd_task: at time 122860189.0 ps INFO: Activate  bank 0 row 0000
Block_Testbench.u_mem0.cmd_task: at time 122882689.0 ps INFO: Read      bank 0 col 018, auto precharge 0
Block_Testbench.u_mem0.cmd_task: at time 122892689.0 ps INFO: Read      bank 0 col 018, auto precharge 0
Block_Testbench.u_mem0.data_task: at time 122896439.0 ps INFO: READ @ DQS= bank = 0 row = 0000 col = 00000018 data = bbbb
Block_Testbench.u_mem0.data_task: at time 122897689.0 ps INFO: READ @ DQS= bank = 0 row = 0000 col = 00000019 data = 1111
Block_Testbench.u_mem0.data_task: at time 122898939.0 ps INFO: READ @ DQS= bank = 0 row = 0000 col = 0000001a data = eeee
Block_Testbench.u_mem0.data_task: at time 122900189.0 ps INFO: READ @ DQS= bank = 0 row = 0000 col = 0000001b data = 4444
Block_Testbench.u_mem0.data_task: at time 122901439.0 ps INFO: READ @ DQS= bank = 0 row = 0000 col = 0000001c data = 4444
Block_Testbench.u_mem0.data_task: at time 122902689.0 ps INFO: READ @ DQS= bank = 0 row = 0000 col = 0000001d data = eeee
Block_Testbench.u_mem0.data_task: at time 122903939.0 ps INFO: READ @ DQS= bank = 0 row = 0000 col = 0000001e data = dddd
Block_Testbench.u_mem0.data_task: at time 122905189.0 ps INFO: READ @ DQS= bank = 0 row = 0000 col = 0000001f data = 8888
Block_Testbench.u_mem0.data_task: at time 122906439.0 ps INFO: READ @ DQS= bank = 0 row = 0000 col = 00000018 data = bbbb
Block_Testbench.u_mem0.data_task: at time 122907689.0 ps INFO: READ @ DQS= bank = 0 row = 0000 col = 00000019 data = 1111
Block_Testbench.u_mem0.data_task: at time 122908939.0 ps INFO: READ @ DQS= bank = 0 row = 0000 col = 0000001a data = eeee
Block_Testbench.u_mem0.data_task: at time 122910189.0 ps INFO: READ @ DQS= bank = 0 row = 0000 col = 0000001b data = 4444
Block_Testbench.u_mem0.data_task: at time 122911439.0 ps INFO: READ @ DQS= bank = 0 row = 0000 col = 0000001c data = 4444
Block_Testbench.u_mem0.data_task: at time 122912689.0 ps INFO: READ @ DQS= bank = 0 row = 0000 col = 0000001d data = eeee
Block_Testbench.u_mem0.data_task: at time 122913939.0 ps INFO: READ @ DQS= bank = 0 row = 0000 col = 0000001e data = dddd
Block_Testbench.u_mem0.data_task: at time 122915189.0 ps INFO: READ @ DQS= bank = 0 row = 0000 col = 0000001f data = 8888
Block_Testbench.u_mem0.cmd_task: at time 122935189.0 ps INFO: Precharge bank   0
Block_Testbench.u_mem0.cmd_task: at time 123660189.0 ps INFO: Refresh  
Block_Testbench.u_mem0.cmd_task: at time 123860189.0 ps INFO: Activate  bank 0 row 0000
Block_Testbench.u_mem0.cmd_task: at time 123882689.0 ps INFO: Read      bank 0 col 018, auto precharge 0
Block_Testbench.u_mem0.cmd_task: at time 123892689.0 ps INFO: Read      bank 0 col 018, auto precharge 0
Block_Testbench.u_mem0.data_task: at time 123896439.0 ps INFO: READ @ DQS= bank = 0 row = 0000 col = 00000018 data = bbbb
Block_Testbench.u_mem0.data_task: at time 123897689.0 ps INFO: READ @ DQS= bank = 0 row = 0000 col = 00000019 data = 1111
Block_Testbench.u_mem0.data_task: at time 123898939.0 ps INFO: READ @ DQS= bank = 0 row = 0000 col = 0000001a data = eeee
Block_Testbench.u_mem0.data_task: at time 123900189.0 ps INFO: READ @ DQS= bank = 0 row = 0000 col = 0000001b data = 4444
Block_Testbench.u_mem0.data_task: at time 123901439.0 ps INFO: READ @ DQS= bank = 0 row = 0000 col = 0000001c data = 4444
Block_Testbench.u_mem0.data_task: at time 123902689.0 ps INFO: READ @ DQS= bank = 0 row = 0000 col = 0000001d data = eeee
Block_Testbench.u_mem0.data_task: at time 123903939.0 ps INFO: READ @ DQS= bank = 0 row = 0000 col = 0000001e data = dddd
Block_Testbench.u_mem0.data_task: at time 123905189.0 ps INFO: READ @ DQS= bank = 0 row = 0000 col = 0000001f data = 8888
Block_Testbench.u_mem0.data_task: at time 123906439.0 ps INFO: READ @ DQS= bank = 0 row = 0000 col = 00000018 data = bbbb
Block_Testbench.u_mem0.data_task: at time 123907689.0 ps INFO: READ @ DQS= bank = 0 row = 0000 col = 00000019 data = 1111
Block_Testbench.u_mem0.data_task: at time 123908939.0 ps INFO: READ @ DQS= bank = 0 row = 0000 col = 0000001a data = eeee
Block_Testbench.u_mem0.data_task: at time 123910189.0 ps INFO: READ @ DQS= bank = 0 row = 0000 col = 0000001b data = 4444
Block_Testbench.u_mem0.data_task: at time 123911439.0 ps INFO: READ @ DQS= bank = 0 row = 0000 col = 0000001c data = 4444
Block_Testbench.u_mem0.data_task: at time 123912689.0 ps INFO: READ @ DQS= bank = 0 row = 0000 col = 0000001d data = eeee
Block_Testbench.u_mem0.data_task: at time 123913939.0 ps INFO: READ @ DQS= bank = 0 row = 0000 col = 0000001e data = dddd
Block_Testbench.u_mem0.data_task: at time 123915189.0 ps INFO: READ @ DQS= bank = 0 row = 0000 col = 0000001f data = 8888
Block_Testbench.u_mem0.cmd_task: at time 123935189.0 ps INFO: Precharge bank   0
Block_Testbench.u_mem0.cmd_task: at time 124860189.0 ps INFO: Activate  bank 0 row 0000
Block_Testbench.u_mem0.cmd_task: at time 124882689.0 ps INFO: Read      bank 0 col 018, auto precharge 0
Block_Testbench.u_mem0.cmd_task: at time 124892689.0 ps INFO: Read      bank 0 col 018, auto precharge 0
Block_Testbench.u_mem0.data_task: at time 124896439.0 ps INFO: READ @ DQS= bank = 0 row = 0000 col = 00000018 data = bbbb
Block_Testbench.u_mem0.data_task: at time 124897689.0 ps INFO: READ @ DQS= bank = 0 row = 0000 col = 00000019 data = 1111
Block_Testbench.u_mem0.data_task: at time 124898939.0 ps INFO: READ @ DQS= bank = 0 row = 0000 col = 0000001a data = eeee
Block_Testbench.u_mem0.data_task: at time 124900189.0 ps INFO: READ @ DQS= bank = 0 row = 0000 col = 0000001b data = 4444
Block_Testbench.u_mem0.data_task: at time 124901439.0 ps INFO: READ @ DQS= bank = 0 row = 0000 col = 0000001c data = 4444
Block_Testbench.u_mem0.data_task: at time 124902689.0 ps INFO: READ @ DQS= bank = 0 row = 0000 col = 0000001d data = eeee
Block_Testbench.u_mem0.data_task: at time 124903939.0 ps INFO: READ @ DQS= bank = 0 row = 0000 col = 0000001e data = dddd
Block_Testbench.u_mem0.data_task: at time 124905189.0 ps INFO: READ @ DQS= bank = 0 row = 0000 col = 0000001f data = 8888
Block_Testbench.u_mem0.data_task: at time 124906439.0 ps INFO: READ @ DQS= bank = 0 row = 0000 col = 00000018 data = bbbb
Block_Testbench.u_mem0.data_task: at time 124907689.0 ps INFO: READ @ DQS= bank = 0 row = 0000 col = 00000019 data = 1111
Block_Testbench.u_mem0.data_task: at time 124908939.0 ps INFO: READ @ DQS= bank = 0 row = 0000 col = 0000001a data = eeee
Block_Testbench.u_mem0.data_task: at time 124910189.0 ps INFO: READ @ DQS= bank = 0 row = 0000 col = 0000001b data = 4444
Block_Testbench.u_mem0.data_task: at time 124911439.0 ps INFO: READ @ DQS= bank = 0 row = 0000 col = 0000001c data = 4444
Block_Testbench.u_mem0.data_task: at time 124912689.0 ps INFO: READ @ DQS= bank = 0 row = 0000 col = 0000001d data = eeee
Block_Testbench.u_mem0.data_task: at time 124913939.0 ps INFO: READ @ DQS= bank = 0 row = 0000 col = 0000001e data = dddd
Block_Testbench.u_mem0.data_task: at time 124915189.0 ps INFO: READ @ DQS= bank = 0 row = 0000 col = 0000001f data = 8888
Block_Testbench.u_mem0.cmd_task: at time 124935189.0 ps INFO: Precharge bank   0
Block_Testbench.u_mem0.cmd_task: at time 125740189.0 ps INFO: Activate  bank 0 row 0000
Block_Testbench.u_mem0.cmd_task: at time 125762689.0 ps INFO: Write     bank 0 col 000, auto precharge 0
Block_Testbench.u_mem0.main: at time 125767689.0 ps INFO: Sync On Die Termination Rtt_NOM =         60 Ohm
Block_Testbench.u_mem0.data_task: at time 125776439.0 ps INFO: WRITE @ DQS= bank = 0 row = 0000 col = 00000000 data = 6548
Block_Testbench.u_mem0.data_task: at time 125777689.0 ps INFO: WRITE @ DQS= bank = 0 row = 0000 col = 00000001 data = 6c6c
Block_Testbench.u_mem0.data_task: at time 125778939.0 ps INFO: WRITE @ DQS= bank = 0 row = 0000 col = 00000002 data = 206f
Block_Testbench.u_mem0.data_task: at time 125780189.0 ps INFO: WRITE @ DQS= bank = 0 row = 0000 col = 00000003 data = 7266
Block_Testbench.u_mem0.data_task: at time 125781439.0 ps INFO: WRITE @ DQS= bank = 0 row = 0000 col = 00000004 data = 6d6f
Block_Testbench.u_mem0.data_task: at time 125782689.0 ps INFO: WRITE @ DQS= bank = 0 row = 0000 col = 00000005 data = 5220
Block_Testbench.u_mem0.cmd_task: at time 125782689.0 ps INFO: Write     bank 0 col 008, auto precharge 0
Block_Testbench.u_mem0.data_task: at time 125783939.0 ps INFO: WRITE @ DQS= bank = 0 row = 0000 col = 00000006 data = 5349
Block_Testbench.u_mem0.data_task: at time 125785189.0 ps INFO: WRITE @ DQS= bank = 0 row = 0000 col = 00000007 data = 2d43
Block_Testbench.u_mem0.data_task: at time 125796439.0 ps INFO: WRITE @ DQS= bank = 0 row = 0000 col = 00000008 data = 2156
Block_Testbench.u_mem0.data_task: at time 125797689.0 ps INFO: WRITE @ DQS= bank = 0 row = 0000 col = 00000009 data = 2121
Block_Testbench.u_mem0.data_task: at time 125798939.0 ps INFO: WRITE @ DQS= bank = 0 row = 0000 col = 0000000a data = 000d
Block_Testbench.u_mem0.data_task: at time 125800189.0 ps INFO: WRITE @ DQS= bank = 0 row = 0000 col = 0000000b data = 4444
Block_Testbench.u_mem0.data_task: at time 125801439.0 ps INFO: WRITE @ DQS= bank = 0 row = 0000 col = 0000000c data = 4444
Block_Testbench.u_mem0.data_task: at time 125802689.0 ps INFO: WRITE @ DQS= bank = 0 row = 0000 col = 0000000d data = eeee
Block_Testbench.u_mem0.data_task: at time 125803939.0 ps INFO: WRITE @ DQS= bank = 0 row = 0000 col = 0000000e data = dddd
Block_Testbench.u_mem0.data_task: at time 125805189.0 ps INFO: WRITE @ DQS= bank = 0 row = 0000 col = 0000000f data = 8888
Block_Testbench.u_mem0.main: at time 125807689.0 ps INFO: Sync On Die Termination Rtt_NOM =          0 Ohm
Block_Testbench.u_mem0.cmd_task: at time 125822689.0 ps INFO: Write     bank 0 col 010, auto precharge 0
Block_Testbench.u_mem0.main: at time 125827689.0 ps INFO: Sync On Die Termination Rtt_NOM =         60 Ohm
Block_Testbench.u_mem0.data_task: at time 125836439.0 ps INFO: WRITE @ DQS= bank = 0 row = 0000 col = 00000010 data = bbbb
Block_Testbench.u_mem0.data_task: at time 125837689.0 ps INFO: WRITE @ DQS= bank = 0 row = 0000 col = 00000011 data = 1111
Block_Testbench.u_mem0.data_task: at time 125838939.0 ps INFO: WRITE @ DQS= bank = 0 row = 0000 col = 00000012 data = eeee
Block_Testbench.u_mem0.data_task: at time 125840189.0 ps INFO: WRITE @ DQS= bank = 0 row = 0000 col = 00000013 data = 4444
Block_Testbench.u_mem0.data_task: at time 125841439.0 ps INFO: WRITE @ DQS= bank = 0 row = 0000 col = 00000014 data = 4444
Block_Testbench.u_mem0.data_task: at time 125842689.0 ps INFO: WRITE @ DQS= bank = 0 row = 0000 col = 00000015 data = eeee
Block_Testbench.u_mem0.data_task: at time 125843939.0 ps INFO: WRITE @ DQS= bank = 0 row = 0000 col = 00000016 data = dddd
Block_Testbench.u_mem0.data_task: at time 125845189.0 ps INFO: WRITE @ DQS= bank = 0 row = 0000 col = 00000017 data = 8888
Block_Testbench.u_mem0.main: at time 125847689.0 ps INFO: Sync On Die Termination Rtt_NOM =          0 Ohm
Block_Testbench.u_mem0.cmd_task: at time 125862689.0 ps INFO: Read      bank 0 col 018, auto precharge 0
Block_Testbench.u_mem0.cmd_task: at time 125872689.0 ps INFO: Read      bank 0 col 018, auto precharge 0
Block_Testbench.u_mem0.data_task: at time 125876439.0 ps INFO: READ @ DQS= bank = 0 row = 0000 col = 00000018 data = bbbb
Block_Testbench.u_mem0.data_task: at time 125877689.0 ps INFO: READ @ DQS= bank = 0 row = 0000 col = 00000019 data = 1111
Block_Testbench.u_mem0.data_task: at time 125878939.0 ps INFO: READ @ DQS= bank = 0 row = 0000 col = 0000001a data = eeee
Block_Testbench.u_mem0.data_task: at time 125880189.0 ps INFO: READ @ DQS= bank = 0 row = 0000 col = 0000001b data = 4444
Block_Testbench.u_mem0.data_task: at time 125881439.0 ps INFO: READ @ DQS= bank = 0 row = 0000 col = 0000001c data = 4444
Block_Testbench.u_mem0.data_task: at time 125882689.0 ps INFO: READ @ DQS= bank = 0 row = 0000 col = 0000001d data = eeee
Block_Testbench.u_mem0.data_task: at time 125883939.0 ps INFO: READ @ DQS= bank = 0 row = 0000 col = 0000001e data = dddd
Block_Testbench.u_mem0.data_task: at time 125885189.0 ps INFO: READ @ DQS= bank = 0 row = 0000 col = 0000001f data = 8888
Block_Testbench.u_mem0.data_task: at time 125886439.0 ps INFO: READ @ DQS= bank = 0 row = 0000 col = 00000018 data = bbbb
Block_Testbench.u_mem0.data_task: at time 125887689.0 ps INFO: READ @ DQS= bank = 0 row = 0000 col = 00000019 data = 1111
Block_Testbench.u_mem0.data_task: at time 125888939.0 ps INFO: READ @ DQS= bank = 0 row = 0000 col = 0000001a data = eeee
Block_Testbench.u_mem0.data_task: at time 125890189.0 ps INFO: READ @ DQS= bank = 0 row = 0000 col = 0000001b data = 4444
Block_Testbench.u_mem0.data_task: at time 125891439.0 ps INFO: READ @ DQS= bank = 0 row = 0000 col = 0000001c data = 4444
Block_Testbench.u_mem0.data_task: at time 125892689.0 ps INFO: READ @ DQS= bank = 0 row = 0000 col = 0000001d data = eeee
Block_Testbench.u_mem0.data_task: at time 125893939.0 ps INFO: READ @ DQS= bank = 0 row = 0000 col = 0000001e data = dddd
Block_Testbench.u_mem0.data_task: at time 125895189.0 ps INFO: READ @ DQS= bank = 0 row = 0000 col = 0000001f data = 8888
Block_Testbench.u_mem0.cmd_task: at time 125902689.0 ps INFO: Write     bank 0 col 018, auto precharge 0
Block_Testbench.u_mem0.main: at time 125907689.0 ps INFO: Sync On Die Termination Rtt_NOM =         60 Ohm
Block_Testbench.u_mem0.data_task: at time 125916439.0 ps INFO: WRITE @ DQS= bank = 0 row = 0000 col = 00000018 data = bbbb
Block_Testbench.u_mem0.data_task: at time 125917689.0 ps INFO: WRITE @ DQS= bank = 0 row = 0000 col = 00000019 data = 1111
Block_Testbench.u_mem0.data_task: at time 125918939.0 ps INFO: WRITE @ DQS= bank = 0 row = 0000 col = 0000001a data = eeee
Block_Testbench.u_mem0.data_task: at time 125920189.0 ps INFO: WRITE @ DQS= bank = 0 row = 0000 col = 0000001b data = 4444
Block_Testbench.u_mem0.data_task: at time 125921439.0 ps INFO: WRITE @ DQS= bank = 0 row = 0000 col = 0000001c data = 4444
Block_Testbench.u_mem0.data_task: at time 125922689.0 ps INFO: WRITE @ DQS= bank = 0 row = 0000 col = 0000001d data = eeee
Block_Testbench.u_mem0.data_task: at time 125923939.0 ps INFO: WRITE @ DQS= bank = 0 row = 0000 col = 0000001e data = dddd
Block_Testbench.u_mem0.data_task: at time 125925189.0 ps INFO: WRITE @ DQS= bank = 0 row = 0000 col = 0000001f data = 8888
Block_Testbench.u_mem0.main: at time 125927689.0 ps INFO: Sync On Die Termination Rtt_NOM =          0 Ohm
Block_Testbench.u_mem0.cmd_task: at time 125955189.0 ps INFO: Precharge bank   0
Block_Testbench.u_mem0.cmd_task: at time 126860189.0 ps INFO: Activate  bank 0 row 0000
Block_Testbench.u_mem0.cmd_task: at time 126882689.0 ps INFO: Read      bank 0 col 018, auto precharge 0
Block_Testbench.u_mem0.cmd_task: at time 126892689.0 ps INFO: Read      bank 0 col 018, auto precharge 0
Block_Testbench.u_mem0.data_task: at time 126896439.0 ps INFO: READ @ DQS= bank = 0 row = 0000 col = 00000018 data = bbbb
Block_Testbench.u_mem0.data_task: at time 126897689.0 ps INFO: READ @ DQS= bank = 0 row = 0000 col = 00000019 data = 1111
Block_Testbench.u_mem0.data_task: at time 126898939.0 ps INFO: READ @ DQS= bank = 0 row = 0000 col = 0000001a data = eeee
Block_Testbench.u_mem0.data_task: at time 126900189.0 ps INFO: READ @ DQS= bank = 0 row = 0000 col = 0000001b data = 4444
Block_Testbench.u_mem0.data_task: at time 126901439.0 ps INFO: READ @ DQS= bank = 0 row = 0000 col = 0000001c data = 4444
Block_Testbench.u_mem0.data_task: at time 126902689.0 ps INFO: READ @ DQS= bank = 0 row = 0000 col = 0000001d data = eeee
Block_Testbench.u_mem0.data_task: at time 126903939.0 ps INFO: READ @ DQS= bank = 0 row = 0000 col = 0000001e data = dddd
Block_Testbench.u_mem0.data_task: at time 126905189.0 ps INFO: READ @ DQS= bank = 0 row = 0000 col = 0000001f data = 8888
Block_Testbench.u_mem0.data_task: at time 126906439.0 ps INFO: READ @ DQS= bank = 0 row = 0000 col = 00000018 data = bbbb
Block_Testbench.u_mem0.data_task: at time 126907689.0 ps INFO: READ @ DQS= bank = 0 row = 0000 col = 00000019 data = 1111
Block_Testbench.u_mem0.data_task: at time 126908939.0 ps INFO: READ @ DQS= bank = 0 row = 0000 col = 0000001a data = eeee
Block_Testbench.u_mem0.data_task: at time 126910189.0 ps INFO: READ @ DQS= bank = 0 row = 0000 col = 0000001b data = 4444
Block_Testbench.u_mem0.data_task: at time 126911439.0 ps INFO: READ @ DQS= bank = 0 row = 0000 col = 0000001c data = 4444
Block_Testbench.u_mem0.data_task: at time 126912689.0 ps INFO: READ @ DQS= bank = 0 row = 0000 col = 0000001d data = eeee
Block_Testbench.u_mem0.data_task: at time 126913939.0 ps INFO: READ @ DQS= bank = 0 row = 0000 col = 0000001e data = dddd
Block_Testbench.u_mem0.data_task: at time 126915189.0 ps INFO: READ @ DQS= bank = 0 row = 0000 col = 0000001f data = 8888
Block_Testbench.u_mem0.cmd_task: at time 126935189.0 ps INFO: Precharge bank   0
Block_Testbench.u_mem0.cmd_task: at time 127860189.0 ps INFO: Activate  bank 0 row 0000
Block_Testbench.u_mem0.cmd_task: at time 127882689.0 ps INFO: Read      bank 0 col 018, auto precharge 0
Block_Testbench.u_mem0.cmd_task: at time 127892689.0 ps INFO: Read      bank 0 col 018, auto precharge 0
Block_Testbench.u_mem0.data_task: at time 127896439.0 ps INFO: READ @ DQS= bank = 0 row = 0000 col = 00000018 data = bbbb
Block_Testbench.u_mem0.data_task: at time 127897689.0 ps INFO: READ @ DQS= bank = 0 row = 0000 col = 00000019 data = 1111
Block_Testbench.u_mem0.data_task: at time 127898939.0 ps INFO: READ @ DQS= bank = 0 row = 0000 col = 0000001a data = eeee
Block_Testbench.u_mem0.data_task: at time 127900189.0 ps INFO: READ @ DQS= bank = 0 row = 0000 col = 0000001b data = 4444
Block_Testbench.u_mem0.data_task: at time 127901439.0 ps INFO: READ @ DQS= bank = 0 row = 0000 col = 0000001c data = 4444
Block_Testbench.u_mem0.data_task: at time 127902689.0 ps INFO: READ @ DQS= bank = 0 row = 0000 col = 0000001d data = eeee
Block_Testbench.u_mem0.data_task: at time 127903939.0 ps INFO: READ @ DQS= bank = 0 row = 0000 col = 0000001e data = dddd
Block_Testbench.u_mem0.data_task: at time 127905189.0 ps INFO: READ @ DQS= bank = 0 row = 0000 col = 0000001f data = 8888
Block_Testbench.u_mem0.data_task: at time 127906439.0 ps INFO: READ @ DQS= bank = 0 row = 0000 col = 00000018 data = bbbb
Block_Testbench.u_mem0.data_task: at time 127907689.0 ps INFO: READ @ DQS= bank = 0 row = 0000 col = 00000019 data = 1111
Block_Testbench.u_mem0.data_task: at time 127908939.0 ps INFO: READ @ DQS= bank = 0 row = 0000 col = 0000001a data = eeee
Block_Testbench.u_mem0.data_task: at time 127910189.0 ps INFO: READ @ DQS= bank = 0 row = 0000 col = 0000001b data = 4444
Block_Testbench.u_mem0.data_task: at time 127911439.0 ps INFO: READ @ DQS= bank = 0 row = 0000 col = 0000001c data = 4444
Block_Testbench.u_mem0.data_task: at time 127912689.0 ps INFO: READ @ DQS= bank = 0 row = 0000 col = 0000001d data = eeee
Block_Testbench.u_mem0.data_task: at time 127913939.0 ps INFO: READ @ DQS= bank = 0 row = 0000 col = 0000001e data = dddd
Block_Testbench.u_mem0.data_task: at time 127915189.0 ps INFO: READ @ DQS= bank = 0 row = 0000 col = 0000001f data = 8888
Block_Testbench.u_mem0.cmd_task: at time 127935189.0 ps INFO: Precharge bank   0
Block_Testbench.u_mem0.cmd_task: at time 128860189.0 ps INFO: Activate  bank 0 row 0000
Block_Testbench.u_mem0.cmd_task: at time 128882689.0 ps INFO: Read      bank 0 col 018, auto precharge 0
Block_Testbench.u_mem0.cmd_task: at time 128892689.0 ps INFO: Read      bank 0 col 018, auto precharge 0
Block_Testbench.u_mem0.data_task: at time 128896439.0 ps INFO: READ @ DQS= bank = 0 row = 0000 col = 00000018 data = bbbb
Block_Testbench.u_mem0.data_task: at time 128897689.0 ps INFO: READ @ DQS= bank = 0 row = 0000 col = 00000019 data = 1111
Block_Testbench.u_mem0.data_task: at time 128898939.0 ps INFO: READ @ DQS= bank = 0 row = 0000 col = 0000001a data = eeee
Block_Testbench.u_mem0.data_task: at time 128900189.0 ps INFO: READ @ DQS= bank = 0 row = 0000 col = 0000001b data = 4444
Block_Testbench.u_mem0.data_task: at time 128901439.0 ps INFO: READ @ DQS= bank = 0 row = 0000 col = 0000001c data = 4444
Block_Testbench.u_mem0.data_task: at time 128902689.0 ps INFO: READ @ DQS= bank = 0 row = 0000 col = 0000001d data = eeee
Block_Testbench.u_mem0.data_task: at time 128903939.0 ps INFO: READ @ DQS= bank = 0 row = 0000 col = 0000001e data = dddd
Block_Testbench.u_mem0.data_task: at time 128905189.0 ps INFO: READ @ DQS= bank = 0 row = 0000 col = 0000001f data = 8888
Block_Testbench.u_mem0.data_task: at time 128906439.0 ps INFO: READ @ DQS= bank = 0 row = 0000 col = 00000018 data = bbbb
Block_Testbench.u_mem0.data_task: at time 128907689.0 ps INFO: READ @ DQS= bank = 0 row = 0000 col = 00000019 data = 1111
Block_Testbench.u_mem0.data_task: at time 128908939.0 ps INFO: READ @ DQS= bank = 0 row = 0000 col = 0000001a data = eeee
Block_Testbench.u_mem0.data_task: at time 128910189.0 ps INFO: READ @ DQS= bank = 0 row = 0000 col = 0000001b data = 4444
Block_Testbench.u_mem0.data_task: at time 128911439.0 ps INFO: READ @ DQS= bank = 0 row = 0000 col = 0000001c data = 4444
Block_Testbench.u_mem0.data_task: at time 128912689.0 ps INFO: READ @ DQS= bank = 0 row = 0000 col = 0000001d data = eeee
Block_Testbench.u_mem0.data_task: at time 128913939.0 ps INFO: READ @ DQS= bank = 0 row = 0000 col = 0000001e data = dddd
Block_Testbench.u_mem0.data_task: at time 128915189.0 ps INFO: READ @ DQS= bank = 0 row = 0000 col = 0000001f data = 8888
Block_Testbench.u_mem0.cmd_task: at time 128935189.0 ps INFO: Precharge bank   0
Block_Testbench.u_mem0.cmd_task: at time 129860189.0 ps INFO: Activate  bank 0 row 0000
Block_Testbench.u_mem0.cmd_task: at time 129882689.0 ps INFO: Read      bank 0 col 018, auto precharge 0
Block_Testbench.u_mem0.cmd_task: at time 129892689.0 ps INFO: Read      bank 0 col 018, auto precharge 0
Block_Testbench.u_mem0.data_task: at time 129896439.0 ps INFO: READ @ DQS= bank = 0 row = 0000 col = 00000018 data = bbbb
Block_Testbench.u_mem0.data_task: at time 129897689.0 ps INFO: READ @ DQS= bank = 0 row = 0000 col = 00000019 data = 1111
Block_Testbench.u_mem0.data_task: at time 129898939.0 ps INFO: READ @ DQS= bank = 0 row = 0000 col = 0000001a data = eeee
Block_Testbench.u_mem0.data_task: at time 129900189.0 ps INFO: READ @ DQS= bank = 0 row = 0000 col = 0000001b data = 4444
Block_Testbench.u_mem0.data_task: at time 129901439.0 ps INFO: READ @ DQS= bank = 0 row = 0000 col = 0000001c data = 4444
Block_Testbench.u_mem0.data_task: at time 129902689.0 ps INFO: READ @ DQS= bank = 0 row = 0000 col = 0000001d data = eeee
Block_Testbench.u_mem0.data_task: at time 129903939.0 ps INFO: READ @ DQS= bank = 0 row = 0000 col = 0000001e data = dddd
Block_Testbench.u_mem0.data_task: at time 129905189.0 ps INFO: READ @ DQS= bank = 0 row = 0000 col = 0000001f data = 8888
Block_Testbench.u_mem0.data_task: at time 129906439.0 ps INFO: READ @ DQS= bank = 0 row = 0000 col = 00000018 data = bbbb
Block_Testbench.u_mem0.data_task: at time 129907689.0 ps INFO: READ @ DQS= bank = 0 row = 0000 col = 00000019 data = 1111
Block_Testbench.u_mem0.data_task: at time 129908939.0 ps INFO: READ @ DQS= bank = 0 row = 0000 col = 0000001a data = eeee
Block_Testbench.u_mem0.data_task: at time 129910189.0 ps INFO: READ @ DQS= bank = 0 row = 0000 col = 0000001b data = 4444
Block_Testbench.u_mem0.data_task: at time 129911439.0 ps INFO: READ @ DQS= bank = 0 row = 0000 col = 0000001c data = 4444
Block_Testbench.u_mem0.data_task: at time 129912689.0 ps INFO: READ @ DQS= bank = 0 row = 0000 col = 0000001d data = eeee
Block_Testbench.u_mem0.data_task: at time 129913939.0 ps INFO: READ @ DQS= bank = 0 row = 0000 col = 0000001e data = dddd
Block_Testbench.u_mem0.data_task: at time 129915189.0 ps INFO: READ @ DQS= bank = 0 row = 0000 col = 0000001f data = 8888
Block_Testbench.u_mem0.cmd_task: at time 129935189.0 ps INFO: Precharge bank   0
Block_Testbench.u_mem0.cmd_task: at time 130860189.0 ps INFO: Activate  bank 0 row 0000
Block_Testbench.u_mem0.cmd_task: at time 130882689.0 ps INFO: Read      bank 0 col 018, auto precharge 0
Block_Testbench.u_mem0.cmd_task: at time 130892689.0 ps INFO: Read      bank 0 col 018, auto precharge 0
Block_Testbench.u_mem0.data_task: at time 130896439.0 ps INFO: READ @ DQS= bank = 0 row = 0000 col = 00000018 data = bbbb
Block_Testbench.u_mem0.data_task: at time 130897689.0 ps INFO: READ @ DQS= bank = 0 row = 0000 col = 00000019 data = 1111
Block_Testbench.u_mem0.data_task: at time 130898939.0 ps INFO: READ @ DQS= bank = 0 row = 0000 col = 0000001a data = eeee
Block_Testbench.u_mem0.data_task: at time 130900189.0 ps INFO: READ @ DQS= bank = 0 row = 0000 col = 0000001b data = 4444
Block_Testbench.u_mem0.data_task: at time 130901439.0 ps INFO: READ @ DQS= bank = 0 row = 0000 col = 0000001c data = 4444
Block_Testbench.u_mem0.data_task: at time 130902689.0 ps INFO: READ @ DQS= bank = 0 row = 0000 col = 0000001d data = eeee
Block_Testbench.u_mem0.data_task: at time 130903939.0 ps INFO: READ @ DQS= bank = 0 row = 0000 col = 0000001e data = dddd
Block_Testbench.u_mem0.data_task: at time 130905189.0 ps INFO: READ @ DQS= bank = 0 row = 0000 col = 0000001f data = 8888
Block_Testbench.u_mem0.data_task: at time 130906439.0 ps INFO: READ @ DQS= bank = 0 row = 0000 col = 00000018 data = bbbb
Block_Testbench.u_mem0.data_task: at time 130907689.0 ps INFO: READ @ DQS= bank = 0 row = 0000 col = 00000019 data = 1111
Block_Testbench.u_mem0.data_task: at time 130908939.0 ps INFO: READ @ DQS= bank = 0 row = 0000 col = 0000001a data = eeee
Block_Testbench.u_mem0.data_task: at time 130910189.0 ps INFO: READ @ DQS= bank = 0 row = 0000 col = 0000001b data = 4444
Block_Testbench.u_mem0.data_task: at time 130911439.0 ps INFO: READ @ DQS= bank = 0 row = 0000 col = 0000001c data = 4444
Block_Testbench.u_mem0.data_task: at time 130912689.0 ps INFO: READ @ DQS= bank = 0 row = 0000 col = 0000001d data = eeee
Block_Testbench.u_mem0.data_task: at time 130913939.0 ps INFO: READ @ DQS= bank = 0 row = 0000 col = 0000001e data = dddd
Block_Testbench.u_mem0.data_task: at time 130915189.0 ps INFO: READ @ DQS= bank = 0 row = 0000 col = 0000001f data = 8888
Block_Testbench.u_mem0.cmd_task: at time 130935189.0 ps INFO: Precharge bank   0
Block_Testbench.u_mem0.cmd_task: at time 131060189.0 ps INFO: Refresh  
Block_Testbench.u_mem0.cmd_task: at time 131860189.0 ps INFO: Activate  bank 0 row 0000
Block_Testbench.u_mem0.cmd_task: at time 131882689.0 ps INFO: Read      bank 0 col 018, auto precharge 0
Block_Testbench.u_mem0.cmd_task: at time 131892689.0 ps INFO: Read      bank 0 col 018, auto precharge 0
Block_Testbench.u_mem0.data_task: at time 131896439.0 ps INFO: READ @ DQS= bank = 0 row = 0000 col = 00000018 data = bbbb
Block_Testbench.u_mem0.data_task: at time 131897689.0 ps INFO: READ @ DQS= bank = 0 row = 0000 col = 00000019 data = 1111
Block_Testbench.u_mem0.data_task: at time 131898939.0 ps INFO: READ @ DQS= bank = 0 row = 0000 col = 0000001a data = eeee
Block_Testbench.u_mem0.data_task: at time 131900189.0 ps INFO: READ @ DQS= bank = 0 row = 0000 col = 0000001b data = 4444
Block_Testbench.u_mem0.data_task: at time 131901439.0 ps INFO: READ @ DQS= bank = 0 row = 0000 col = 0000001c data = 4444
Block_Testbench.u_mem0.data_task: at time 131902689.0 ps INFO: READ @ DQS= bank = 0 row = 0000 col = 0000001d data = eeee
Block_Testbench.u_mem0.data_task: at time 131903939.0 ps INFO: READ @ DQS= bank = 0 row = 0000 col = 0000001e data = dddd
Block_Testbench.u_mem0.data_task: at time 131905189.0 ps INFO: READ @ DQS= bank = 0 row = 0000 col = 0000001f data = 8888
Block_Testbench.u_mem0.data_task: at time 131906439.0 ps INFO: READ @ DQS= bank = 0 row = 0000 col = 00000018 data = bbbb
Block_Testbench.u_mem0.data_task: at time 131907689.0 ps INFO: READ @ DQS= bank = 0 row = 0000 col = 00000019 data = 1111
Block_Testbench.u_mem0.data_task: at time 131908939.0 ps INFO: READ @ DQS= bank = 0 row = 0000 col = 0000001a data = eeee
Block_Testbench.u_mem0.data_task: at time 131910189.0 ps INFO: READ @ DQS= bank = 0 row = 0000 col = 0000001b data = 4444
Block_Testbench.u_mem0.data_task: at time 131911439.0 ps INFO: READ @ DQS= bank = 0 row = 0000 col = 0000001c data = 4444
Block_Testbench.u_mem0.data_task: at time 131912689.0 ps INFO: READ @ DQS= bank = 0 row = 0000 col = 0000001d data = eeee
Block_Testbench.u_mem0.data_task: at time 131913939.0 ps INFO: READ @ DQS= bank = 0 row = 0000 col = 0000001e data = dddd
Block_Testbench.u_mem0.data_task: at time 131915189.0 ps INFO: READ @ DQS= bank = 0 row = 0000 col = 0000001f data = 8888
Block_Testbench.u_mem0.cmd_task: at time 131935189.0 ps INFO: Precharge bank   0
Block_Testbench.u_mem0.cmd_task: at time 132860189.0 ps INFO: Activate  bank 0 row 0000
Block_Testbench.u_mem0.cmd_task: at time 132882689.0 ps INFO: Read      bank 0 col 018, auto precharge 0
Block_Testbench.u_mem0.cmd_task: at time 132892689.0 ps INFO: Read      bank 0 col 018, auto precharge 0
Block_Testbench.u_mem0.data_task: at time 132896439.0 ps INFO: READ @ DQS= bank = 0 row = 0000 col = 00000018 data = bbbb
Block_Testbench.u_mem0.data_task: at time 132897689.0 ps INFO: READ @ DQS= bank = 0 row = 0000 col = 00000019 data = 1111
Block_Testbench.u_mem0.data_task: at time 132898939.0 ps INFO: READ @ DQS= bank = 0 row = 0000 col = 0000001a data = eeee
Block_Testbench.u_mem0.data_task: at time 132900189.0 ps INFO: READ @ DQS= bank = 0 row = 0000 col = 0000001b data = 4444
Block_Testbench.u_mem0.data_task: at time 132901439.0 ps INFO: READ @ DQS= bank = 0 row = 0000 col = 0000001c data = 4444
Block_Testbench.u_mem0.data_task: at time 132902689.0 ps INFO: READ @ DQS= bank = 0 row = 0000 col = 0000001d data = eeee
Block_Testbench.u_mem0.data_task: at time 132903939.0 ps INFO: READ @ DQS= bank = 0 row = 0000 col = 0000001e data = dddd
Block_Testbench.u_mem0.data_task: at time 132905189.0 ps INFO: READ @ DQS= bank = 0 row = 0000 col = 0000001f data = 8888
Block_Testbench.u_mem0.data_task: at time 132906439.0 ps INFO: READ @ DQS= bank = 0 row = 0000 col = 00000018 data = bbbb
Block_Testbench.u_mem0.data_task: at time 132907689.0 ps INFO: READ @ DQS= bank = 0 row = 0000 col = 00000019 data = 1111
Block_Testbench.u_mem0.data_task: at time 132908939.0 ps INFO: READ @ DQS= bank = 0 row = 0000 col = 0000001a data = eeee
Block_Testbench.u_mem0.data_task: at time 132910189.0 ps INFO: READ @ DQS= bank = 0 row = 0000 col = 0000001b data = 4444
Block_Testbench.u_mem0.data_task: at time 132911439.0 ps INFO: READ @ DQS= bank = 0 row = 0000 col = 0000001c data = 4444
Block_Testbench.u_mem0.data_task: at time 132912689.0 ps INFO: READ @ DQS= bank = 0 row = 0000 col = 0000001d data = eeee
Block_Testbench.u_mem0.data_task: at time 132913939.0 ps INFO: READ @ DQS= bank = 0 row = 0000 col = 0000001e data = dddd
Block_Testbench.u_mem0.data_task: at time 132915189.0 ps INFO: READ @ DQS= bank = 0 row = 0000 col = 0000001f data = 8888
Block_Testbench.u_mem0.cmd_task: at time 132935189.0 ps INFO: Precharge bank   0
Block_Testbench.u_mem0.cmd_task: at time 133860189.0 ps INFO: Activate  bank 0 row 0000
Block_Testbench.u_mem0.cmd_task: at time 133882689.0 ps INFO: Read      bank 0 col 018, auto precharge 0
Block_Testbench.u_mem0.cmd_task: at time 133892689.0 ps INFO: Read      bank 0 col 018, auto precharge 0
Block_Testbench.u_mem0.data_task: at time 133896439.0 ps INFO: READ @ DQS= bank = 0 row = 0000 col = 00000018 data = bbbb
Block_Testbench.u_mem0.data_task: at time 133897689.0 ps INFO: READ @ DQS= bank = 0 row = 0000 col = 00000019 data = 1111
Block_Testbench.u_mem0.data_task: at time 133898939.0 ps INFO: READ @ DQS= bank = 0 row = 0000 col = 0000001a data = eeee
Block_Testbench.u_mem0.data_task: at time 133900189.0 ps INFO: READ @ DQS= bank = 0 row = 0000 col = 0000001b data = 4444
Block_Testbench.u_mem0.data_task: at time 133901439.0 ps INFO: READ @ DQS= bank = 0 row = 0000 col = 0000001c data = 4444
Block_Testbench.u_mem0.data_task: at time 133902689.0 ps INFO: READ @ DQS= bank = 0 row = 0000 col = 0000001d data = eeee
Block_Testbench.u_mem0.data_task: at time 133903939.0 ps INFO: READ @ DQS= bank = 0 row = 0000 col = 0000001e data = dddd
Block_Testbench.u_mem0.data_task: at time 133905189.0 ps INFO: READ @ DQS= bank = 0 row = 0000 col = 0000001f data = 8888
Block_Testbench.u_mem0.data_task: at time 133906439.0 ps INFO: READ @ DQS= bank = 0 row = 0000 col = 00000018 data = bbbb
Block_Testbench.u_mem0.data_task: at time 133907689.0 ps INFO: READ @ DQS= bank = 0 row = 0000 col = 00000019 data = 1111
Block_Testbench.u_mem0.data_task: at time 133908939.0 ps INFO: READ @ DQS= bank = 0 row = 0000 col = 0000001a data = eeee
Block_Testbench.u_mem0.data_task: at time 133910189.0 ps INFO: READ @ DQS= bank = 0 row = 0000 col = 0000001b data = 4444
Block_Testbench.u_mem0.data_task: at time 133911439.0 ps INFO: READ @ DQS= bank = 0 row = 0000 col = 0000001c data = 4444
Block_Testbench.u_mem0.data_task: at time 133912689.0 ps INFO: READ @ DQS= bank = 0 row = 0000 col = 0000001d data = eeee
Block_Testbench.u_mem0.data_task: at time 133913939.0 ps INFO: READ @ DQS= bank = 0 row = 0000 col = 0000001e data = dddd
Block_Testbench.u_mem0.data_task: at time 133915189.0 ps INFO: READ @ DQS= bank = 0 row = 0000 col = 0000001f data = 8888
Block_Testbench.u_mem0.cmd_task: at time 133935189.0 ps INFO: Precharge bank   0
Block_Testbench.u_mem0.cmd_task: at time 134860189.0 ps INFO: Activate  bank 0 row 0000
Block_Testbench.u_mem0.cmd_task: at time 134882689.0 ps INFO: Read      bank 0 col 018, auto precharge 0
Block_Testbench.u_mem0.cmd_task: at time 134892689.0 ps INFO: Read      bank 0 col 018, auto precharge 0
Block_Testbench.u_mem0.data_task: at time 134896439.0 ps INFO: READ @ DQS= bank = 0 row = 0000 col = 00000018 data = bbbb
Block_Testbench.u_mem0.data_task: at time 134897689.0 ps INFO: READ @ DQS= bank = 0 row = 0000 col = 00000019 data = 1111
Block_Testbench.u_mem0.data_task: at time 134898939.0 ps INFO: READ @ DQS= bank = 0 row = 0000 col = 0000001a data = eeee
Block_Testbench.u_mem0.data_task: at time 134900189.0 ps INFO: READ @ DQS= bank = 0 row = 0000 col = 0000001b data = 4444
Block_Testbench.u_mem0.data_task: at time 134901439.0 ps INFO: READ @ DQS= bank = 0 row = 0000 col = 0000001c data = 4444
Block_Testbench.u_mem0.data_task: at time 134902689.0 ps INFO: READ @ DQS= bank = 0 row = 0000 col = 0000001d data = eeee
Block_Testbench.u_mem0.data_task: at time 134903939.0 ps INFO: READ @ DQS= bank = 0 row = 0000 col = 0000001e data = dddd
Block_Testbench.u_mem0.data_task: at time 134905189.0 ps INFO: READ @ DQS= bank = 0 row = 0000 col = 0000001f data = 8888
Block_Testbench.u_mem0.data_task: at time 134906439.0 ps INFO: READ @ DQS= bank = 0 row = 0000 col = 00000018 data = bbbb
Block_Testbench.u_mem0.data_task: at time 134907689.0 ps INFO: READ @ DQS= bank = 0 row = 0000 col = 00000019 data = 1111
Block_Testbench.u_mem0.data_task: at time 134908939.0 ps INFO: READ @ DQS= bank = 0 row = 0000 col = 0000001a data = eeee
Block_Testbench.u_mem0.data_task: at time 134910189.0 ps INFO: READ @ DQS= bank = 0 row = 0000 col = 0000001b data = 4444
Block_Testbench.u_mem0.data_task: at time 134911439.0 ps INFO: READ @ DQS= bank = 0 row = 0000 col = 0000001c data = 4444
Block_Testbench.u_mem0.data_task: at time 134912689.0 ps INFO: READ @ DQS= bank = 0 row = 0000 col = 0000001d data = eeee
Block_Testbench.u_mem0.data_task: at time 134913939.0 ps INFO: READ @ DQS= bank = 0 row = 0000 col = 0000001e data = dddd
Block_Testbench.u_mem0.data_task: at time 134915189.0 ps INFO: READ @ DQS= bank = 0 row = 0000 col = 0000001f data = 8888
Block_Testbench.u_mem0.cmd_task: at time 134935189.0 ps INFO: Precharge bank   0
Block_Testbench.u_mem0.cmd_task: at time 135860189.0 ps INFO: Activate  bank 0 row 0000
Block_Testbench.u_mem0.cmd_task: at time 135882689.0 ps INFO: Read      bank 0 col 018, auto precharge 0
Block_Testbench.u_mem0.cmd_task: at time 135892689.0 ps INFO: Read      bank 0 col 018, auto precharge 0
Block_Testbench.u_mem0.data_task: at time 135896439.0 ps INFO: READ @ DQS= bank = 0 row = 0000 col = 00000018 data = bbbb
Block_Testbench.u_mem0.data_task: at time 135897689.0 ps INFO: READ @ DQS= bank = 0 row = 0000 col = 00000019 data = 1111
Block_Testbench.u_mem0.data_task: at time 135898939.0 ps INFO: READ @ DQS= bank = 0 row = 0000 col = 0000001a data = eeee
Block_Testbench.u_mem0.data_task: at time 135900189.0 ps INFO: READ @ DQS= bank = 0 row = 0000 col = 0000001b data = 4444
Block_Testbench.u_mem0.data_task: at time 135901439.0 ps INFO: READ @ DQS= bank = 0 row = 0000 col = 0000001c data = 4444
Block_Testbench.u_mem0.data_task: at time 135902689.0 ps INFO: READ @ DQS= bank = 0 row = 0000 col = 0000001d data = eeee
Block_Testbench.u_mem0.data_task: at time 135903939.0 ps INFO: READ @ DQS= bank = 0 row = 0000 col = 0000001e data = dddd
Block_Testbench.u_mem0.data_task: at time 135905189.0 ps INFO: READ @ DQS= bank = 0 row = 0000 col = 0000001f data = 8888
Block_Testbench.u_mem0.data_task: at time 135906439.0 ps INFO: READ @ DQS= bank = 0 row = 0000 col = 00000018 data = bbbb
Block_Testbench.u_mem0.data_task: at time 135907689.0 ps INFO: READ @ DQS= bank = 0 row = 0000 col = 00000019 data = 1111
Block_Testbench.u_mem0.data_task: at time 135908939.0 ps INFO: READ @ DQS= bank = 0 row = 0000 col = 0000001a data = eeee
Block_Testbench.u_mem0.data_task: at time 135910189.0 ps INFO: READ @ DQS= bank = 0 row = 0000 col = 0000001b data = 4444
Block_Testbench.u_mem0.data_task: at time 135911439.0 ps INFO: READ @ DQS= bank = 0 row = 0000 col = 0000001c data = 4444
Block_Testbench.u_mem0.data_task: at time 135912689.0 ps INFO: READ @ DQS= bank = 0 row = 0000 col = 0000001d data = eeee
Block_Testbench.u_mem0.data_task: at time 135913939.0 ps INFO: READ @ DQS= bank = 0 row = 0000 col = 0000001e data = dddd
Block_Testbench.u_mem0.data_task: at time 135915189.0 ps INFO: READ @ DQS= bank = 0 row = 0000 col = 0000001f data = 8888
Block_Testbench.u_mem0.cmd_task: at time 135935189.0 ps INFO: Precharge bank   0
Block_Testbench.u_mem0.cmd_task: at time 136860189.0 ps INFO: Activate  bank 0 row 0000
Block_Testbench.u_mem0.cmd_task: at time 136882689.0 ps INFO: Read      bank 0 col 018, auto precharge 0
Block_Testbench.u_mem0.cmd_task: at time 136892689.0 ps INFO: Read      bank 0 col 018, auto precharge 0
Block_Testbench.u_mem0.data_task: at time 136896439.0 ps INFO: READ @ DQS= bank = 0 row = 0000 col = 00000018 data = bbbb
Block_Testbench.u_mem0.data_task: at time 136897689.0 ps INFO: READ @ DQS= bank = 0 row = 0000 col = 00000019 data = 1111
Block_Testbench.u_mem0.data_task: at time 136898939.0 ps INFO: READ @ DQS= bank = 0 row = 0000 col = 0000001a data = eeee
Block_Testbench.u_mem0.data_task: at time 136900189.0 ps INFO: READ @ DQS= bank = 0 row = 0000 col = 0000001b data = 4444
Block_Testbench.u_mem0.data_task: at time 136901439.0 ps INFO: READ @ DQS= bank = 0 row = 0000 col = 0000001c data = 4444
Block_Testbench.u_mem0.data_task: at time 136902689.0 ps INFO: READ @ DQS= bank = 0 row = 0000 col = 0000001d data = eeee
Block_Testbench.u_mem0.data_task: at time 136903939.0 ps INFO: READ @ DQS= bank = 0 row = 0000 col = 0000001e data = dddd
Block_Testbench.u_mem0.data_task: at time 136905189.0 ps INFO: READ @ DQS= bank = 0 row = 0000 col = 0000001f data = 8888
Block_Testbench.u_mem0.data_task: at time 136906439.0 ps INFO: READ @ DQS= bank = 0 row = 0000 col = 00000018 data = bbbb
Block_Testbench.u_mem0.data_task: at time 136907689.0 ps INFO: READ @ DQS= bank = 0 row = 0000 col = 00000019 data = 1111
Block_Testbench.u_mem0.data_task: at time 136908939.0 ps INFO: READ @ DQS= bank = 0 row = 0000 col = 0000001a data = eeee
Block_Testbench.u_mem0.data_task: at time 136910189.0 ps INFO: READ @ DQS= bank = 0 row = 0000 col = 0000001b data = 4444
Block_Testbench.u_mem0.data_task: at time 136911439.0 ps INFO: READ @ DQS= bank = 0 row = 0000 col = 0000001c data = 4444
Block_Testbench.u_mem0.data_task: at time 136912689.0 ps INFO: READ @ DQS= bank = 0 row = 0000 col = 0000001d data = eeee
Block_Testbench.u_mem0.data_task: at time 136913939.0 ps INFO: READ @ DQS= bank = 0 row = 0000 col = 0000001e data = dddd
Block_Testbench.u_mem0.data_task: at time 136915189.0 ps INFO: READ @ DQS= bank = 0 row = 0000 col = 0000001f data = 8888
Block_Testbench.u_mem0.cmd_task: at time 136935189.0 ps INFO: Precharge bank   0
Block_Testbench.u_mem0.cmd_task: at time 137860189.0 ps INFO: Activate  bank 0 row 0000
Block_Testbench.u_mem0.cmd_task: at time 137882689.0 ps INFO: Read      bank 0 col 018, auto precharge 0
Block_Testbench.u_mem0.cmd_task: at time 137892689.0 ps INFO: Read      bank 0 col 018, auto precharge 0
Block_Testbench.u_mem0.data_task: at time 137896439.0 ps INFO: READ @ DQS= bank = 0 row = 0000 col = 00000018 data = bbbb
Block_Testbench.u_mem0.data_task: at time 137897689.0 ps INFO: READ @ DQS= bank = 0 row = 0000 col = 00000019 data = 1111
Block_Testbench.u_mem0.data_task: at time 137898939.0 ps INFO: READ @ DQS= bank = 0 row = 0000 col = 0000001a data = eeee
Block_Testbench.u_mem0.data_task: at time 137900189.0 ps INFO: READ @ DQS= bank = 0 row = 0000 col = 0000001b data = 4444
Block_Testbench.u_mem0.data_task: at time 137901439.0 ps INFO: READ @ DQS= bank = 0 row = 0000 col = 0000001c data = 4444
Block_Testbench.u_mem0.data_task: at time 137902689.0 ps INFO: READ @ DQS= bank = 0 row = 0000 col = 0000001d data = eeee
Block_Testbench.u_mem0.data_task: at time 137903939.0 ps INFO: READ @ DQS= bank = 0 row = 0000 col = 0000001e data = dddd
Block_Testbench.u_mem0.data_task: at time 137905189.0 ps INFO: READ @ DQS= bank = 0 row = 0000 col = 0000001f data = 8888
Block_Testbench.u_mem0.data_task: at time 137906439.0 ps INFO: READ @ DQS= bank = 0 row = 0000 col = 00000018 data = bbbb
Block_Testbench.u_mem0.data_task: at time 137907689.0 ps INFO: READ @ DQS= bank = 0 row = 0000 col = 00000019 data = 1111
Block_Testbench.u_mem0.data_task: at time 137908939.0 ps INFO: READ @ DQS= bank = 0 row = 0000 col = 0000001a data = eeee
Block_Testbench.u_mem0.data_task: at time 137910189.0 ps INFO: READ @ DQS= bank = 0 row = 0000 col = 0000001b data = 4444
Block_Testbench.u_mem0.data_task: at time 137911439.0 ps INFO: READ @ DQS= bank = 0 row = 0000 col = 0000001c data = 4444
Block_Testbench.u_mem0.data_task: at time 137912689.0 ps INFO: READ @ DQS= bank = 0 row = 0000 col = 0000001d data = eeee
Block_Testbench.u_mem0.data_task: at time 137913939.0 ps INFO: READ @ DQS= bank = 0 row = 0000 col = 0000001e data = dddd
Block_Testbench.u_mem0.data_task: at time 137915189.0 ps INFO: READ @ DQS= bank = 0 row = 0000 col = 0000001f data = 8888
Block_Testbench.u_mem0.cmd_task: at time 137935189.0 ps INFO: Precharge bank   0
Block_Testbench.u_mem0.cmd_task: at time 138460189.0 ps INFO: Refresh  
Block_Testbench.u_mem0.cmd_task: at time 138860189.0 ps INFO: Activate  bank 0 row 0000
Block_Testbench.u_mem0.cmd_task: at time 138882689.0 ps INFO: Read      bank 0 col 018, auto precharge 0
Block_Testbench.u_mem0.cmd_task: at time 138892689.0 ps INFO: Read      bank 0 col 018, auto precharge 0
Block_Testbench.u_mem0.data_task: at time 138896439.0 ps INFO: READ @ DQS= bank = 0 row = 0000 col = 00000018 data = bbbb
Block_Testbench.u_mem0.data_task: at time 138897689.0 ps INFO: READ @ DQS= bank = 0 row = 0000 col = 00000019 data = 1111
Block_Testbench.u_mem0.data_task: at time 138898939.0 ps INFO: READ @ DQS= bank = 0 row = 0000 col = 0000001a data = eeee
Block_Testbench.u_mem0.data_task: at time 138900189.0 ps INFO: READ @ DQS= bank = 0 row = 0000 col = 0000001b data = 4444
Block_Testbench.u_mem0.data_task: at time 138901439.0 ps INFO: READ @ DQS= bank = 0 row = 0000 col = 0000001c data = 4444
Block_Testbench.u_mem0.data_task: at time 138902689.0 ps INFO: READ @ DQS= bank = 0 row = 0000 col = 0000001d data = eeee
Block_Testbench.u_mem0.data_task: at time 138903939.0 ps INFO: READ @ DQS= bank = 0 row = 0000 col = 0000001e data = dddd
Block_Testbench.u_mem0.data_task: at time 138905189.0 ps INFO: READ @ DQS= bank = 0 row = 0000 col = 0000001f data = 8888
Block_Testbench.u_mem0.data_task: at time 138906439.0 ps INFO: READ @ DQS= bank = 0 row = 0000 col = 00000018 data = bbbb
Block_Testbench.u_mem0.data_task: at time 138907689.0 ps INFO: READ @ DQS= bank = 0 row = 0000 col = 00000019 data = 1111
Block_Testbench.u_mem0.data_task: at time 138908939.0 ps INFO: READ @ DQS= bank = 0 row = 0000 col = 0000001a data = eeee
Block_Testbench.u_mem0.data_task: at time 138910189.0 ps INFO: READ @ DQS= bank = 0 row = 0000 col = 0000001b data = 4444
Block_Testbench.u_mem0.data_task: at time 138911439.0 ps INFO: READ @ DQS= bank = 0 row = 0000 col = 0000001c data = 4444
Block_Testbench.u_mem0.data_task: at time 138912689.0 ps INFO: READ @ DQS= bank = 0 row = 0000 col = 0000001d data = eeee
Block_Testbench.u_mem0.data_task: at time 138913939.0 ps INFO: READ @ DQS= bank = 0 row = 0000 col = 0000001e data = dddd
Block_Testbench.u_mem0.data_task: at time 138915189.0 ps INFO: READ @ DQS= bank = 0 row = 0000 col = 0000001f data = 8888
Block_Testbench.u_mem0.cmd_task: at time 138935189.0 ps INFO: Precharge bank   0
Block_Testbench.u_mem0.cmd_task: at time 139860189.0 ps INFO: Activate  bank 0 row 0000
Block_Testbench.u_mem0.cmd_task: at time 139882689.0 ps INFO: Read      bank 0 col 018, auto precharge 0
Block_Testbench.u_mem0.cmd_task: at time 139892689.0 ps INFO: Read      bank 0 col 018, auto precharge 0
Block_Testbench.u_mem0.data_task: at time 139896439.0 ps INFO: READ @ DQS= bank = 0 row = 0000 col = 00000018 data = bbbb
Block_Testbench.u_mem0.data_task: at time 139897689.0 ps INFO: READ @ DQS= bank = 0 row = 0000 col = 00000019 data = 1111
Block_Testbench.u_mem0.data_task: at time 139898939.0 ps INFO: READ @ DQS= bank = 0 row = 0000 col = 0000001a data = eeee
Block_Testbench.u_mem0.data_task: at time 139900189.0 ps INFO: READ @ DQS= bank = 0 row = 0000 col = 0000001b data = 4444
Block_Testbench.u_mem0.data_task: at time 139901439.0 ps INFO: READ @ DQS= bank = 0 row = 0000 col = 0000001c data = 4444
Block_Testbench.u_mem0.data_task: at time 139902689.0 ps INFO: READ @ DQS= bank = 0 row = 0000 col = 0000001d data = eeee
Block_Testbench.u_mem0.data_task: at time 139903939.0 ps INFO: READ @ DQS= bank = 0 row = 0000 col = 0000001e data = dddd
Block_Testbench.u_mem0.data_task: at time 139905189.0 ps INFO: READ @ DQS= bank = 0 row = 0000 col = 0000001f data = 8888
Block_Testbench.u_mem0.data_task: at time 139906439.0 ps INFO: READ @ DQS= bank = 0 row = 0000 col = 00000018 data = bbbb
Block_Testbench.u_mem0.data_task: at time 139907689.0 ps INFO: READ @ DQS= bank = 0 row = 0000 col = 00000019 data = 1111
Block_Testbench.u_mem0.data_task: at time 139908939.0 ps INFO: READ @ DQS= bank = 0 row = 0000 col = 0000001a data = eeee
Block_Testbench.u_mem0.data_task: at time 139910189.0 ps INFO: READ @ DQS= bank = 0 row = 0000 col = 0000001b data = 4444
Block_Testbench.u_mem0.data_task: at time 139911439.0 ps INFO: READ @ DQS= bank = 0 row = 0000 col = 0000001c data = 4444
Block_Testbench.u_mem0.data_task: at time 139912689.0 ps INFO: READ @ DQS= bank = 0 row = 0000 col = 0000001d data = eeee
Block_Testbench.u_mem0.data_task: at time 139913939.0 ps INFO: READ @ DQS= bank = 0 row = 0000 col = 0000001e data = dddd
Block_Testbench.u_mem0.data_task: at time 139915189.0 ps INFO: READ @ DQS= bank = 0 row = 0000 col = 0000001f data = 8888
Block_Testbench.u_mem0.cmd_task: at time 139935189.0 ps INFO: Precharge bank   0
Block_Testbench.u_mem0.cmd_task: at time 140200189.0 ps INFO: Activate  bank 0 row 0000
Block_Testbench.u_mem0.cmd_task: at time 140222689.0 ps INFO: Read      bank 0 col 000, auto precharge 0
Block_Testbench.u_mem0.cmd_task: at time 140232689.0 ps INFO: Read      bank 0 col 008, auto precharge 0
Block_Testbench.u_mem0.data_task: at time 140236439.0 ps INFO: READ @ DQS= bank = 0 row = 0000 col = 00000000 data = 6548
Block_Testbench.u_mem0.data_task: at time 140237689.0 ps INFO: READ @ DQS= bank = 0 row = 0000 col = 00000001 data = 6c6c
Block_Testbench.u_mem0.data_task: at time 140238939.0 ps INFO: READ @ DQS= bank = 0 row = 0000 col = 00000002 data = 206f
Block_Testbench.u_mem0.data_task: at time 140240189.0 ps INFO: READ @ DQS= bank = 0 row = 0000 col = 00000003 data = 7266
Block_Testbench.u_mem0.data_task: at time 140241439.0 ps INFO: READ @ DQS= bank = 0 row = 0000 col = 00000004 data = 6d6f
Block_Testbench.u_mem0.data_task: at time 140242689.0 ps INFO: READ @ DQS= bank = 0 row = 0000 col = 00000005 data = 5220
Block_Testbench.u_mem0.cmd_task: at time 140242689.0 ps INFO: Read      bank 0 col 010, auto precharge 0
Block_Testbench.u_mem0.data_task: at time 140243939.0 ps INFO: READ @ DQS= bank = 0 row = 0000 col = 00000006 data = 5349
Block_Testbench.u_mem0.data_task: at time 140245189.0 ps INFO: READ @ DQS= bank = 0 row = 0000 col = 00000007 data = 2d43
Block_Testbench.u_mem0.data_task: at time 140246439.0 ps INFO: READ @ DQS= bank = 0 row = 0000 col = 00000008 data = 2156
Block_Testbench.u_mem0.data_task: at time 140247689.0 ps INFO: READ @ DQS= bank = 0 row = 0000 col = 00000009 data = 2121
Block_Testbench.u_mem0.data_task: at time 140248939.0 ps INFO: READ @ DQS= bank = 0 row = 0000 col = 0000000a data = 000d
Block_Testbench.u_mem0.data_task: at time 140250189.0 ps INFO: READ @ DQS= bank = 0 row = 0000 col = 0000000b data = 4444
Block_Testbench.u_mem0.data_task: at time 140251439.0 ps INFO: READ @ DQS= bank = 0 row = 0000 col = 0000000c data = 4444
Block_Testbench.u_mem0.data_task: at time 140252689.0 ps INFO: READ @ DQS= bank = 0 row = 0000 col = 0000000d data = eeee
Block_Testbench.u_mem0.cmd_task: at time 140252689.0 ps INFO: Read      bank 0 col 018, auto precharge 0
Block_Testbench.u_mem0.data_task: at time 140253939.0 ps INFO: READ @ DQS= bank = 0 row = 0000 col = 0000000e data = dddd
Block_Testbench.u_mem0.data_task: at time 140255189.0 ps INFO: READ @ DQS= bank = 0 row = 0000 col = 0000000f data = 8888
Block_Testbench.u_mem0.data_task: at time 140256439.0 ps INFO: READ @ DQS= bank = 0 row = 0000 col = 00000010 data = bbbb
Block_Testbench.u_mem0.data_task: at time 140257689.0 ps INFO: READ @ DQS= bank = 0 row = 0000 col = 00000011 data = 1111
Block_Testbench.u_mem0.data_task: at time 140258939.0 ps INFO: READ @ DQS= bank = 0 row = 0000 col = 00000012 data = eeee
Block_Testbench.u_mem0.data_task: at time 140260189.0 ps INFO: READ @ DQS= bank = 0 row = 0000 col = 00000013 data = 4444
Block_Testbench.u_mem0.data_task: at time 140261439.0 ps INFO: READ @ DQS= bank = 0 row = 0000 col = 00000014 data = 4444
Block_Testbench.u_mem0.data_task: at time 140262689.0 ps INFO: READ @ DQS= bank = 0 row = 0000 col = 00000015 data = eeee
Block_Testbench.u_mem0.data_task: at time 140263939.0 ps INFO: READ @ DQS= bank = 0 row = 0000 col = 00000016 data = dddd
Block_Testbench.u_mem0.data_task: at time 140265189.0 ps INFO: READ @ DQS= bank = 0 row = 0000 col = 00000017 data = 8888
Block_Testbench.u_mem0.data_task: at time 140266439.0 ps INFO: READ @ DQS= bank = 0 row = 0000 col = 00000018 data = bbbb
Block_Testbench.u_mem0.data_task: at time 140267689.0 ps INFO: READ @ DQS= bank = 0 row = 0000 col = 00000019 data = 1111
Block_Testbench.u_mem0.data_task: at time 140268939.0 ps INFO: READ @ DQS= bank = 0 row = 0000 col = 0000001a data = eeee
Block_Testbench.u_mem0.data_task: at time 140270189.0 ps INFO: READ @ DQS= bank = 0 row = 0000 col = 0000001b data = 4444
Block_Testbench.u_mem0.data_task: at time 140271439.0 ps INFO: READ @ DQS= bank = 0 row = 0000 col = 0000001c data = 4444
Block_Testbench.u_mem0.data_task: at time 140272689.0 ps INFO: READ @ DQS= bank = 0 row = 0000 col = 0000001d data = eeee
Block_Testbench.u_mem0.data_task: at time 140273939.0 ps INFO: READ @ DQS= bank = 0 row = 0000 col = 0000001e data = dddd
Block_Testbench.u_mem0.data_task: at time 140275189.0 ps INFO: READ @ DQS= bank = 0 row = 0000 col = 0000001f data = 8888
Block_Testbench.u_mem0.cmd_task: at time 140295189.0 ps INFO: Precharge bank   0
Block_Testbench.u_mem0.cmd_task: at time 141260189.0 ps INFO: Activate  bank 0 row 0000
Block_Testbench.u_mem0.cmd_task: at time 141282689.0 ps INFO: Read      bank 0 col 018, auto precharge 0
Block_Testbench.u_mem0.cmd_task: at time 141292689.0 ps INFO: Read      bank 0 col 018, auto precharge 0
Block_Testbench.u_mem0.data_task: at time 141296439.0 ps INFO: READ @ DQS= bank = 0 row = 0000 col = 00000018 data = bbbb
Block_Testbench.u_mem0.data_task: at time 141297689.0 ps INFO: READ @ DQS= bank = 0 row = 0000 col = 00000019 data = 1111
Block_Testbench.u_mem0.data_task: at time 141298939.0 ps INFO: READ @ DQS= bank = 0 row = 0000 col = 0000001a data = eeee
Block_Testbench.u_mem0.data_task: at time 141300189.0 ps INFO: READ @ DQS= bank = 0 row = 0000 col = 0000001b data = 4444
Block_Testbench.u_mem0.data_task: at time 141301439.0 ps INFO: READ @ DQS= bank = 0 row = 0000 col = 0000001c data = 4444
Block_Testbench.u_mem0.data_task: at time 141302689.0 ps INFO: READ @ DQS= bank = 0 row = 0000 col = 0000001d data = eeee
Block_Testbench.u_mem0.data_task: at time 141303939.0 ps INFO: READ @ DQS= bank = 0 row = 0000 col = 0000001e data = dddd
Block_Testbench.u_mem0.data_task: at time 141305189.0 ps INFO: READ @ DQS= bank = 0 row = 0000 col = 0000001f data = 8888
Block_Testbench.u_mem0.data_task: at time 141306439.0 ps INFO: READ @ DQS= bank = 0 row = 0000 col = 00000018 data = bbbb
Block_Testbench.u_mem0.data_task: at time 141307689.0 ps INFO: READ @ DQS= bank = 0 row = 0000 col = 00000019 data = 1111
Block_Testbench.u_mem0.data_task: at time 141308939.0 ps INFO: READ @ DQS= bank = 0 row = 0000 col = 0000001a data = eeee
Block_Testbench.u_mem0.data_task: at time 141310189.0 ps INFO: READ @ DQS= bank = 0 row = 0000 col = 0000001b data = 4444
Block_Testbench.u_mem0.data_task: at time 141311439.0 ps INFO: READ @ DQS= bank = 0 row = 0000 col = 0000001c data = 4444
Block_Testbench.u_mem0.data_task: at time 141312689.0 ps INFO: READ @ DQS= bank = 0 row = 0000 col = 0000001d data = eeee
Block_Testbench.u_mem0.data_task: at time 141313939.0 ps INFO: READ @ DQS= bank = 0 row = 0000 col = 0000001e data = dddd
Block_Testbench.u_mem0.data_task: at time 141315189.0 ps INFO: READ @ DQS= bank = 0 row = 0000 col = 0000001f data = 8888
Block_Testbench.u_mem0.cmd_task: at time 141335189.0 ps INFO: Precharge bank   0
Block_Testbench.u_mem0.cmd_task: at time 142260189.0 ps INFO: Activate  bank 0 row 0000
Block_Testbench.u_mem0.cmd_task: at time 142282689.0 ps INFO: Read      bank 0 col 018, auto precharge 0
Block_Testbench.u_mem0.cmd_task: at time 142292689.0 ps INFO: Read      bank 0 col 018, auto precharge 0
Block_Testbench.u_mem0.data_task: at time 142296439.0 ps INFO: READ @ DQS= bank = 0 row = 0000 col = 00000018 data = bbbb
Block_Testbench.u_mem0.data_task: at time 142297689.0 ps INFO: READ @ DQS= bank = 0 row = 0000 col = 00000019 data = 1111
Block_Testbench.u_mem0.data_task: at time 142298939.0 ps INFO: READ @ DQS= bank = 0 row = 0000 col = 0000001a data = eeee
Block_Testbench.u_mem0.data_task: at time 142300189.0 ps INFO: READ @ DQS= bank = 0 row = 0000 col = 0000001b data = 4444
Block_Testbench.u_mem0.data_task: at time 142301439.0 ps INFO: READ @ DQS= bank = 0 row = 0000 col = 0000001c data = 4444
Block_Testbench.u_mem0.data_task: at time 142302689.0 ps INFO: READ @ DQS= bank = 0 row = 0000 col = 0000001d data = eeee
Block_Testbench.u_mem0.data_task: at time 142303939.0 ps INFO: READ @ DQS= bank = 0 row = 0000 col = 0000001e data = dddd
Block_Testbench.u_mem0.data_task: at time 142305189.0 ps INFO: READ @ DQS= bank = 0 row = 0000 col = 0000001f data = 8888
Block_Testbench.u_mem0.data_task: at time 142306439.0 ps INFO: READ @ DQS= bank = 0 row = 0000 col = 00000018 data = bbbb
Block_Testbench.u_mem0.data_task: at time 142307689.0 ps INFO: READ @ DQS= bank = 0 row = 0000 col = 00000019 data = 1111
Block_Testbench.u_mem0.data_task: at time 142308939.0 ps INFO: READ @ DQS= bank = 0 row = 0000 col = 0000001a data = eeee
Block_Testbench.u_mem0.data_task: at time 142310189.0 ps INFO: READ @ DQS= bank = 0 row = 0000 col = 0000001b data = 4444
Block_Testbench.u_mem0.data_task: at time 142311439.0 ps INFO: READ @ DQS= bank = 0 row = 0000 col = 0000001c data = 4444
Block_Testbench.u_mem0.data_task: at time 142312689.0 ps INFO: READ @ DQS= bank = 0 row = 0000 col = 0000001d data = eeee
Block_Testbench.u_mem0.data_task: at time 142313939.0 ps INFO: READ @ DQS= bank = 0 row = 0000 col = 0000001e data = dddd
Block_Testbench.u_mem0.data_task: at time 142315189.0 ps INFO: READ @ DQS= bank = 0 row = 0000 col = 0000001f data = 8888
Block_Testbench.u_mem0.cmd_task: at time 142335189.0 ps INFO: Precharge bank   0
Block_Testbench.u_mem0.cmd_task: at time 143260189.0 ps INFO: Activate  bank 0 row 0000
Block_Testbench.u_mem0.cmd_task: at time 143282689.0 ps INFO: Read      bank 0 col 018, auto precharge 0
Block_Testbench.u_mem0.cmd_task: at time 143292689.0 ps INFO: Read      bank 0 col 018, auto precharge 0
Block_Testbench.u_mem0.data_task: at time 143296439.0 ps INFO: READ @ DQS= bank = 0 row = 0000 col = 00000018 data = bbbb
Block_Testbench.u_mem0.data_task: at time 143297689.0 ps INFO: READ @ DQS= bank = 0 row = 0000 col = 00000019 data = 1111
Block_Testbench.u_mem0.data_task: at time 143298939.0 ps INFO: READ @ DQS= bank = 0 row = 0000 col = 0000001a data = eeee
Block_Testbench.u_mem0.data_task: at time 143300189.0 ps INFO: READ @ DQS= bank = 0 row = 0000 col = 0000001b data = 4444
Block_Testbench.u_mem0.data_task: at time 143301439.0 ps INFO: READ @ DQS= bank = 0 row = 0000 col = 0000001c data = 4444
Block_Testbench.u_mem0.data_task: at time 143302689.0 ps INFO: READ @ DQS= bank = 0 row = 0000 col = 0000001d data = eeee
Block_Testbench.u_mem0.data_task: at time 143303939.0 ps INFO: READ @ DQS= bank = 0 row = 0000 col = 0000001e data = dddd
Block_Testbench.u_mem0.data_task: at time 143305189.0 ps INFO: READ @ DQS= bank = 0 row = 0000 col = 0000001f data = 8888
Block_Testbench.u_mem0.data_task: at time 143306439.0 ps INFO: READ @ DQS= bank = 0 row = 0000 col = 00000018 data = bbbb
Block_Testbench.u_mem0.data_task: at time 143307689.0 ps INFO: READ @ DQS= bank = 0 row = 0000 col = 00000019 data = 1111
Block_Testbench.u_mem0.data_task: at time 143308939.0 ps INFO: READ @ DQS= bank = 0 row = 0000 col = 0000001a data = eeee
Block_Testbench.u_mem0.data_task: at time 143310189.0 ps INFO: READ @ DQS= bank = 0 row = 0000 col = 0000001b data = 4444
Block_Testbench.u_mem0.data_task: at time 143311439.0 ps INFO: READ @ DQS= bank = 0 row = 0000 col = 0000001c data = 4444
Block_Testbench.u_mem0.data_task: at time 143312689.0 ps INFO: READ @ DQS= bank = 0 row = 0000 col = 0000001d data = eeee
Block_Testbench.u_mem0.data_task: at time 143313939.0 ps INFO: READ @ DQS= bank = 0 row = 0000 col = 0000001e data = dddd
Block_Testbench.u_mem0.data_task: at time 143315189.0 ps INFO: READ @ DQS= bank = 0 row = 0000 col = 0000001f data = 8888
Block_Testbench.u_mem0.cmd_task: at time 143335189.0 ps INFO: Precharge bank   0
Block_Testbench.u_mem0.cmd_task: at time 144260189.0 ps INFO: Activate  bank 0 row 0000
Block_Testbench.u_mem0.cmd_task: at time 144282689.0 ps INFO: Read      bank 0 col 018, auto precharge 0
Block_Testbench.u_mem0.cmd_task: at time 144292689.0 ps INFO: Read      bank 0 col 018, auto precharge 0
Block_Testbench.u_mem0.data_task: at time 144296439.0 ps INFO: READ @ DQS= bank = 0 row = 0000 col = 00000018 data = bbbb
Block_Testbench.u_mem0.data_task: at time 144297689.0 ps INFO: READ @ DQS= bank = 0 row = 0000 col = 00000019 data = 1111
Block_Testbench.u_mem0.data_task: at time 144298939.0 ps INFO: READ @ DQS= bank = 0 row = 0000 col = 0000001a data = eeee
Block_Testbench.u_mem0.data_task: at time 144300189.0 ps INFO: READ @ DQS= bank = 0 row = 0000 col = 0000001b data = 4444
Block_Testbench.u_mem0.data_task: at time 144301439.0 ps INFO: READ @ DQS= bank = 0 row = 0000 col = 0000001c data = 4444
Block_Testbench.u_mem0.data_task: at time 144302689.0 ps INFO: READ @ DQS= bank = 0 row = 0000 col = 0000001d data = eeee
Block_Testbench.u_mem0.data_task: at time 144303939.0 ps INFO: READ @ DQS= bank = 0 row = 0000 col = 0000001e data = dddd
Block_Testbench.u_mem0.data_task: at time 144305189.0 ps INFO: READ @ DQS= bank = 0 row = 0000 col = 0000001f data = 8888
Block_Testbench.u_mem0.data_task: at time 144306439.0 ps INFO: READ @ DQS= bank = 0 row = 0000 col = 00000018 data = bbbb
Block_Testbench.u_mem0.data_task: at time 144307689.0 ps INFO: READ @ DQS= bank = 0 row = 0000 col = 00000019 data = 1111
Block_Testbench.u_mem0.data_task: at time 144308939.0 ps INFO: READ @ DQS= bank = 0 row = 0000 col = 0000001a data = eeee
Block_Testbench.u_mem0.data_task: at time 144310189.0 ps INFO: READ @ DQS= bank = 0 row = 0000 col = 0000001b data = 4444
Block_Testbench.u_mem0.data_task: at time 144311439.0 ps INFO: READ @ DQS= bank = 0 row = 0000 col = 0000001c data = 4444
Block_Testbench.u_mem0.data_task: at time 144312689.0 ps INFO: READ @ DQS= bank = 0 row = 0000 col = 0000001d data = eeee
Block_Testbench.u_mem0.data_task: at time 144313939.0 ps INFO: READ @ DQS= bank = 0 row = 0000 col = 0000001e data = dddd
Block_Testbench.u_mem0.data_task: at time 144315189.0 ps INFO: READ @ DQS= bank = 0 row = 0000 col = 0000001f data = 8888
Block_Testbench.u_mem0.cmd_task: at time 144335189.0 ps INFO: Precharge bank   0
Block_Testbench.u_mem0.cmd_task: at time 145260189.0 ps INFO: Activate  bank 0 row 0000
Block_Testbench.u_mem0.cmd_task: at time 145282689.0 ps INFO: Read      bank 0 col 018, auto precharge 0
Block_Testbench.u_mem0.cmd_task: at time 145292689.0 ps INFO: Read      bank 0 col 018, auto precharge 0
Block_Testbench.u_mem0.data_task: at time 145296439.0 ps INFO: READ @ DQS= bank = 0 row = 0000 col = 00000018 data = bbbb
Block_Testbench.u_mem0.data_task: at time 145297689.0 ps INFO: READ @ DQS= bank = 0 row = 0000 col = 00000019 data = 1111
Block_Testbench.u_mem0.data_task: at time 145298939.0 ps INFO: READ @ DQS= bank = 0 row = 0000 col = 0000001a data = eeee
Block_Testbench.u_mem0.data_task: at time 145300189.0 ps INFO: READ @ DQS= bank = 0 row = 0000 col = 0000001b data = 4444
Block_Testbench.u_mem0.data_task: at time 145301439.0 ps INFO: READ @ DQS= bank = 0 row = 0000 col = 0000001c data = 4444
Block_Testbench.u_mem0.data_task: at time 145302689.0 ps INFO: READ @ DQS= bank = 0 row = 0000 col = 0000001d data = eeee
Block_Testbench.u_mem0.data_task: at time 145303939.0 ps INFO: READ @ DQS= bank = 0 row = 0000 col = 0000001e data = dddd
Block_Testbench.u_mem0.data_task: at time 145305189.0 ps INFO: READ @ DQS= bank = 0 row = 0000 col = 0000001f data = 8888
Block_Testbench.u_mem0.data_task: at time 145306439.0 ps INFO: READ @ DQS= bank = 0 row = 0000 col = 00000018 data = bbbb
Block_Testbench.u_mem0.data_task: at time 145307689.0 ps INFO: READ @ DQS= bank = 0 row = 0000 col = 00000019 data = 1111
Block_Testbench.u_mem0.data_task: at time 145308939.0 ps INFO: READ @ DQS= bank = 0 row = 0000 col = 0000001a data = eeee
Block_Testbench.u_mem0.data_task: at time 145310189.0 ps INFO: READ @ DQS= bank = 0 row = 0000 col = 0000001b data = 4444
Block_Testbench.u_mem0.data_task: at time 145311439.0 ps INFO: READ @ DQS= bank = 0 row = 0000 col = 0000001c data = 4444
Block_Testbench.u_mem0.data_task: at time 145312689.0 ps INFO: READ @ DQS= bank = 0 row = 0000 col = 0000001d data = eeee
Block_Testbench.u_mem0.data_task: at time 145313939.0 ps INFO: READ @ DQS= bank = 0 row = 0000 col = 0000001e data = dddd
Block_Testbench.u_mem0.data_task: at time 145315189.0 ps INFO: READ @ DQS= bank = 0 row = 0000 col = 0000001f data = 8888
Block_Testbench.u_mem0.cmd_task: at time 145335189.0 ps INFO: Precharge bank   0
Block_Testbench.u_mem0.cmd_task: at time 145860189.0 ps INFO: Refresh  
Block_Testbench.u_mem0.cmd_task: at time 146260189.0 ps INFO: Activate  bank 0 row 0000
Block_Testbench.u_mem0.cmd_task: at time 146282689.0 ps INFO: Read      bank 0 col 018, auto precharge 0
Block_Testbench.u_mem0.cmd_task: at time 146292689.0 ps INFO: Read      bank 0 col 018, auto precharge 0
Block_Testbench.u_mem0.data_task: at time 146296439.0 ps INFO: READ @ DQS= bank = 0 row = 0000 col = 00000018 data = bbbb
Block_Testbench.u_mem0.data_task: at time 146297689.0 ps INFO: READ @ DQS= bank = 0 row = 0000 col = 00000019 data = 1111
Block_Testbench.u_mem0.data_task: at time 146298939.0 ps INFO: READ @ DQS= bank = 0 row = 0000 col = 0000001a data = eeee
Block_Testbench.u_mem0.data_task: at time 146300189.0 ps INFO: READ @ DQS= bank = 0 row = 0000 col = 0000001b data = 4444
Block_Testbench.u_mem0.data_task: at time 146301439.0 ps INFO: READ @ DQS= bank = 0 row = 0000 col = 0000001c data = 4444
Block_Testbench.u_mem0.data_task: at time 146302689.0 ps INFO: READ @ DQS= bank = 0 row = 0000 col = 0000001d data = eeee
Block_Testbench.u_mem0.data_task: at time 146303939.0 ps INFO: READ @ DQS= bank = 0 row = 0000 col = 0000001e data = dddd
Block_Testbench.u_mem0.data_task: at time 146305189.0 ps INFO: READ @ DQS= bank = 0 row = 0000 col = 0000001f data = 8888
Block_Testbench.u_mem0.data_task: at time 146306439.0 ps INFO: READ @ DQS= bank = 0 row = 0000 col = 00000018 data = bbbb
Block_Testbench.u_mem0.data_task: at time 146307689.0 ps INFO: READ @ DQS= bank = 0 row = 0000 col = 00000019 data = 1111
Block_Testbench.u_mem0.data_task: at time 146308939.0 ps INFO: READ @ DQS= bank = 0 row = 0000 col = 0000001a data = eeee
Block_Testbench.u_mem0.data_task: at time 146310189.0 ps INFO: READ @ DQS= bank = 0 row = 0000 col = 0000001b data = 4444
Block_Testbench.u_mem0.data_task: at time 146311439.0 ps INFO: READ @ DQS= bank = 0 row = 0000 col = 0000001c data = 4444
Block_Testbench.u_mem0.data_task: at time 146312689.0 ps INFO: READ @ DQS= bank = 0 row = 0000 col = 0000001d data = eeee
Block_Testbench.u_mem0.data_task: at time 146313939.0 ps INFO: READ @ DQS= bank = 0 row = 0000 col = 0000001e data = dddd
Block_Testbench.u_mem0.data_task: at time 146315189.0 ps INFO: READ @ DQS= bank = 0 row = 0000 col = 0000001f data = 8888
Block_Testbench.u_mem0.cmd_task: at time 146335189.0 ps INFO: Precharge bank   0
Block_Testbench.u_mem0.cmd_task: at time 147260189.0 ps INFO: Activate  bank 0 row 0000
Block_Testbench.u_mem0.cmd_task: at time 147282689.0 ps INFO: Read      bank 0 col 018, auto precharge 0
Block_Testbench.u_mem0.cmd_task: at time 147292689.0 ps INFO: Read      bank 0 col 018, auto precharge 0
Block_Testbench.u_mem0.data_task: at time 147296439.0 ps INFO: READ @ DQS= bank = 0 row = 0000 col = 00000018 data = bbbb
Block_Testbench.u_mem0.data_task: at time 147297689.0 ps INFO: READ @ DQS= bank = 0 row = 0000 col = 00000019 data = 1111
Block_Testbench.u_mem0.data_task: at time 147298939.0 ps INFO: READ @ DQS= bank = 0 row = 0000 col = 0000001a data = eeee
Block_Testbench.u_mem0.data_task: at time 147300189.0 ps INFO: READ @ DQS= bank = 0 row = 0000 col = 0000001b data = 4444
Block_Testbench.u_mem0.data_task: at time 147301439.0 ps INFO: READ @ DQS= bank = 0 row = 0000 col = 0000001c data = 4444
Block_Testbench.u_mem0.data_task: at time 147302689.0 ps INFO: READ @ DQS= bank = 0 row = 0000 col = 0000001d data = eeee
Block_Testbench.u_mem0.data_task: at time 147303939.0 ps INFO: READ @ DQS= bank = 0 row = 0000 col = 0000001e data = dddd
Block_Testbench.u_mem0.data_task: at time 147305189.0 ps INFO: READ @ DQS= bank = 0 row = 0000 col = 0000001f data = 8888
Block_Testbench.u_mem0.data_task: at time 147306439.0 ps INFO: READ @ DQS= bank = 0 row = 0000 col = 00000018 data = bbbb
Block_Testbench.u_mem0.data_task: at time 147307689.0 ps INFO: READ @ DQS= bank = 0 row = 0000 col = 00000019 data = 1111
Block_Testbench.u_mem0.data_task: at time 147308939.0 ps INFO: READ @ DQS= bank = 0 row = 0000 col = 0000001a data = eeee
Block_Testbench.u_mem0.data_task: at time 147310189.0 ps INFO: READ @ DQS= bank = 0 row = 0000 col = 0000001b data = 4444
Block_Testbench.u_mem0.data_task: at time 147311439.0 ps INFO: READ @ DQS= bank = 0 row = 0000 col = 0000001c data = 4444
Block_Testbench.u_mem0.data_task: at time 147312689.0 ps INFO: READ @ DQS= bank = 0 row = 0000 col = 0000001d data = eeee
Block_Testbench.u_mem0.data_task: at time 147313939.0 ps INFO: READ @ DQS= bank = 0 row = 0000 col = 0000001e data = dddd
Block_Testbench.u_mem0.data_task: at time 147315189.0 ps INFO: READ @ DQS= bank = 0 row = 0000 col = 0000001f data = 8888
Block_Testbench.u_mem0.cmd_task: at time 147335189.0 ps INFO: Precharge bank   0
Block_Testbench.u_mem0.cmd_task: at time 148260189.0 ps INFO: Activate  bank 0 row 0000
Block_Testbench.u_mem0.cmd_task: at time 148282689.0 ps INFO: Read      bank 0 col 018, auto precharge 0
Block_Testbench.u_mem0.cmd_task: at time 148292689.0 ps INFO: Read      bank 0 col 018, auto precharge 0
Block_Testbench.u_mem0.data_task: at time 148296439.0 ps INFO: READ @ DQS= bank = 0 row = 0000 col = 00000018 data = bbbb
Block_Testbench.u_mem0.data_task: at time 148297689.0 ps INFO: READ @ DQS= bank = 0 row = 0000 col = 00000019 data = 1111
Block_Testbench.u_mem0.data_task: at time 148298939.0 ps INFO: READ @ DQS= bank = 0 row = 0000 col = 0000001a data = eeee
Block_Testbench.u_mem0.data_task: at time 148300189.0 ps INFO: READ @ DQS= bank = 0 row = 0000 col = 0000001b data = 4444
Block_Testbench.u_mem0.data_task: at time 148301439.0 ps INFO: READ @ DQS= bank = 0 row = 0000 col = 0000001c data = 4444
Block_Testbench.u_mem0.data_task: at time 148302689.0 ps INFO: READ @ DQS= bank = 0 row = 0000 col = 0000001d data = eeee
Block_Testbench.u_mem0.data_task: at time 148303939.0 ps INFO: READ @ DQS= bank = 0 row = 0000 col = 0000001e data = dddd
Block_Testbench.u_mem0.data_task: at time 148305189.0 ps INFO: READ @ DQS= bank = 0 row = 0000 col = 0000001f data = 8888
Block_Testbench.u_mem0.data_task: at time 148306439.0 ps INFO: READ @ DQS= bank = 0 row = 0000 col = 00000018 data = bbbb
Block_Testbench.u_mem0.data_task: at time 148307689.0 ps INFO: READ @ DQS= bank = 0 row = 0000 col = 00000019 data = 1111
Block_Testbench.u_mem0.data_task: at time 148308939.0 ps INFO: READ @ DQS= bank = 0 row = 0000 col = 0000001a data = eeee
Block_Testbench.u_mem0.data_task: at time 148310189.0 ps INFO: READ @ DQS= bank = 0 row = 0000 col = 0000001b data = 4444
Block_Testbench.u_mem0.data_task: at time 148311439.0 ps INFO: READ @ DQS= bank = 0 row = 0000 col = 0000001c data = 4444
Block_Testbench.u_mem0.data_task: at time 148312689.0 ps INFO: READ @ DQS= bank = 0 row = 0000 col = 0000001d data = eeee
Block_Testbench.u_mem0.data_task: at time 148313939.0 ps INFO: READ @ DQS= bank = 0 row = 0000 col = 0000001e data = dddd
Block_Testbench.u_mem0.data_task: at time 148315189.0 ps INFO: READ @ DQS= bank = 0 row = 0000 col = 0000001f data = 8888
Block_Testbench.u_mem0.cmd_task: at time 148335189.0 ps INFO: Precharge bank   0
Block_Testbench.u_mem0.cmd_task: at time 149260189.0 ps INFO: Activate  bank 0 row 0000
Block_Testbench.u_mem0.cmd_task: at time 149282689.0 ps INFO: Read      bank 0 col 018, auto precharge 0
Block_Testbench.u_mem0.cmd_task: at time 149292689.0 ps INFO: Read      bank 0 col 018, auto precharge 0
Block_Testbench.u_mem0.data_task: at time 149296439.0 ps INFO: READ @ DQS= bank = 0 row = 0000 col = 00000018 data = bbbb
Block_Testbench.u_mem0.data_task: at time 149297689.0 ps INFO: READ @ DQS= bank = 0 row = 0000 col = 00000019 data = 1111
Block_Testbench.u_mem0.data_task: at time 149298939.0 ps INFO: READ @ DQS= bank = 0 row = 0000 col = 0000001a data = eeee
Block_Testbench.u_mem0.data_task: at time 149300189.0 ps INFO: READ @ DQS= bank = 0 row = 0000 col = 0000001b data = 4444
Block_Testbench.u_mem0.data_task: at time 149301439.0 ps INFO: READ @ DQS= bank = 0 row = 0000 col = 0000001c data = 4444
Block_Testbench.u_mem0.data_task: at time 149302689.0 ps INFO: READ @ DQS= bank = 0 row = 0000 col = 0000001d data = eeee
Block_Testbench.u_mem0.data_task: at time 149303939.0 ps INFO: READ @ DQS= bank = 0 row = 0000 col = 0000001e data = dddd
Block_Testbench.u_mem0.data_task: at time 149305189.0 ps INFO: READ @ DQS= bank = 0 row = 0000 col = 0000001f data = 8888
Block_Testbench.u_mem0.data_task: at time 149306439.0 ps INFO: READ @ DQS= bank = 0 row = 0000 col = 00000018 data = bbbb
Block_Testbench.u_mem0.data_task: at time 149307689.0 ps INFO: READ @ DQS= bank = 0 row = 0000 col = 00000019 data = 1111
Block_Testbench.u_mem0.data_task: at time 149308939.0 ps INFO: READ @ DQS= bank = 0 row = 0000 col = 0000001a data = eeee
Block_Testbench.u_mem0.data_task: at time 149310189.0 ps INFO: READ @ DQS= bank = 0 row = 0000 col = 0000001b data = 4444
Block_Testbench.u_mem0.data_task: at time 149311439.0 ps INFO: READ @ DQS= bank = 0 row = 0000 col = 0000001c data = 4444
Block_Testbench.u_mem0.data_task: at time 149312689.0 ps INFO: READ @ DQS= bank = 0 row = 0000 col = 0000001d data = eeee
Block_Testbench.u_mem0.data_task: at time 149313939.0 ps INFO: READ @ DQS= bank = 0 row = 0000 col = 0000001e data = dddd
Block_Testbench.u_mem0.data_task: at time 149315189.0 ps INFO: READ @ DQS= bank = 0 row = 0000 col = 0000001f data = 8888
Block_Testbench.u_mem0.cmd_task: at time 149335189.0 ps INFO: Precharge bank   0
Block_Testbench.u_mem0.cmd_task: at time 150260189.0 ps INFO: Activate  bank 0 row 0000
Block_Testbench.u_mem0.cmd_task: at time 150282689.0 ps INFO: Read      bank 0 col 018, auto precharge 0
Block_Testbench.u_mem0.cmd_task: at time 150292689.0 ps INFO: Read      bank 0 col 018, auto precharge 0
Block_Testbench.u_mem0.data_task: at time 150296439.0 ps INFO: READ @ DQS= bank = 0 row = 0000 col = 00000018 data = bbbb
Block_Testbench.u_mem0.data_task: at time 150297689.0 ps INFO: READ @ DQS= bank = 0 row = 0000 col = 00000019 data = 1111
Block_Testbench.u_mem0.data_task: at time 150298939.0 ps INFO: READ @ DQS= bank = 0 row = 0000 col = 0000001a data = eeee
Block_Testbench.u_mem0.data_task: at time 150300189.0 ps INFO: READ @ DQS= bank = 0 row = 0000 col = 0000001b data = 4444
Block_Testbench.u_mem0.data_task: at time 150301439.0 ps INFO: READ @ DQS= bank = 0 row = 0000 col = 0000001c data = 4444
Block_Testbench.u_mem0.data_task: at time 150302689.0 ps INFO: READ @ DQS= bank = 0 row = 0000 col = 0000001d data = eeee
Block_Testbench.u_mem0.data_task: at time 150303939.0 ps INFO: READ @ DQS= bank = 0 row = 0000 col = 0000001e data = dddd
Block_Testbench.u_mem0.data_task: at time 150305189.0 ps INFO: READ @ DQS= bank = 0 row = 0000 col = 0000001f data = 8888
Block_Testbench.u_mem0.data_task: at time 150306439.0 ps INFO: READ @ DQS= bank = 0 row = 0000 col = 00000018 data = bbbb
Block_Testbench.u_mem0.data_task: at time 150307689.0 ps INFO: READ @ DQS= bank = 0 row = 0000 col = 00000019 data = 1111
Block_Testbench.u_mem0.data_task: at time 150308939.0 ps INFO: READ @ DQS= bank = 0 row = 0000 col = 0000001a data = eeee
Block_Testbench.u_mem0.data_task: at time 150310189.0 ps INFO: READ @ DQS= bank = 0 row = 0000 col = 0000001b data = 4444
Block_Testbench.u_mem0.data_task: at time 150311439.0 ps INFO: READ @ DQS= bank = 0 row = 0000 col = 0000001c data = 4444
Block_Testbench.u_mem0.data_task: at time 150312689.0 ps INFO: READ @ DQS= bank = 0 row = 0000 col = 0000001d data = eeee
Block_Testbench.u_mem0.data_task: at time 150313939.0 ps INFO: READ @ DQS= bank = 0 row = 0000 col = 0000001e data = dddd
Block_Testbench.u_mem0.data_task: at time 150315189.0 ps INFO: READ @ DQS= bank = 0 row = 0000 col = 0000001f data = 8888
Block_Testbench.u_mem0.cmd_task: at time 150335189.0 ps INFO: Precharge bank   0
Block_Testbench.u_mem0.cmd_task: at time 151260189.0 ps INFO: Activate  bank 0 row 0000
Block_Testbench.u_mem0.cmd_task: at time 151282689.0 ps INFO: Read      bank 0 col 018, auto precharge 0
Block_Testbench.u_mem0.cmd_task: at time 151292689.0 ps INFO: Read      bank 0 col 018, auto precharge 0
Block_Testbench.u_mem0.data_task: at time 151296439.0 ps INFO: READ @ DQS= bank = 0 row = 0000 col = 00000018 data = bbbb
Block_Testbench.u_mem0.data_task: at time 151297689.0 ps INFO: READ @ DQS= bank = 0 row = 0000 col = 00000019 data = 1111
Block_Testbench.u_mem0.data_task: at time 151298939.0 ps INFO: READ @ DQS= bank = 0 row = 0000 col = 0000001a data = eeee
Block_Testbench.u_mem0.data_task: at time 151300189.0 ps INFO: READ @ DQS= bank = 0 row = 0000 col = 0000001b data = 4444
Block_Testbench.u_mem0.data_task: at time 151301439.0 ps INFO: READ @ DQS= bank = 0 row = 0000 col = 0000001c data = 4444
Block_Testbench.u_mem0.data_task: at time 151302689.0 ps INFO: READ @ DQS= bank = 0 row = 0000 col = 0000001d data = eeee
Block_Testbench.u_mem0.data_task: at time 151303939.0 ps INFO: READ @ DQS= bank = 0 row = 0000 col = 0000001e data = dddd
Block_Testbench.u_mem0.data_task: at time 151305189.0 ps INFO: READ @ DQS= bank = 0 row = 0000 col = 0000001f data = 8888
Block_Testbench.u_mem0.data_task: at time 151306439.0 ps INFO: READ @ DQS= bank = 0 row = 0000 col = 00000018 data = bbbb
Block_Testbench.u_mem0.data_task: at time 151307689.0 ps INFO: READ @ DQS= bank = 0 row = 0000 col = 00000019 data = 1111
Block_Testbench.u_mem0.data_task: at time 151308939.0 ps INFO: READ @ DQS= bank = 0 row = 0000 col = 0000001a data = eeee
Block_Testbench.u_mem0.data_task: at time 151310189.0 ps INFO: READ @ DQS= bank = 0 row = 0000 col = 0000001b data = 4444
Block_Testbench.u_mem0.data_task: at time 151311439.0 ps INFO: READ @ DQS= bank = 0 row = 0000 col = 0000001c data = 4444
Block_Testbench.u_mem0.data_task: at time 151312689.0 ps INFO: READ @ DQS= bank = 0 row = 0000 col = 0000001d data = eeee
Block_Testbench.u_mem0.data_task: at time 151313939.0 ps INFO: READ @ DQS= bank = 0 row = 0000 col = 0000001e data = dddd
Block_Testbench.u_mem0.data_task: at time 151315189.0 ps INFO: READ @ DQS= bank = 0 row = 0000 col = 0000001f data = 8888
Block_Testbench.u_mem0.cmd_task: at time 151335189.0 ps INFO: Precharge bank   0
Block_Testbench.u_mem0.cmd_task: at time 152260189.0 ps INFO: Activate  bank 0 row 0000
Block_Testbench.u_mem0.cmd_task: at time 152282689.0 ps INFO: Read      bank 0 col 018, auto precharge 0
Block_Testbench.u_mem0.cmd_task: at time 152292689.0 ps INFO: Read      bank 0 col 018, auto precharge 0
Block_Testbench.u_mem0.data_task: at time 152296439.0 ps INFO: READ @ DQS= bank = 0 row = 0000 col = 00000018 data = bbbb
Block_Testbench.u_mem0.data_task: at time 152297689.0 ps INFO: READ @ DQS= bank = 0 row = 0000 col = 00000019 data = 1111
Block_Testbench.u_mem0.data_task: at time 152298939.0 ps INFO: READ @ DQS= bank = 0 row = 0000 col = 0000001a data = eeee
Block_Testbench.u_mem0.data_task: at time 152300189.0 ps INFO: READ @ DQS= bank = 0 row = 0000 col = 0000001b data = 4444
Block_Testbench.u_mem0.data_task: at time 152301439.0 ps INFO: READ @ DQS= bank = 0 row = 0000 col = 0000001c data = 4444
Block_Testbench.u_mem0.data_task: at time 152302689.0 ps INFO: READ @ DQS= bank = 0 row = 0000 col = 0000001d data = eeee
Block_Testbench.u_mem0.data_task: at time 152303939.0 ps INFO: READ @ DQS= bank = 0 row = 0000 col = 0000001e data = dddd
Block_Testbench.u_mem0.data_task: at time 152305189.0 ps INFO: READ @ DQS= bank = 0 row = 0000 col = 0000001f data = 8888
Block_Testbench.u_mem0.data_task: at time 152306439.0 ps INFO: READ @ DQS= bank = 0 row = 0000 col = 00000018 data = bbbb
Block_Testbench.u_mem0.data_task: at time 152307689.0 ps INFO: READ @ DQS= bank = 0 row = 0000 col = 00000019 data = 1111
Block_Testbench.u_mem0.data_task: at time 152308939.0 ps INFO: READ @ DQS= bank = 0 row = 0000 col = 0000001a data = eeee
Block_Testbench.u_mem0.data_task: at time 152310189.0 ps INFO: READ @ DQS= bank = 0 row = 0000 col = 0000001b data = 4444
Block_Testbench.u_mem0.data_task: at time 152311439.0 ps INFO: READ @ DQS= bank = 0 row = 0000 col = 0000001c data = 4444
Block_Testbench.u_mem0.data_task: at time 152312689.0 ps INFO: READ @ DQS= bank = 0 row = 0000 col = 0000001d data = eeee
Block_Testbench.u_mem0.data_task: at time 152313939.0 ps INFO: READ @ DQS= bank = 0 row = 0000 col = 0000001e data = dddd
Block_Testbench.u_mem0.data_task: at time 152315189.0 ps INFO: READ @ DQS= bank = 0 row = 0000 col = 0000001f data = 8888
Block_Testbench.u_mem0.cmd_task: at time 152335189.0 ps INFO: Precharge bank   0
Block_Testbench.u_mem0.cmd_task: at time 153260189.0 ps INFO: Refresh  
Block_Testbench.u_mem0.cmd_task: at time 153420189.0 ps INFO: Activate  bank 0 row 0000
Block_Testbench.u_mem0.cmd_task: at time 153442689.0 ps INFO: Read      bank 0 col 018, auto precharge 0
Block_Testbench.u_mem0.cmd_task: at time 153452689.0 ps INFO: Read      bank 0 col 018, auto precharge 0
Block_Testbench.u_mem0.data_task: at time 153456439.0 ps INFO: READ @ DQS= bank = 0 row = 0000 col = 00000018 data = bbbb
Block_Testbench.u_mem0.data_task: at time 153457689.0 ps INFO: READ @ DQS= bank = 0 row = 0000 col = 00000019 data = 1111
Block_Testbench.u_mem0.data_task: at time 153458939.0 ps INFO: READ @ DQS= bank = 0 row = 0000 col = 0000001a data = eeee
Block_Testbench.u_mem0.data_task: at time 153460189.0 ps INFO: READ @ DQS= bank = 0 row = 0000 col = 0000001b data = 4444
Block_Testbench.u_mem0.data_task: at time 153461439.0 ps INFO: READ @ DQS= bank = 0 row = 0000 col = 0000001c data = 4444
Block_Testbench.u_mem0.data_task: at time 153462689.0 ps INFO: READ @ DQS= bank = 0 row = 0000 col = 0000001d data = eeee
Block_Testbench.u_mem0.data_task: at time 153463939.0 ps INFO: READ @ DQS= bank = 0 row = 0000 col = 0000001e data = dddd
Block_Testbench.u_mem0.data_task: at time 153465189.0 ps INFO: READ @ DQS= bank = 0 row = 0000 col = 0000001f data = 8888
Block_Testbench.u_mem0.data_task: at time 153466439.0 ps INFO: READ @ DQS= bank = 0 row = 0000 col = 00000018 data = bbbb
Block_Testbench.u_mem0.data_task: at time 153467689.0 ps INFO: READ @ DQS= bank = 0 row = 0000 col = 00000019 data = 1111
Block_Testbench.u_mem0.data_task: at time 153468939.0 ps INFO: READ @ DQS= bank = 0 row = 0000 col = 0000001a data = eeee
Block_Testbench.u_mem0.data_task: at time 153470189.0 ps INFO: READ @ DQS= bank = 0 row = 0000 col = 0000001b data = 4444
Block_Testbench.u_mem0.data_task: at time 153471439.0 ps INFO: READ @ DQS= bank = 0 row = 0000 col = 0000001c data = 4444
Block_Testbench.u_mem0.data_task: at time 153472689.0 ps INFO: READ @ DQS= bank = 0 row = 0000 col = 0000001d data = eeee
Block_Testbench.u_mem0.data_task: at time 153473939.0 ps INFO: READ @ DQS= bank = 0 row = 0000 col = 0000001e data = dddd
Block_Testbench.u_mem0.data_task: at time 153475189.0 ps INFO: READ @ DQS= bank = 0 row = 0000 col = 0000001f data = 8888
Block_Testbench.u_mem0.cmd_task: at time 153495189.0 ps INFO: Precharge bank   0
Block_Testbench.u_mem0.cmd_task: at time 154460189.0 ps INFO: Activate  bank 0 row 0000
Block_Testbench.u_mem0.cmd_task: at time 154482689.0 ps INFO: Read      bank 0 col 018, auto precharge 0
Block_Testbench.u_mem0.cmd_task: at time 154492689.0 ps INFO: Read      bank 0 col 018, auto precharge 0
Block_Testbench.u_mem0.data_task: at time 154496439.0 ps INFO: READ @ DQS= bank = 0 row = 0000 col = 00000018 data = bbbb
Block_Testbench.u_mem0.data_task: at time 154497689.0 ps INFO: READ @ DQS= bank = 0 row = 0000 col = 00000019 data = 1111
Block_Testbench.u_mem0.data_task: at time 154498939.0 ps INFO: READ @ DQS= bank = 0 row = 0000 col = 0000001a data = eeee
Block_Testbench.u_mem0.data_task: at time 154500189.0 ps INFO: READ @ DQS= bank = 0 row = 0000 col = 0000001b data = 4444
Block_Testbench.u_mem0.data_task: at time 154501439.0 ps INFO: READ @ DQS= bank = 0 row = 0000 col = 0000001c data = 4444
Block_Testbench.u_mem0.data_task: at time 154502689.0 ps INFO: READ @ DQS= bank = 0 row = 0000 col = 0000001d data = eeee
Block_Testbench.u_mem0.data_task: at time 154503939.0 ps INFO: READ @ DQS= bank = 0 row = 0000 col = 0000001e data = dddd
Block_Testbench.u_mem0.data_task: at time 154505189.0 ps INFO: READ @ DQS= bank = 0 row = 0000 col = 0000001f data = 8888
Block_Testbench.u_mem0.data_task: at time 154506439.0 ps INFO: READ @ DQS= bank = 0 row = 0000 col = 00000018 data = bbbb
Block_Testbench.u_mem0.data_task: at time 154507689.0 ps INFO: READ @ DQS= bank = 0 row = 0000 col = 00000019 data = 1111
Block_Testbench.u_mem0.data_task: at time 154508939.0 ps INFO: READ @ DQS= bank = 0 row = 0000 col = 0000001a data = eeee
Block_Testbench.u_mem0.data_task: at time 154510189.0 ps INFO: READ @ DQS= bank = 0 row = 0000 col = 0000001b data = 4444
Block_Testbench.u_mem0.data_task: at time 154511439.0 ps INFO: READ @ DQS= bank = 0 row = 0000 col = 0000001c data = 4444
Block_Testbench.u_mem0.data_task: at time 154512689.0 ps INFO: READ @ DQS= bank = 0 row = 0000 col = 0000001d data = eeee
Block_Testbench.u_mem0.data_task: at time 154513939.0 ps INFO: READ @ DQS= bank = 0 row = 0000 col = 0000001e data = dddd
Block_Testbench.u_mem0.data_task: at time 154515189.0 ps INFO: READ @ DQS= bank = 0 row = 0000 col = 0000001f data = 8888
Block_Testbench.u_mem0.cmd_task: at time 154535189.0 ps INFO: Precharge bank   0
Block_Testbench.u_mem0.cmd_task: at time 155460189.0 ps INFO: Activate  bank 0 row 0000
Block_Testbench.u_mem0.cmd_task: at time 155482689.0 ps INFO: Read      bank 0 col 018, auto precharge 0
Block_Testbench.u_mem0.cmd_task: at time 155492689.0 ps INFO: Read      bank 0 col 018, auto precharge 0
Block_Testbench.u_mem0.data_task: at time 155496439.0 ps INFO: READ @ DQS= bank = 0 row = 0000 col = 00000018 data = bbbb
Block_Testbench.u_mem0.data_task: at time 155497689.0 ps INFO: READ @ DQS= bank = 0 row = 0000 col = 00000019 data = 1111
Block_Testbench.u_mem0.data_task: at time 155498939.0 ps INFO: READ @ DQS= bank = 0 row = 0000 col = 0000001a data = eeee
Block_Testbench.u_mem0.data_task: at time 155500189.0 ps INFO: READ @ DQS= bank = 0 row = 0000 col = 0000001b data = 4444
Block_Testbench.u_mem0.data_task: at time 155501439.0 ps INFO: READ @ DQS= bank = 0 row = 0000 col = 0000001c data = 4444
Block_Testbench.u_mem0.data_task: at time 155502689.0 ps INFO: READ @ DQS= bank = 0 row = 0000 col = 0000001d data = eeee
Block_Testbench.u_mem0.data_task: at time 155503939.0 ps INFO: READ @ DQS= bank = 0 row = 0000 col = 0000001e data = dddd
Block_Testbench.u_mem0.data_task: at time 155505189.0 ps INFO: READ @ DQS= bank = 0 row = 0000 col = 0000001f data = 8888
Block_Testbench.u_mem0.data_task: at time 155506439.0 ps INFO: READ @ DQS= bank = 0 row = 0000 col = 00000018 data = bbbb
Block_Testbench.u_mem0.data_task: at time 155507689.0 ps INFO: READ @ DQS= bank = 0 row = 0000 col = 00000019 data = 1111
Block_Testbench.u_mem0.data_task: at time 155508939.0 ps INFO: READ @ DQS= bank = 0 row = 0000 col = 0000001a data = eeee
Block_Testbench.u_mem0.data_task: at time 155510189.0 ps INFO: READ @ DQS= bank = 0 row = 0000 col = 0000001b data = 4444
Block_Testbench.u_mem0.data_task: at time 155511439.0 ps INFO: READ @ DQS= bank = 0 row = 0000 col = 0000001c data = 4444
Block_Testbench.u_mem0.data_task: at time 155512689.0 ps INFO: READ @ DQS= bank = 0 row = 0000 col = 0000001d data = eeee
Block_Testbench.u_mem0.data_task: at time 155513939.0 ps INFO: READ @ DQS= bank = 0 row = 0000 col = 0000001e data = dddd
Block_Testbench.u_mem0.data_task: at time 155515189.0 ps INFO: READ @ DQS= bank = 0 row = 0000 col = 0000001f data = 8888
Block_Testbench.u_mem0.cmd_task: at time 155535189.0 ps INFO: Precharge bank   0
Block_Testbench.u_mem0.cmd_task: at time 156460189.0 ps INFO: Activate  bank 0 row 0000
Block_Testbench.u_mem0.cmd_task: at time 156482689.0 ps INFO: Read      bank 0 col 018, auto precharge 0
Block_Testbench.u_mem0.cmd_task: at time 156492689.0 ps INFO: Read      bank 0 col 018, auto precharge 0
Block_Testbench.u_mem0.data_task: at time 156496439.0 ps INFO: READ @ DQS= bank = 0 row = 0000 col = 00000018 data = bbbb
Block_Testbench.u_mem0.data_task: at time 156497689.0 ps INFO: READ @ DQS= bank = 0 row = 0000 col = 00000019 data = 1111
Block_Testbench.u_mem0.data_task: at time 156498939.0 ps INFO: READ @ DQS= bank = 0 row = 0000 col = 0000001a data = eeee
Block_Testbench.u_mem0.data_task: at time 156500189.0 ps INFO: READ @ DQS= bank = 0 row = 0000 col = 0000001b data = 4444
Block_Testbench.u_mem0.data_task: at time 156501439.0 ps INFO: READ @ DQS= bank = 0 row = 0000 col = 0000001c data = 4444
Block_Testbench.u_mem0.data_task: at time 156502689.0 ps INFO: READ @ DQS= bank = 0 row = 0000 col = 0000001d data = eeee
Block_Testbench.u_mem0.data_task: at time 156503939.0 ps INFO: READ @ DQS= bank = 0 row = 0000 col = 0000001e data = dddd
Block_Testbench.u_mem0.data_task: at time 156505189.0 ps INFO: READ @ DQS= bank = 0 row = 0000 col = 0000001f data = 8888
Block_Testbench.u_mem0.data_task: at time 156506439.0 ps INFO: READ @ DQS= bank = 0 row = 0000 col = 00000018 data = bbbb
Block_Testbench.u_mem0.data_task: at time 156507689.0 ps INFO: READ @ DQS= bank = 0 row = 0000 col = 00000019 data = 1111
Block_Testbench.u_mem0.data_task: at time 156508939.0 ps INFO: READ @ DQS= bank = 0 row = 0000 col = 0000001a data = eeee
Block_Testbench.u_mem0.data_task: at time 156510189.0 ps INFO: READ @ DQS= bank = 0 row = 0000 col = 0000001b data = 4444
Block_Testbench.u_mem0.data_task: at time 156511439.0 ps INFO: READ @ DQS= bank = 0 row = 0000 col = 0000001c data = 4444
Block_Testbench.u_mem0.data_task: at time 156512689.0 ps INFO: READ @ DQS= bank = 0 row = 0000 col = 0000001d data = eeee
Block_Testbench.u_mem0.data_task: at time 156513939.0 ps INFO: READ @ DQS= bank = 0 row = 0000 col = 0000001e data = dddd
Block_Testbench.u_mem0.data_task: at time 156515189.0 ps INFO: READ @ DQS= bank = 0 row = 0000 col = 0000001f data = 8888
Block_Testbench.u_mem0.cmd_task: at time 156535189.0 ps INFO: Precharge bank   0
Block_Testbench.u_mem0.cmd_task: at time 157460189.0 ps INFO: Activate  bank 0 row 0000
Block_Testbench.u_mem0.cmd_task: at time 157482689.0 ps INFO: Read      bank 0 col 018, auto precharge 0
Block_Testbench.u_mem0.cmd_task: at time 157492689.0 ps INFO: Read      bank 0 col 018, auto precharge 0
Block_Testbench.u_mem0.data_task: at time 157496439.0 ps INFO: READ @ DQS= bank = 0 row = 0000 col = 00000018 data = bbbb
Block_Testbench.u_mem0.data_task: at time 157497689.0 ps INFO: READ @ DQS= bank = 0 row = 0000 col = 00000019 data = 1111
Block_Testbench.u_mem0.data_task: at time 157498939.0 ps INFO: READ @ DQS= bank = 0 row = 0000 col = 0000001a data = eeee
Block_Testbench.u_mem0.data_task: at time 157500189.0 ps INFO: READ @ DQS= bank = 0 row = 0000 col = 0000001b data = 4444
Block_Testbench.u_mem0.data_task: at time 157501439.0 ps INFO: READ @ DQS= bank = 0 row = 0000 col = 0000001c data = 4444
Block_Testbench.u_mem0.data_task: at time 157502689.0 ps INFO: READ @ DQS= bank = 0 row = 0000 col = 0000001d data = eeee
Block_Testbench.u_mem0.data_task: at time 157503939.0 ps INFO: READ @ DQS= bank = 0 row = 0000 col = 0000001e data = dddd
Block_Testbench.u_mem0.data_task: at time 157505189.0 ps INFO: READ @ DQS= bank = 0 row = 0000 col = 0000001f data = 8888
Block_Testbench.u_mem0.data_task: at time 157506439.0 ps INFO: READ @ DQS= bank = 0 row = 0000 col = 00000018 data = bbbb
Block_Testbench.u_mem0.data_task: at time 157507689.0 ps INFO: READ @ DQS= bank = 0 row = 0000 col = 00000019 data = 1111
Block_Testbench.u_mem0.data_task: at time 157508939.0 ps INFO: READ @ DQS= bank = 0 row = 0000 col = 0000001a data = eeee
Block_Testbench.u_mem0.data_task: at time 157510189.0 ps INFO: READ @ DQS= bank = 0 row = 0000 col = 0000001b data = 4444
Block_Testbench.u_mem0.data_task: at time 157511439.0 ps INFO: READ @ DQS= bank = 0 row = 0000 col = 0000001c data = 4444
Block_Testbench.u_mem0.data_task: at time 157512689.0 ps INFO: READ @ DQS= bank = 0 row = 0000 col = 0000001d data = eeee
Block_Testbench.u_mem0.data_task: at time 157513939.0 ps INFO: READ @ DQS= bank = 0 row = 0000 col = 0000001e data = dddd
Block_Testbench.u_mem0.data_task: at time 157515189.0 ps INFO: READ @ DQS= bank = 0 row = 0000 col = 0000001f data = 8888
Block_Testbench.u_mem0.cmd_task: at time 157535189.0 ps INFO: Precharge bank   0
Block_Testbench.u_mem0.cmd_task: at time 158460189.0 ps INFO: Activate  bank 0 row 0000
Block_Testbench.u_mem0.cmd_task: at time 158482689.0 ps INFO: Read      bank 0 col 018, auto precharge 0
Block_Testbench.u_mem0.cmd_task: at time 158492689.0 ps INFO: Read      bank 0 col 018, auto precharge 0
Block_Testbench.u_mem0.data_task: at time 158496439.0 ps INFO: READ @ DQS= bank = 0 row = 0000 col = 00000018 data = bbbb
Block_Testbench.u_mem0.data_task: at time 158497689.0 ps INFO: READ @ DQS= bank = 0 row = 0000 col = 00000019 data = 1111
Block_Testbench.u_mem0.data_task: at time 158498939.0 ps INFO: READ @ DQS= bank = 0 row = 0000 col = 0000001a data = eeee
Block_Testbench.u_mem0.data_task: at time 158500189.0 ps INFO: READ @ DQS= bank = 0 row = 0000 col = 0000001b data = 4444
Block_Testbench.u_mem0.data_task: at time 158501439.0 ps INFO: READ @ DQS= bank = 0 row = 0000 col = 0000001c data = 4444
Block_Testbench.u_mem0.data_task: at time 158502689.0 ps INFO: READ @ DQS= bank = 0 row = 0000 col = 0000001d data = eeee
Block_Testbench.u_mem0.data_task: at time 158503939.0 ps INFO: READ @ DQS= bank = 0 row = 0000 col = 0000001e data = dddd
Block_Testbench.u_mem0.data_task: at time 158505189.0 ps INFO: READ @ DQS= bank = 0 row = 0000 col = 0000001f data = 8888
Block_Testbench.u_mem0.data_task: at time 158506439.0 ps INFO: READ @ DQS= bank = 0 row = 0000 col = 00000018 data = bbbb
Block_Testbench.u_mem0.data_task: at time 158507689.0 ps INFO: READ @ DQS= bank = 0 row = 0000 col = 00000019 data = 1111
Block_Testbench.u_mem0.data_task: at time 158508939.0 ps INFO: READ @ DQS= bank = 0 row = 0000 col = 0000001a data = eeee
Block_Testbench.u_mem0.data_task: at time 158510189.0 ps INFO: READ @ DQS= bank = 0 row = 0000 col = 0000001b data = 4444
Block_Testbench.u_mem0.data_task: at time 158511439.0 ps INFO: READ @ DQS= bank = 0 row = 0000 col = 0000001c data = 4444
Block_Testbench.u_mem0.data_task: at time 158512689.0 ps INFO: READ @ DQS= bank = 0 row = 0000 col = 0000001d data = eeee
Block_Testbench.u_mem0.data_task: at time 158513939.0 ps INFO: READ @ DQS= bank = 0 row = 0000 col = 0000001e data = dddd
Block_Testbench.u_mem0.data_task: at time 158515189.0 ps INFO: READ @ DQS= bank = 0 row = 0000 col = 0000001f data = 8888
Block_Testbench.u_mem0.cmd_task: at time 158535189.0 ps INFO: Precharge bank   0
Block_Testbench.u_mem0.cmd_task: at time 159460189.0 ps INFO: Activate  bank 0 row 0000
Block_Testbench.u_mem0.cmd_task: at time 159482689.0 ps INFO: Read      bank 0 col 018, auto precharge 0
Block_Testbench.u_mem0.cmd_task: at time 159492689.0 ps INFO: Read      bank 0 col 018, auto precharge 0
Block_Testbench.u_mem0.data_task: at time 159496439.0 ps INFO: READ @ DQS= bank = 0 row = 0000 col = 00000018 data = bbbb
Block_Testbench.u_mem0.data_task: at time 159497689.0 ps INFO: READ @ DQS= bank = 0 row = 0000 col = 00000019 data = 1111
Block_Testbench.u_mem0.data_task: at time 159498939.0 ps INFO: READ @ DQS= bank = 0 row = 0000 col = 0000001a data = eeee
Block_Testbench.u_mem0.data_task: at time 159500189.0 ps INFO: READ @ DQS= bank = 0 row = 0000 col = 0000001b data = 4444
Block_Testbench.u_mem0.data_task: at time 159501439.0 ps INFO: READ @ DQS= bank = 0 row = 0000 col = 0000001c data = 4444
Block_Testbench.u_mem0.data_task: at time 159502689.0 ps INFO: READ @ DQS= bank = 0 row = 0000 col = 0000001d data = eeee
Block_Testbench.u_mem0.data_task: at time 159503939.0 ps INFO: READ @ DQS= bank = 0 row = 0000 col = 0000001e data = dddd
Block_Testbench.u_mem0.data_task: at time 159505189.0 ps INFO: READ @ DQS= bank = 0 row = 0000 col = 0000001f data = 8888
Block_Testbench.u_mem0.data_task: at time 159506439.0 ps INFO: READ @ DQS= bank = 0 row = 0000 col = 00000018 data = bbbb
Block_Testbench.u_mem0.data_task: at time 159507689.0 ps INFO: READ @ DQS= bank = 0 row = 0000 col = 00000019 data = 1111
Block_Testbench.u_mem0.data_task: at time 159508939.0 ps INFO: READ @ DQS= bank = 0 row = 0000 col = 0000001a data = eeee
Block_Testbench.u_mem0.data_task: at time 159510189.0 ps INFO: READ @ DQS= bank = 0 row = 0000 col = 0000001b data = 4444
Block_Testbench.u_mem0.data_task: at time 159511439.0 ps INFO: READ @ DQS= bank = 0 row = 0000 col = 0000001c data = 4444
Block_Testbench.u_mem0.data_task: at time 159512689.0 ps INFO: READ @ DQS= bank = 0 row = 0000 col = 0000001d data = eeee
Block_Testbench.u_mem0.data_task: at time 159513939.0 ps INFO: READ @ DQS= bank = 0 row = 0000 col = 0000001e data = dddd
Block_Testbench.u_mem0.data_task: at time 159515189.0 ps INFO: READ @ DQS= bank = 0 row = 0000 col = 0000001f data = 8888
Block_Testbench.u_mem0.cmd_task: at time 159535189.0 ps INFO: Precharge bank   0
Block_Testbench.u_mem0.cmd_task: at time 160460189.0 ps INFO: Activate  bank 0 row 0000
Block_Testbench.u_mem0.cmd_task: at time 160482689.0 ps INFO: Read      bank 0 col 018, auto precharge 0
Block_Testbench.u_mem0.cmd_task: at time 160492689.0 ps INFO: Read      bank 0 col 018, auto precharge 0
Block_Testbench.u_mem0.data_task: at time 160496439.0 ps INFO: READ @ DQS= bank = 0 row = 0000 col = 00000018 data = bbbb
Block_Testbench.u_mem0.data_task: at time 160497689.0 ps INFO: READ @ DQS= bank = 0 row = 0000 col = 00000019 data = 1111
Block_Testbench.u_mem0.data_task: at time 160498939.0 ps INFO: READ @ DQS= bank = 0 row = 0000 col = 0000001a data = eeee
Block_Testbench.u_mem0.data_task: at time 160500189.0 ps INFO: READ @ DQS= bank = 0 row = 0000 col = 0000001b data = 4444
Block_Testbench.u_mem0.data_task: at time 160501439.0 ps INFO: READ @ DQS= bank = 0 row = 0000 col = 0000001c data = 4444
Block_Testbench.u_mem0.data_task: at time 160502689.0 ps INFO: READ @ DQS= bank = 0 row = 0000 col = 0000001d data = eeee
Block_Testbench.u_mem0.data_task: at time 160503939.0 ps INFO: READ @ DQS= bank = 0 row = 0000 col = 0000001e data = dddd
Block_Testbench.u_mem0.data_task: at time 160505189.0 ps INFO: READ @ DQS= bank = 0 row = 0000 col = 0000001f data = 8888
Block_Testbench.u_mem0.data_task: at time 160506439.0 ps INFO: READ @ DQS= bank = 0 row = 0000 col = 00000018 data = bbbb
Block_Testbench.u_mem0.data_task: at time 160507689.0 ps INFO: READ @ DQS= bank = 0 row = 0000 col = 00000019 data = 1111
Block_Testbench.u_mem0.data_task: at time 160508939.0 ps INFO: READ @ DQS= bank = 0 row = 0000 col = 0000001a data = eeee
Block_Testbench.u_mem0.data_task: at time 160510189.0 ps INFO: READ @ DQS= bank = 0 row = 0000 col = 0000001b data = 4444
Block_Testbench.u_mem0.data_task: at time 160511439.0 ps INFO: READ @ DQS= bank = 0 row = 0000 col = 0000001c data = 4444
Block_Testbench.u_mem0.data_task: at time 160512689.0 ps INFO: READ @ DQS= bank = 0 row = 0000 col = 0000001d data = eeee
Block_Testbench.u_mem0.data_task: at time 160513939.0 ps INFO: READ @ DQS= bank = 0 row = 0000 col = 0000001e data = dddd
Block_Testbench.u_mem0.data_task: at time 160515189.0 ps INFO: READ @ DQS= bank = 0 row = 0000 col = 0000001f data = 8888
Block_Testbench.u_mem0.cmd_task: at time 160535189.0 ps INFO: Precharge bank   0
Block_Testbench.u_mem0.cmd_task: at time 160660189.0 ps INFO: Refresh  
INFO: xsimkernel Simulation Memory Usage: 385672 KB (Peak: 424912 KB), Simulation CPU Usage: 415540 ms
