Copyright 1986-2022 Xilinx, Inc. All Rights Reserved. Copyright 2022-2025 Advanced Micro Devices, Inc. All Rights Reserved.
------------------------------------------------------------------------------------------------------------------------------------------------------------------------------------
| Tool Version : Vivado v.2025.2 (lin64) Build 6299465 Fri Nov 14 12:34:56 MST 2025
| Date         : Tue Jul 28 15:05:19 2026
| Host         : lovroRadiona running 64-bit Ubuntu 24.04.4 LTS
| Command      : report_bus_skew -warn_on_violation -file Block_top_wrapper_bus_skew_routed.rpt -pb Block_top_wrapper_bus_skew_routed.pb -rpx Block_top_wrapper_bus_skew_routed.rpx
| Design       : Block_top_wrapper
| Device       : 7a35t-ftg256
| Speed File   : -2  PRODUCTION 1.23 2018-06-13
| Design State : Routed
------------------------------------------------------------------------------------------------------------------------------------------------------------------------------------

Bus Skew Report

Table of Contents
-----------------
1. Bus Skew Report Summary
2. Bus Skew Report Per Constraint

1. Bus Skew Report Summary
--------------------------

Id  Position  From                            To                              Corner  Requirement(ns)  Actual(ns)  Slack(ns)
--  --------  ------------------------------  ------------------------------  ------  ---------------  ----------  ---------
1   105       [get_cells [list {Block_top_i/axi_quad_spi_0/U0/NO_DUAL_QUAD_MODE.QSPI_NORMAL/QSPI_LEGACY_MD_GEN.QSPI_CORE_INTERFACE_I/FIFO_EXISTS.TX_FIFO_II/gnuram_async_fifo.xpm_fifo_base_inst/gen_cdc_pntr.rd_pntr_cdc_inst/src_gray_ff_reg[0]} {Block_top_i/axi_quad_spi_0/U0/NO_DUAL_QUAD_MODE.QSPI_NORMAL/QSPI_LEGACY_MD_GEN.QSPI_CORE_INTERFACE_I/FIFO_EXISTS.TX_FIFO_II/gnuram_async_fifo.xpm_fifo_base_inst/gen_cdc_pntr.rd_pntr_cdc_inst/src_gray_ff_reg[1]} {Block_top_i/axi_quad_spi_0/U0/NO_DUAL_QUAD_MODE.QSPI_NORMAL/QSPI_LEGACY_MD_GEN.QSPI_CORE_INTERFACE_I/FIFO_EXISTS.TX_FIFO_II/gnuram_async_fifo.xpm_fifo_base_inst/gen_cdc_pntr.rd_pntr_cdc_inst/src_gray_ff_reg[2]} {Block_top_i/axi_quad_spi_0/U0/NO_DUAL_QUAD_MODE.QSPI_NORMAL/QSPI_LEGACY_MD_GEN.QSPI_CORE_INTERFACE_I/FIFO_EXISTS.TX_FIFO_II/gnuram_async_fifo.xpm_fifo_base_inst/gen_cdc_pntr.rd_pntr_cdc_inst/src_gray_ff_reg[3]}]]
                                              [get_cells [list {Block_top_i/axi_quad_spi_0/U0/NO_DUAL_QUAD_MODE.QSPI_NORMAL/QSPI_LEGACY_MD_GEN.QSPI_CORE_INTERFACE_I/FIFO_EXISTS.TX_FIFO_II/gnuram_async_fifo.xpm_fifo_base_inst/gen_cdc_pntr.rd_pntr_cdc_inst/dest_graysync_ff_reg[0][0]} {Block_top_i/axi_quad_spi_0/U0/NO_DUAL_QUAD_MODE.QSPI_NORMAL/QSPI_LEGACY_MD_GEN.QSPI_CORE_INTERFACE_I/FIFO_EXISTS.TX_FIFO_II/gnuram_async_fifo.xpm_fifo_base_inst/gen_cdc_pntr.rd_pntr_cdc_inst/dest_graysync_ff_reg[0][1]} {Block_top_i/axi_quad_spi_0/U0/NO_DUAL_QUAD_MODE.QSPI_NORMAL/QSPI_LEGACY_MD_GEN.QSPI_CORE_INTERFACE_I/FIFO_EXISTS.TX_FIFO_II/gnuram_async_fifo.xpm_fifo_base_inst/gen_cdc_pntr.rd_pntr_cdc_inst/dest_graysync_ff_reg[0][2]} {Block_top_i/axi_quad_spi_0/U0/NO_DUAL_QUAD_MODE.QSPI_NORMAL/QSPI_LEGACY_MD_GEN.QSPI_CORE_INTERFACE_I/FIFO_EXISTS.TX_FIFO_II/gnuram_async_fifo.xpm_fifo_base_inst/gen_cdc_pntr.rd_pntr_cdc_inst/dest_graysync_ff_reg[0][3]}]]
                                                                              Slow             10.000       0.820      9.180
2   107       [get_cells [list {Block_top_i/axi_quad_spi_0/U0/NO_DUAL_QUAD_MODE.QSPI_NORMAL/QSPI_LEGACY_MD_GEN.QSPI_CORE_INTERFACE_I/FIFO_EXISTS.RX_FIFO_II/gnuram_async_fifo.xpm_fifo_base_inst/gen_cdc_pntr.wr_pntr_cdc_inst/src_gray_ff_reg[0]} {Block_top_i/axi_quad_spi_0/U0/NO_DUAL_QUAD_MODE.QSPI_NORMAL/QSPI_LEGACY_MD_GEN.QSPI_CORE_INTERFACE_I/FIFO_EXISTS.RX_FIFO_II/gnuram_async_fifo.xpm_fifo_base_inst/gen_cdc_pntr.wr_pntr_cdc_inst/src_gray_ff_reg[1]} {Block_top_i/axi_quad_spi_0/U0/NO_DUAL_QUAD_MODE.QSPI_NORMAL/QSPI_LEGACY_MD_GEN.QSPI_CORE_INTERFACE_I/FIFO_EXISTS.RX_FIFO_II/gnuram_async_fifo.xpm_fifo_base_inst/gen_cdc_pntr.wr_pntr_cdc_inst/src_gray_ff_reg[2]} {Block_top_i/axi_quad_spi_0/U0/NO_DUAL_QUAD_MODE.QSPI_NORMAL/QSPI_LEGACY_MD_GEN.QSPI_CORE_INTERFACE_I/FIFO_EXISTS.RX_FIFO_II/gnuram_async_fifo.xpm_fifo_base_inst/gen_cdc_pntr.wr_pntr_cdc_inst/src_gray_ff_reg[3]}]]
                                              [get_cells [list {Block_top_i/axi_quad_spi_0/U0/NO_DUAL_QUAD_MODE.QSPI_NORMAL/QSPI_LEGACY_MD_GEN.QSPI_CORE_INTERFACE_I/FIFO_EXISTS.RX_FIFO_II/gnuram_async_fifo.xpm_fifo_base_inst/gen_cdc_pntr.wr_pntr_cdc_inst/dest_graysync_ff_reg[0][0]} {Block_top_i/axi_quad_spi_0/U0/NO_DUAL_QUAD_MODE.QSPI_NORMAL/QSPI_LEGACY_MD_GEN.QSPI_CORE_INTERFACE_I/FIFO_EXISTS.RX_FIFO_II/gnuram_async_fifo.xpm_fifo_base_inst/gen_cdc_pntr.wr_pntr_cdc_inst/dest_graysync_ff_reg[0][1]} {Block_top_i/axi_quad_spi_0/U0/NO_DUAL_QUAD_MODE.QSPI_NORMAL/QSPI_LEGACY_MD_GEN.QSPI_CORE_INTERFACE_I/FIFO_EXISTS.RX_FIFO_II/gnuram_async_fifo.xpm_fifo_base_inst/gen_cdc_pntr.wr_pntr_cdc_inst/dest_graysync_ff_reg[0][2]} {Block_top_i/axi_quad_spi_0/U0/NO_DUAL_QUAD_MODE.QSPI_NORMAL/QSPI_LEGACY_MD_GEN.QSPI_CORE_INTERFACE_I/FIFO_EXISTS.RX_FIFO_II/gnuram_async_fifo.xpm_fifo_base_inst/gen_cdc_pntr.wr_pntr_cdc_inst/dest_graysync_ff_reg[0][3]}]]
                                                                              Slow             10.000       0.790      9.210
3   109       [get_cells [list {Block_top_i/axi_quad_spi_0/U0/NO_DUAL_QUAD_MODE.QSPI_NORMAL/QSPI_LEGACY_MD_GEN.QSPI_CORE_INTERFACE_I/FIFO_EXISTS.RX_FIFO_II/gnuram_async_fifo.xpm_fifo_base_inst/gen_cdc_pntr.rd_pntr_cdc_inst/src_gray_ff_reg[0]} {Block_top_i/axi_quad_spi_0/U0/NO_DUAL_QUAD_MODE.QSPI_NORMAL/QSPI_LEGACY_MD_GEN.QSPI_CORE_INTERFACE_I/FIFO_EXISTS.RX_FIFO_II/gnuram_async_fifo.xpm_fifo_base_inst/gen_cdc_pntr.rd_pntr_cdc_inst/src_gray_ff_reg[1]} {Block_top_i/axi_quad_spi_0/U0/NO_DUAL_QUAD_MODE.QSPI_NORMAL/QSPI_LEGACY_MD_GEN.QSPI_CORE_INTERFACE_I/FIFO_EXISTS.RX_FIFO_II/gnuram_async_fifo.xpm_fifo_base_inst/gen_cdc_pntr.rd_pntr_cdc_inst/src_gray_ff_reg[2]} {Block_top_i/axi_quad_spi_0/U0/NO_DUAL_QUAD_MODE.QSPI_NORMAL/QSPI_LEGACY_MD_GEN.QSPI_CORE_INTERFACE_I/FIFO_EXISTS.RX_FIFO_II/gnuram_async_fifo.xpm_fifo_base_inst/gen_cdc_pntr.rd_pntr_cdc_inst/src_gray_ff_reg[3]}]]
                                              [get_cells [list {Block_top_i/axi_quad_spi_0/U0/NO_DUAL_QUAD_MODE.QSPI_NORMAL/QSPI_LEGACY_MD_GEN.QSPI_CORE_INTERFACE_I/FIFO_EXISTS.RX_FIFO_II/gnuram_async_fifo.xpm_fifo_base_inst/gen_cdc_pntr.rd_pntr_cdc_inst/dest_graysync_ff_reg[0][0]} {Block_top_i/axi_quad_spi_0/U0/NO_DUAL_QUAD_MODE.QSPI_NORMAL/QSPI_LEGACY_MD_GEN.QSPI_CORE_INTERFACE_I/FIFO_EXISTS.RX_FIFO_II/gnuram_async_fifo.xpm_fifo_base_inst/gen_cdc_pntr.rd_pntr_cdc_inst/dest_graysync_ff_reg[0][1]} {Block_top_i/axi_quad_spi_0/U0/NO_DUAL_QUAD_MODE.QSPI_NORMAL/QSPI_LEGACY_MD_GEN.QSPI_CORE_INTERFACE_I/FIFO_EXISTS.RX_FIFO_II/gnuram_async_fifo.xpm_fifo_base_inst/gen_cdc_pntr.rd_pntr_cdc_inst/dest_graysync_ff_reg[0][2]} {Block_top_i/axi_quad_spi_0/U0/NO_DUAL_QUAD_MODE.QSPI_NORMAL/QSPI_LEGACY_MD_GEN.QSPI_CORE_INTERFACE_I/FIFO_EXISTS.RX_FIFO_II/gnuram_async_fifo.xpm_fifo_base_inst/gen_cdc_pntr.rd_pntr_cdc_inst/dest_graysync_ff_reg[0][3]}]]
                                                                              Slow             10.000       0.802      9.198
4   111       [get_cells [list {Block_top_i/axi_quad_spi_0/U0/NO_DUAL_QUAD_MODE.QSPI_NORMAL/QSPI_LEGACY_MD_GEN.QSPI_CORE_INTERFACE_I/FIFO_EXISTS.TX_FIFO_II/gnuram_async_fifo.xpm_fifo_base_inst/gen_cdc_pntr.wr_pntr_cdc_inst/src_gray_ff_reg[0]} {Block_top_i/axi_quad_spi_0/U0/NO_DUAL_QUAD_MODE.QSPI_NORMAL/QSPI_LEGACY_MD_GEN.QSPI_CORE_INTERFACE_I/FIFO_EXISTS.TX_FIFO_II/gnuram_async_fifo.xpm_fifo_base_inst/gen_cdc_pntr.wr_pntr_cdc_inst/src_gray_ff_reg[1]} {Block_top_i/axi_quad_spi_0/U0/NO_DUAL_QUAD_MODE.QSPI_NORMAL/QSPI_LEGACY_MD_GEN.QSPI_CORE_INTERFACE_I/FIFO_EXISTS.TX_FIFO_II/gnuram_async_fifo.xpm_fifo_base_inst/gen_cdc_pntr.wr_pntr_cdc_inst/src_gray_ff_reg[2]} {Block_top_i/axi_quad_spi_0/U0/NO_DUAL_QUAD_MODE.QSPI_NORMAL/QSPI_LEGACY_MD_GEN.QSPI_CORE_INTERFACE_I/FIFO_EXISTS.TX_FIFO_II/gnuram_async_fifo.xpm_fifo_base_inst/gen_cdc_pntr.wr_pntr_cdc_inst/src_gray_ff_reg[3]}]]
                                              [get_cells [list {Block_top_i/axi_quad_spi_0/U0/NO_DUAL_QUAD_MODE.QSPI_NORMAL/QSPI_LEGACY_MD_GEN.QSPI_CORE_INTERFACE_I/FIFO_EXISTS.TX_FIFO_II/gnuram_async_fifo.xpm_fifo_base_inst/gen_cdc_pntr.wr_pntr_cdc_inst/dest_graysync_ff_reg[0][0]} {Block_top_i/axi_quad_spi_0/U0/NO_DUAL_QUAD_MODE.QSPI_NORMAL/QSPI_LEGACY_MD_GEN.QSPI_CORE_INTERFACE_I/FIFO_EXISTS.TX_FIFO_II/gnuram_async_fifo.xpm_fifo_base_inst/gen_cdc_pntr.wr_pntr_cdc_inst/dest_graysync_ff_reg[0][1]} {Block_top_i/axi_quad_spi_0/U0/NO_DUAL_QUAD_MODE.QSPI_NORMAL/QSPI_LEGACY_MD_GEN.QSPI_CORE_INTERFACE_I/FIFO_EXISTS.TX_FIFO_II/gnuram_async_fifo.xpm_fifo_base_inst/gen_cdc_pntr.wr_pntr_cdc_inst/dest_graysync_ff_reg[0][2]} {Block_top_i/axi_quad_spi_0/U0/NO_DUAL_QUAD_MODE.QSPI_NORMAL/QSPI_LEGACY_MD_GEN.QSPI_CORE_INTERFACE_I/FIFO_EXISTS.TX_FIFO_II/gnuram_async_fifo.xpm_fifo_base_inst/gen_cdc_pntr.wr_pntr_cdc_inst/dest_graysync_ff_reg[0][3]}]]
                                                                              Slow             10.000       0.573      9.427
5   113       [get_cells [list {Block_top_i/axi_quad_spi_0/U0/NO_DUAL_QUAD_MODE.QSPI_NORMAL/QSPI_LEGACY_MD_GEN.QSPI_CORE_INTERFACE_I/FIFO_EXISTS.TX_FIFO_II/gnuram_async_fifo.xpm_fifo_base_inst/gen_cdc_pntr.wr_pntr_cdc_dc_inst/src_gray_ff_reg[0]} {Block_top_i/axi_quad_spi_0/U0/NO_DUAL_QUAD_MODE.QSPI_NORMAL/QSPI_LEGACY_MD_GEN.QSPI_CORE_INTERFACE_I/FIFO_EXISTS.TX_FIFO_II/gnuram_async_fifo.xpm_fifo_base_inst/gen_cdc_pntr.wr_pntr_cdc_dc_inst/src_gray_ff_reg[1]} {Block_top_i/axi_quad_spi_0/U0/NO_DUAL_QUAD_MODE.QSPI_NORMAL/QSPI_LEGACY_MD_GEN.QSPI_CORE_INTERFACE_I/FIFO_EXISTS.TX_FIFO_II/gnuram_async_fifo.xpm_fifo_base_inst/gen_cdc_pntr.wr_pntr_cdc_dc_inst/src_gray_ff_reg[2]} {Block_top_i/axi_quad_spi_0/U0/NO_DUAL_QUAD_MODE.QSPI_NORMAL/QSPI_LEGACY_MD_GEN.QSPI_CORE_INTERFACE_I/FIFO_EXISTS.TX_FIFO_II/gnuram_async_fifo.xpm_fifo_base_inst/gen_cdc_pntr.wr_pntr_cdc_dc_inst/src_gray_ff_reg[3]} {Block_top_i/axi_quad_spi_0/U0/NO_DUAL_QUAD_MODE.QSPI_NORMAL/QSPI_LEGACY_MD_GEN.QSPI_CORE_INTERFACE_I/FIFO_EXISTS.TX_FIFO_II/gnuram_async_fifo.xpm_fifo_base_inst/gen_cdc_pntr.wr_pntr_cdc_dc_inst/src_gray_ff_reg[4]}]]
                                              [get_cells [list {Block_top_i/axi_quad_spi_0/U0/NO_DUAL_QUAD_MODE.QSPI_NORMAL/QSPI_LEGACY_MD_GEN.QSPI_CORE_INTERFACE_I/FIFO_EXISTS.TX_FIFO_II/gnuram_async_fifo.xpm_fifo_base_inst/gen_cdc_pntr.wr_pntr_cdc_dc_inst/dest_graysync_ff_reg[0][0]} {Block_top_i/axi_quad_spi_0/U0/NO_DUAL_QUAD_MODE.QSPI_NORMAL/QSPI_LEGACY_MD_GEN.QSPI_CORE_INTERFACE_I/FIFO_EXISTS.TX_FIFO_II/gnuram_async_fifo.xpm_fifo_base_inst/gen_cdc_pntr.wr_pntr_cdc_dc_inst/dest_graysync_ff_reg[0][1]} {Block_top_i/axi_quad_spi_0/U0/NO_DUAL_QUAD_MODE.QSPI_NORMAL/QSPI_LEGACY_MD_GEN.QSPI_CORE_INTERFACE_I/FIFO_EXISTS.TX_FIFO_II/gnuram_async_fifo.xpm_fifo_base_inst/gen_cdc_pntr.wr_pntr_cdc_dc_inst/dest_graysync_ff_reg[0][2]} {Block_top_i/axi_quad_spi_0/U0/NO_DUAL_QUAD_MODE.QSPI_NORMAL/QSPI_LEGACY_MD_GEN.QSPI_CORE_INTERFACE_I/FIFO_EXISTS.TX_FIFO_II/gnuram_async_fifo.xpm_fifo_base_inst/gen_cdc_pntr.wr_pntr_cdc_dc_inst/dest_graysync_ff_reg[0][3]} {Block_top_i/axi_quad_spi_0/U0/NO_DUAL_QUAD_MODE.QSPI_NORMAL/QSPI_LEGACY_MD_GEN.QSPI_CORE_INTERFACE_I/FIFO_EXISTS.TX_FIFO_II/gnuram_async_fifo.xpm_fifo_base_inst/gen_cdc_pntr.wr_pntr_cdc_dc_inst/dest_graysync_ff_reg[0][4]}]]
                                                                              Slow             10.000       0.981      9.019
6   115       [get_cells [list {Block_top_i/axi_quad_spi_0/U0/NO_DUAL_QUAD_MODE.QSPI_NORMAL/QSPI_LEGACY_MD_GEN.QSPI_CORE_INTERFACE_I/FIFO_EXISTS.RX_FIFO_II/gnuram_async_fifo.xpm_fifo_base_inst/gen_cdc_pntr.wr_pntr_cdc_dc_inst/src_gray_ff_reg[0]} {Block_top_i/axi_quad_spi_0/U0/NO_DUAL_QUAD_MODE.QSPI_NORMAL/QSPI_LEGACY_MD_GEN.QSPI_CORE_INTERFACE_I/FIFO_EXISTS.RX_FIFO_II/gnuram_async_fifo.xpm_fifo_base_inst/gen_cdc_pntr.wr_pntr_cdc_dc_inst/src_gray_ff_reg[1]} {Block_top_i/axi_quad_spi_0/U0/NO_DUAL_QUAD_MODE.QSPI_NORMAL/QSPI_LEGACY_MD_GEN.QSPI_CORE_INTERFACE_I/FIFO_EXISTS.RX_FIFO_II/gnuram_async_fifo.xpm_fifo_base_inst/gen_cdc_pntr.wr_pntr_cdc_dc_inst/src_gray_ff_reg[2]} {Block_top_i/axi_quad_spi_0/U0/NO_DUAL_QUAD_MODE.QSPI_NORMAL/QSPI_LEGACY_MD_GEN.QSPI_CORE_INTERFACE_I/FIFO_EXISTS.RX_FIFO_II/gnuram_async_fifo.xpm_fifo_base_inst/gen_cdc_pntr.wr_pntr_cdc_dc_inst/src_gray_ff_reg[3]} {Block_top_i/axi_quad_spi_0/U0/NO_DUAL_QUAD_MODE.QSPI_NORMAL/QSPI_LEGACY_MD_GEN.QSPI_CORE_INTERFACE_I/FIFO_EXISTS.RX_FIFO_II/gnuram_async_fifo.xpm_fifo_base_inst/gen_cdc_pntr.wr_pntr_cdc_dc_inst/src_gray_ff_reg[4]}]]
                                              [get_cells [list {Block_top_i/axi_quad_spi_0/U0/NO_DUAL_QUAD_MODE.QSPI_NORMAL/QSPI_LEGACY_MD_GEN.QSPI_CORE_INTERFACE_I/FIFO_EXISTS.RX_FIFO_II/gnuram_async_fifo.xpm_fifo_base_inst/gen_cdc_pntr.wr_pntr_cdc_dc_inst/dest_graysync_ff_reg[0][0]} {Block_top_i/axi_quad_spi_0/U0/NO_DUAL_QUAD_MODE.QSPI_NORMAL/QSPI_LEGACY_MD_GEN.QSPI_CORE_INTERFACE_I/FIFO_EXISTS.RX_FIFO_II/gnuram_async_fifo.xpm_fifo_base_inst/gen_cdc_pntr.wr_pntr_cdc_dc_inst/dest_graysync_ff_reg[0][1]} {Block_top_i/axi_quad_spi_0/U0/NO_DUAL_QUAD_MODE.QSPI_NORMAL/QSPI_LEGACY_MD_GEN.QSPI_CORE_INTERFACE_I/FIFO_EXISTS.RX_FIFO_II/gnuram_async_fifo.xpm_fifo_base_inst/gen_cdc_pntr.wr_pntr_cdc_dc_inst/dest_graysync_ff_reg[0][2]} {Block_top_i/axi_quad_spi_0/U0/NO_DUAL_QUAD_MODE.QSPI_NORMAL/QSPI_LEGACY_MD_GEN.QSPI_CORE_INTERFACE_I/FIFO_EXISTS.RX_FIFO_II/gnuram_async_fifo.xpm_fifo_base_inst/gen_cdc_pntr.wr_pntr_cdc_dc_inst/dest_graysync_ff_reg[0][3]} {Block_top_i/axi_quad_spi_0/U0/NO_DUAL_QUAD_MODE.QSPI_NORMAL/QSPI_LEGACY_MD_GEN.QSPI_CORE_INTERFACE_I/FIFO_EXISTS.RX_FIFO_II/gnuram_async_fifo.xpm_fifo_base_inst/gen_cdc_pntr.wr_pntr_cdc_dc_inst/dest_graysync_ff_reg[0][4]}]]
                                                                              Slow             10.000       0.788      9.212
7   117       [get_cells [list {Block_top_i/axi_quad_spi_0/U0/NO_DUAL_QUAD_MODE.QSPI_NORMAL/QSPI_LEGACY_MD_GEN.QSPI_CORE_INTERFACE_I/FIFO_EXISTS.TX_FIFO_II/gnuram_async_fifo.xpm_fifo_base_inst/gen_cdc_pntr.rd_pntr_cdc_dc_inst/src_gray_ff_reg[0]} {Block_top_i/axi_quad_spi_0/U0/NO_DUAL_QUAD_MODE.QSPI_NORMAL/QSPI_LEGACY_MD_GEN.QSPI_CORE_INTERFACE_I/FIFO_EXISTS.TX_FIFO_II/gnuram_async_fifo.xpm_fifo_base_inst/gen_cdc_pntr.rd_pntr_cdc_dc_inst/src_gray_ff_reg[1]} {Block_top_i/axi_quad_spi_0/U0/NO_DUAL_QUAD_MODE.QSPI_NORMAL/QSPI_LEGACY_MD_GEN.QSPI_CORE_INTERFACE_I/FIFO_EXISTS.TX_FIFO_II/gnuram_async_fifo.xpm_fifo_base_inst/gen_cdc_pntr.rd_pntr_cdc_dc_inst/src_gray_ff_reg[2]} {Block_top_i/axi_quad_spi_0/U0/NO_DUAL_QUAD_MODE.QSPI_NORMAL/QSPI_LEGACY_MD_GEN.QSPI_CORE_INTERFACE_I/FIFO_EXISTS.TX_FIFO_II/gnuram_async_fifo.xpm_fifo_base_inst/gen_cdc_pntr.rd_pntr_cdc_dc_inst/src_gray_ff_reg[3]} {Block_top_i/axi_quad_spi_0/U0/NO_DUAL_QUAD_MODE.QSPI_NORMAL/QSPI_LEGACY_MD_GEN.QSPI_CORE_INTERFACE_I/FIFO_EXISTS.TX_FIFO_II/gnuram_async_fifo.xpm_fifo_base_inst/gen_cdc_pntr.rd_pntr_cdc_dc_inst/src_gray_ff_reg[4]}]]
                                              [get_cells [list {Block_top_i/axi_quad_spi_0/U0/NO_DUAL_QUAD_MODE.QSPI_NORMAL/QSPI_LEGACY_MD_GEN.QSPI_CORE_INTERFACE_I/FIFO_EXISTS.TX_FIFO_II/gnuram_async_fifo.xpm_fifo_base_inst/gen_cdc_pntr.rd_pntr_cdc_dc_inst/dest_graysync_ff_reg[0][0]} {Block_top_i/axi_quad_spi_0/U0/NO_DUAL_QUAD_MODE.QSPI_NORMAL/QSPI_LEGACY_MD_GEN.QSPI_CORE_INTERFACE_I/FIFO_EXISTS.TX_FIFO_II/gnuram_async_fifo.xpm_fifo_base_inst/gen_cdc_pntr.rd_pntr_cdc_dc_inst/dest_graysync_ff_reg[0][1]} {Block_top_i/axi_quad_spi_0/U0/NO_DUAL_QUAD_MODE.QSPI_NORMAL/QSPI_LEGACY_MD_GEN.QSPI_CORE_INTERFACE_I/FIFO_EXISTS.TX_FIFO_II/gnuram_async_fifo.xpm_fifo_base_inst/gen_cdc_pntr.rd_pntr_cdc_dc_inst/dest_graysync_ff_reg[0][2]} {Block_top_i/axi_quad_spi_0/U0/NO_DUAL_QUAD_MODE.QSPI_NORMAL/QSPI_LEGACY_MD_GEN.QSPI_CORE_INTERFACE_I/FIFO_EXISTS.TX_FIFO_II/gnuram_async_fifo.xpm_fifo_base_inst/gen_cdc_pntr.rd_pntr_cdc_dc_inst/dest_graysync_ff_reg[0][3]} {Block_top_i/axi_quad_spi_0/U0/NO_DUAL_QUAD_MODE.QSPI_NORMAL/QSPI_LEGACY_MD_GEN.QSPI_CORE_INTERFACE_I/FIFO_EXISTS.TX_FIFO_II/gnuram_async_fifo.xpm_fifo_base_inst/gen_cdc_pntr.rd_pntr_cdc_dc_inst/dest_graysync_ff_reg[0][4]}]]
                                                                              Slow             10.000       0.876      9.124
8   119       [get_cells [list {Block_top_i/axi_quad_spi_0/U0/NO_DUAL_QUAD_MODE.QSPI_NORMAL/QSPI_LEGACY_MD_GEN.QSPI_CORE_INTERFACE_I/FIFO_EXISTS.RX_FIFO_II/gnuram_async_fifo.xpm_fifo_base_inst/gen_cdc_pntr.rd_pntr_cdc_dc_inst/src_gray_ff_reg[0]} {Block_top_i/axi_quad_spi_0/U0/NO_DUAL_QUAD_MODE.QSPI_NORMAL/QSPI_LEGACY_MD_GEN.QSPI_CORE_INTERFACE_I/FIFO_EXISTS.RX_FIFO_II/gnuram_async_fifo.xpm_fifo_base_inst/gen_cdc_pntr.rd_pntr_cdc_dc_inst/src_gray_ff_reg[1]} {Block_top_i/axi_quad_spi_0/U0/NO_DUAL_QUAD_MODE.QSPI_NORMAL/QSPI_LEGACY_MD_GEN.QSPI_CORE_INTERFACE_I/FIFO_EXISTS.RX_FIFO_II/gnuram_async_fifo.xpm_fifo_base_inst/gen_cdc_pntr.rd_pntr_cdc_dc_inst/src_gray_ff_reg[2]} {Block_top_i/axi_quad_spi_0/U0/NO_DUAL_QUAD_MODE.QSPI_NORMAL/QSPI_LEGACY_MD_GEN.QSPI_CORE_INTERFACE_I/FIFO_EXISTS.RX_FIFO_II/gnuram_async_fifo.xpm_fifo_base_inst/gen_cdc_pntr.rd_pntr_cdc_dc_inst/src_gray_ff_reg[3]} {Block_top_i/axi_quad_spi_0/U0/NO_DUAL_QUAD_MODE.QSPI_NORMAL/QSPI_LEGACY_MD_GEN.QSPI_CORE_INTERFACE_I/FIFO_EXISTS.RX_FIFO_II/gnuram_async_fifo.xpm_fifo_base_inst/gen_cdc_pntr.rd_pntr_cdc_dc_inst/src_gray_ff_reg[4]}]]
                                              [get_cells [list {Block_top_i/axi_quad_spi_0/U0/NO_DUAL_QUAD_MODE.QSPI_NORMAL/QSPI_LEGACY_MD_GEN.QSPI_CORE_INTERFACE_I/FIFO_EXISTS.RX_FIFO_II/gnuram_async_fifo.xpm_fifo_base_inst/gen_cdc_pntr.rd_pntr_cdc_dc_inst/dest_graysync_ff_reg[0][0]} {Block_top_i/axi_quad_spi_0/U0/NO_DUAL_QUAD_MODE.QSPI_NORMAL/QSPI_LEGACY_MD_GEN.QSPI_CORE_INTERFACE_I/FIFO_EXISTS.RX_FIFO_II/gnuram_async_fifo.xpm_fifo_base_inst/gen_cdc_pntr.rd_pntr_cdc_dc_inst/dest_graysync_ff_reg[0][1]} {Block_top_i/axi_quad_spi_0/U0/NO_DUAL_QUAD_MODE.QSPI_NORMAL/QSPI_LEGACY_MD_GEN.QSPI_CORE_INTERFACE_I/FIFO_EXISTS.RX_FIFO_II/gnuram_async_fifo.xpm_fifo_base_inst/gen_cdc_pntr.rd_pntr_cdc_dc_inst/dest_graysync_ff_reg[0][2]} {Block_top_i/axi_quad_spi_0/U0/NO_DUAL_QUAD_MODE.QSPI_NORMAL/QSPI_LEGACY_MD_GEN.QSPI_CORE_INTERFACE_I/FIFO_EXISTS.RX_FIFO_II/gnuram_async_fifo.xpm_fifo_base_inst/gen_cdc_pntr.rd_pntr_cdc_dc_inst/dest_graysync_ff_reg[0][3]} {Block_top_i/axi_quad_spi_0/U0/NO_DUAL_QUAD_MODE.QSPI_NORMAL/QSPI_LEGACY_MD_GEN.QSPI_CORE_INTERFACE_I/FIFO_EXISTS.RX_FIFO_II/gnuram_async_fifo.xpm_fifo_base_inst/gen_cdc_pntr.rd_pntr_cdc_dc_inst/dest_graysync_ff_reg[0][4]}]]
                                                                              Slow             10.000       0.730      9.270


2. Bus Skew Report Per Constraint
---------------------------------

Id: 1
set_bus_skew -from [get_cells [list {Block_top_i/axi_quad_spi_0/U0/NO_DUAL_QUAD_MODE.QSPI_NORMAL/QSPI_LEGACY_MD_GEN.QSPI_CORE_INTERFACE_I/FIFO_EXISTS.TX_FIFO_II/gnuram_async_fifo.xpm_fifo_base_inst/gen_cdc_pntr.rd_pntr_cdc_inst/src_gray_ff_reg[0]} {Block_top_i/axi_quad_spi_0/U0/NO_DUAL_QUAD_MODE.QSPI_NORMAL/QSPI_LEGACY_MD_GEN.QSPI_CORE_INTERFACE_I/FIFO_EXISTS.TX_FIFO_II/gnuram_async_fifo.xpm_fifo_base_inst/gen_cdc_pntr.rd_pntr_cdc_inst/src_gray_ff_reg[1]} {Block_top_i/axi_quad_spi_0/U0/NO_DUAL_QUAD_MODE.QSPI_NORMAL/QSPI_LEGACY_MD_GEN.QSPI_CORE_INTERFACE_I/FIFO_EXISTS.TX_FIFO_II/gnuram_async_fifo.xpm_fifo_base_inst/gen_cdc_pntr.rd_pntr_cdc_inst/src_gray_ff_reg[2]} {Block_top_i/axi_quad_spi_0/U0/NO_DUAL_QUAD_MODE.QSPI_NORMAL/QSPI_LEGACY_MD_GEN.QSPI_CORE_INTERFACE_I/FIFO_EXISTS.TX_FIFO_II/gnuram_async_fifo.xpm_fifo_base_inst/gen_cdc_pntr.rd_pntr_cdc_inst/src_gray_ff_reg[3]}]] -to [get_cells [list {Block_top_i/axi_quad_spi_0/U0/NO_DUAL_QUAD_MODE.QSPI_NORMAL/QSPI_LEGACY_MD_GEN.QSPI_CORE_INTERFACE_I/FIFO_EXISTS.TX_FIFO_II/gnuram_async_fifo.xpm_fifo_base_inst/gen_cdc_pntr.rd_pntr_cdc_inst/dest_graysync_ff_reg[0][0]} {Block_top_i/axi_quad_spi_0/U0/NO_DUAL_QUAD_MODE.QSPI_NORMAL/QSPI_LEGACY_MD_GEN.QSPI_CORE_INTERFACE_I/FIFO_EXISTS.TX_FIFO_II/gnuram_async_fifo.xpm_fifo_base_inst/gen_cdc_pntr.rd_pntr_cdc_inst/dest_graysync_ff_reg[0][1]} {Block_top_i/axi_quad_spi_0/U0/NO_DUAL_QUAD_MODE.QSPI_NORMAL/QSPI_LEGACY_MD_GEN.QSPI_CORE_INTERFACE_I/FIFO_EXISTS.TX_FIFO_II/gnuram_async_fifo.xpm_fifo_base_inst/gen_cdc_pntr.rd_pntr_cdc_inst/dest_graysync_ff_reg[0][2]} {Block_top_i/axi_quad_spi_0/U0/NO_DUAL_QUAD_MODE.QSPI_NORMAL/QSPI_LEGACY_MD_GEN.QSPI_CORE_INTERFACE_I/FIFO_EXISTS.TX_FIFO_II/gnuram_async_fifo.xpm_fifo_base_inst/gen_cdc_pntr.rd_pntr_cdc_inst/dest_graysync_ff_reg[0][3]}]] 10.000
Requirement: 10.000ns
Endpoints: 4

From Clock            To Clock              Endpoint Pin                    Reference Pin                   Corner  Actual(ns)  Slack(ns)
--------------------  --------------------  ------------------------------  ------------------------------  ------  ----------  ---------
clk_out1_Block_top_clk_wiz_1_0_1
                      clk_pll_i_1           Block_top_i/axi_quad_spi_0/U0/NO_DUAL_QUAD_MODE.QSPI_NORMAL/QSPI_LEGACY_MD_GEN.QSPI_CORE_INTERFACE_I/FIFO_EXISTS.TX_FIFO_II/gnuram_async_fifo.xpm_fifo_base_inst/gen_cdc_pntr.rd_pntr_cdc_inst/dest_graysync_ff_reg[0][1]/D
                                                                            Block_top_i/axi_quad_spi_0/U0/NO_DUAL_QUAD_MODE.QSPI_NORMAL/QSPI_LEGACY_MD_GEN.QSPI_CORE_INTERFACE_I/FIFO_EXISTS.TX_FIFO_II/gnuram_async_fifo.xpm_fifo_base_inst/gen_cdc_pntr.rd_pntr_cdc_inst/dest_graysync_ff_reg[0][2]/D
                                                                                                            Slow         0.820      9.180


Slack (MET) :             9.180ns  (requirement - actual skew)
  Endpoint Source:        Block_top_i/axi_quad_spi_0/U0/NO_DUAL_QUAD_MODE.QSPI_NORMAL/QSPI_LEGACY_MD_GEN.QSPI_CORE_INTERFACE_I/FIFO_EXISTS.TX_FIFO_II/gnuram_async_fifo.xpm_fifo_base_inst/gen_cdc_pntr.rd_pntr_cdc_inst/src_gray_ff_reg[1]/C
                            (rising edge-triggered cell FDRE clocked by clk_out1_Block_top_clk_wiz_1_0_1)
  Endpoint Destination:   Block_top_i/axi_quad_spi_0/U0/NO_DUAL_QUAD_MODE.QSPI_NORMAL/QSPI_LEGACY_MD_GEN.QSPI_CORE_INTERFACE_I/FIFO_EXISTS.TX_FIFO_II/gnuram_async_fifo.xpm_fifo_base_inst/gen_cdc_pntr.rd_pntr_cdc_inst/dest_graysync_ff_reg[0][1]/D
                            (rising edge-triggered cell FDRE clocked by clk_pll_i_1)
  Reference Source:       Block_top_i/axi_quad_spi_0/U0/NO_DUAL_QUAD_MODE.QSPI_NORMAL/QSPI_LEGACY_MD_GEN.QSPI_CORE_INTERFACE_I/FIFO_EXISTS.TX_FIFO_II/gnuram_async_fifo.xpm_fifo_base_inst/gen_cdc_pntr.rd_pntr_cdc_inst/src_gray_ff_reg[2]/C
                            (rising edge-triggered cell FDRE clocked by clk_out1_Block_top_clk_wiz_1_0_1)
  Reference Destination:  Block_top_i/axi_quad_spi_0/U0/NO_DUAL_QUAD_MODE.QSPI_NORMAL/QSPI_LEGACY_MD_GEN.QSPI_CORE_INTERFACE_I/FIFO_EXISTS.TX_FIFO_II/gnuram_async_fifo.xpm_fifo_base_inst/gen_cdc_pntr.rd_pntr_cdc_inst/dest_graysync_ff_reg[0][2]/D
                            (rising edge-triggered cell FDRE clocked by clk_pll_i_1)
  Path Type:              Bus Skew (Max at Slow Process Corner)
  Requirement:            10.000ns
  Endpoint Relative Delay:    1.949ns
  Reference Relative Delay:   0.446ns
  Relative CRPR:              0.682ns
  Actual Bus Skew:            0.820ns  (Endpoint Relative Delay - Reference Relative Delay - Relative CRPR)

Endpoint path:
    Pin Reuse     Location             Delay type                Incr(ns)  Path(ns)    Netlist Resource(s)
  ---------------------------------------------------------------------------------    -------------------
                                       (clock clk_out1_Block_top_clk_wiz_1_0_1 rise edge)
                                                                    0.000     0.000 r  
                  BUFGCTRL_X0Y16       BUFG                         0.000     0.000 r  Block_top_i/mig_axi_wrapper_0/inst/mig_inst/u_mig_7series_0_mig/u_ddr3_infrastructure/u_bufg_clkdiv0/O
                                       net (fo=18931, routed)       1.392     1.392    Block_top_i/clk_wiz_1/inst/clk_in1
                  MMCME2_ADV_X1Y0      MMCME2_ADV (Prop_mmcme2_adv_CLKIN1_CLKOUT0)
                                                                   -2.890    -1.499 r  Block_top_i/clk_wiz_1/inst/mmcm_adv_inst/CLKOUT0
                                       net (fo=1, routed)           1.421    -0.078    Block_top_i/clk_wiz_1/inst/clk_out1_Block_top_clk_wiz_1_0
                  BUFGCTRL_X0Y3        BUFG (Prop_bufg_I_O)         0.081     0.003 r  Block_top_i/clk_wiz_1/inst/clkout1_buf/O
                                       net (fo=316, routed)         1.357     1.360    Block_top_i/axi_quad_spi_0/U0/NO_DUAL_QUAD_MODE.QSPI_NORMAL/QSPI_LEGACY_MD_GEN.QSPI_CORE_INTERFACE_I/FIFO_EXISTS.TX_FIFO_II/gnuram_async_fifo.xpm_fifo_base_inst/gen_cdc_pntr.rd_pntr_cdc_inst/src_clk
                  SLICE_X54Y25         FDRE                                         r  Block_top_i/axi_quad_spi_0/U0/NO_DUAL_QUAD_MODE.QSPI_NORMAL/QSPI_LEGACY_MD_GEN.QSPI_CORE_INTERFACE_I/FIFO_EXISTS.TX_FIFO_II/gnuram_async_fifo.xpm_fifo_base_inst/gen_cdc_pntr.rd_pntr_cdc_inst/src_gray_ff_reg[1]/C
  ---------------------------------------------------------------------------------    -------------------
    Routing       SLICE_X54Y25         FDRE (Prop_fdre_C_Q)         0.398     1.758 r  Block_top_i/axi_quad_spi_0/U0/NO_DUAL_QUAD_MODE.QSPI_NORMAL/QSPI_LEGACY_MD_GEN.QSPI_CORE_INTERFACE_I/FIFO_EXISTS.TX_FIFO_II/gnuram_async_fifo.xpm_fifo_base_inst/gen_cdc_pntr.rd_pntr_cdc_inst/src_gray_ff_reg[1]/Q
                                       net (fo=1, routed)           0.783     2.541    Block_top_i/axi_quad_spi_0/U0/NO_DUAL_QUAD_MODE.QSPI_NORMAL/QSPI_LEGACY_MD_GEN.QSPI_CORE_INTERFACE_I/FIFO_EXISTS.TX_FIFO_II/gnuram_async_fifo.xpm_fifo_base_inst/gen_cdc_pntr.rd_pntr_cdc_inst/async_path[1]
    Routing       SLICE_X47Y21         FDRE                                         r  Block_top_i/axi_quad_spi_0/U0/NO_DUAL_QUAD_MODE.QSPI_NORMAL/QSPI_LEGACY_MD_GEN.QSPI_CORE_INTERFACE_I/FIFO_EXISTS.TX_FIFO_II/gnuram_async_fifo.xpm_fifo_base_inst/gen_cdc_pntr.rd_pntr_cdc_inst/dest_graysync_ff_reg[0][1]/D
  ---------------------------------------------------------------------------------    -------------------

                                       (clock clk_pll_i_1 rise edge)
                                                                    0.000     0.000 r  
                  N14                                               0.000     0.000 r  clk (IN)
                                       net (fo=0)                   0.000     0.000    Block_top_i/clk_wiz_0/inst/clk_in1
                  N14                  IBUF (Prop_ibuf_I_O)         1.381     1.381 r  Block_top_i/clk_wiz_0/inst/clkin1_ibufg/O
                                       net (fo=1, routed)           1.004     2.385    Block_top_i/clk_wiz_0/inst/clk_in1_Block_top_clk_wiz_0_0
                  MMCME2_ADV_X0Y0      MMCME2_ADV (Prop_mmcme2_adv_CLKIN1_CLKOUT0)
                                                                   -6.061    -3.676 r  Block_top_i/clk_wiz_0/inst/mmcm_adv_inst/CLKOUT0
                                       net (fo=1, routed)           1.357    -2.319    Block_top_i/clk_wiz_0/inst/clk_100_Block_top_clk_wiz_0_0
                  BUFGCTRL_X0Y1        BUFG (Prop_bufg_I_O)         0.077    -2.242 r  Block_top_i/clk_wiz_0/inst/clkout1_buf/O
                                       net (fo=1, routed)           1.289    -0.953    Block_top_i/mig_axi_wrapper_0/inst/mig_inst/u_mig_7series_0_mig/u_ddr3_infrastructure/mmcm_clk
                  PLLE2_ADV_X0Y1       PLLE2_ADV (Prop_plle2_adv_CLKIN1_CLKOUT3)
                                                                    0.073    -0.880 r  Block_top_i/mig_axi_wrapper_0/inst/mig_inst/u_mig_7series_0_mig/u_ddr3_infrastructure/plle2_i/CLKOUT3
                                       net (fo=1, routed)           0.934     0.054    Block_top_i/mig_axi_wrapper_0/inst/mig_inst/u_mig_7series_0_mig/u_ddr3_infrastructure/pll_clk3_out
                  BUFHCE_X0Y12         BUFH (Prop_bufh_I_O)         0.069     0.123 r  Block_top_i/mig_axi_wrapper_0/inst/mig_inst/u_mig_7series_0_mig/u_ddr3_infrastructure/u_bufh_pll_clk3/O
                                       net (fo=1, routed)           0.663     0.786    Block_top_i/mig_axi_wrapper_0/inst/mig_inst/u_mig_7series_0_mig/u_ddr3_infrastructure/pll_clk3
                  MMCME2_ADV_X0Y1      MMCME2_ADV (Prop_mmcme2_adv_CLKIN1_CLKFBOUT)
                                                                   -2.703    -1.916 r  Block_top_i/mig_axi_wrapper_0/inst/mig_inst/u_mig_7series_0_mig/u_ddr3_infrastructure/gen_mmcm.mmcm_i/CLKFBOUT
                                       net (fo=1, routed)           1.357    -0.559    Block_top_i/mig_axi_wrapper_0/inst/mig_inst/u_mig_7series_0_mig/u_ddr3_infrastructure/clk_pll_i
                  BUFGCTRL_X0Y16       BUFG (Prop_bufg_I_O)         0.077    -0.482 r  Block_top_i/mig_axi_wrapper_0/inst/mig_inst/u_mig_7series_0_mig/u_ddr3_infrastructure/u_bufg_clkdiv0/O
                                       net (fo=18931, routed)       1.250     0.768    Block_top_i/axi_quad_spi_0/U0/NO_DUAL_QUAD_MODE.QSPI_NORMAL/QSPI_LEGACY_MD_GEN.QSPI_CORE_INTERFACE_I/FIFO_EXISTS.TX_FIFO_II/gnuram_async_fifo.xpm_fifo_base_inst/gen_cdc_pntr.rd_pntr_cdc_inst/dest_clk
                  SLICE_X47Y21         FDRE                                         r  Block_top_i/axi_quad_spi_0/U0/NO_DUAL_QUAD_MODE.QSPI_NORMAL/QSPI_LEGACY_MD_GEN.QSPI_CORE_INTERFACE_I/FIFO_EXISTS.TX_FIFO_II/gnuram_async_fifo.xpm_fifo_base_inst/gen_cdc_pntr.rd_pntr_cdc_inst/dest_graysync_ff_reg[0][1]/C
                                       clock pessimism              0.000     0.768    
                  SLICE_X47Y21         FDRE (Setup_fdre_C_D)       -0.176     0.592    Block_top_i/axi_quad_spi_0/U0/NO_DUAL_QUAD_MODE.QSPI_NORMAL/QSPI_LEGACY_MD_GEN.QSPI_CORE_INTERFACE_I/FIFO_EXISTS.TX_FIFO_II/gnuram_async_fifo.xpm_fifo_base_inst/gen_cdc_pntr.rd_pntr_cdc_inst/dest_graysync_ff_reg[0][1]
  ---------------------------------------------------------------------------------
                                       data arrival                           2.541    
                                       clock arrival                          0.592    
  ---------------------------------------------------------------------------------
                                       relative delay                         1.949    

Reference path:
    Pin Reuse     Location             Delay type                Incr(ns)  Path(ns)    Netlist Resource(s)
  ---------------------------------------------------------------------------------    -------------------
                                       (clock clk_out1_Block_top_clk_wiz_1_0_1 rise edge)
                                                                    0.000     0.000 r  
                  BUFGCTRL_X0Y16       BUFG                         0.000     0.000 r  Block_top_i/mig_axi_wrapper_0/inst/mig_inst/u_mig_7series_0_mig/u_ddr3_infrastructure/u_bufg_clkdiv0/O
                                       net (fo=18931, routed)       1.287     1.287    Block_top_i/clk_wiz_1/inst/clk_in1
                  MMCME2_ADV_X1Y0      MMCME2_ADV (Prop_mmcme2_adv_CLKIN1_CLKOUT0)
                                                                   -2.714    -1.427 r  Block_top_i/clk_wiz_1/inst/mmcm_adv_inst/CLKOUT0
                                       net (fo=1, routed)           1.352    -0.075    Block_top_i/clk_wiz_1/inst/clk_out1_Block_top_clk_wiz_1_0
                  BUFGCTRL_X0Y3        BUFG (Prop_bufg_I_O)         0.077     0.002 r  Block_top_i/clk_wiz_1/inst/clkout1_buf/O
                                       net (fo=316, routed)         1.246     1.248    Block_top_i/axi_quad_spi_0/U0/NO_DUAL_QUAD_MODE.QSPI_NORMAL/QSPI_LEGACY_MD_GEN.QSPI_CORE_INTERFACE_I/FIFO_EXISTS.TX_FIFO_II/gnuram_async_fifo.xpm_fifo_base_inst/gen_cdc_pntr.rd_pntr_cdc_inst/src_clk
                  SLICE_X47Y26         FDRE                                         r  Block_top_i/axi_quad_spi_0/U0/NO_DUAL_QUAD_MODE.QSPI_NORMAL/QSPI_LEGACY_MD_GEN.QSPI_CORE_INTERFACE_I/FIFO_EXISTS.TX_FIFO_II/gnuram_async_fifo.xpm_fifo_base_inst/gen_cdc_pntr.rd_pntr_cdc_inst/src_gray_ff_reg[2]/C
  ---------------------------------------------------------------------------------    -------------------
    Routing       SLICE_X47Y26         FDRE (Prop_fdre_C_Q)         0.304     1.552 r  Block_top_i/axi_quad_spi_0/U0/NO_DUAL_QUAD_MODE.QSPI_NORMAL/QSPI_LEGACY_MD_GEN.QSPI_CORE_INTERFACE_I/FIFO_EXISTS.TX_FIFO_II/gnuram_async_fifo.xpm_fifo_base_inst/gen_cdc_pntr.rd_pntr_cdc_inst/src_gray_ff_reg[2]/Q
                                       net (fo=1, routed)           0.479     2.031    Block_top_i/axi_quad_spi_0/U0/NO_DUAL_QUAD_MODE.QSPI_NORMAL/QSPI_LEGACY_MD_GEN.QSPI_CORE_INTERFACE_I/FIFO_EXISTS.TX_FIFO_II/gnuram_async_fifo.xpm_fifo_base_inst/gen_cdc_pntr.rd_pntr_cdc_inst/async_path[2]
    Routing       SLICE_X39Y32         FDRE                                         r  Block_top_i/axi_quad_spi_0/U0/NO_DUAL_QUAD_MODE.QSPI_NORMAL/QSPI_LEGACY_MD_GEN.QSPI_CORE_INTERFACE_I/FIFO_EXISTS.TX_FIFO_II/gnuram_async_fifo.xpm_fifo_base_inst/gen_cdc_pntr.rd_pntr_cdc_inst/dest_graysync_ff_reg[0][2]/D
  ---------------------------------------------------------------------------------    -------------------

                                       (clock clk_pll_i_1 rise edge)
                                                                    0.000     0.000 r  
                  N14                                               0.000     0.000 r  clk (IN)
                                       net (fo=0)                   0.000     0.000    Block_top_i/clk_wiz_0/inst/clk_in1
                  N14                  IBUF (Prop_ibuf_I_O)         1.448     1.448 r  Block_top_i/clk_wiz_0/inst/clkin1_ibufg/O
                                       net (fo=1, routed)           1.065     2.513    Block_top_i/clk_wiz_0/inst/clk_in1_Block_top_clk_wiz_0_0
                  MMCME2_ADV_X0Y0      MMCME2_ADV (Prop_mmcme2_adv_CLKIN1_CLKOUT0)
                                                                   -5.924    -3.412 r  Block_top_i/clk_wiz_0/inst/mmcm_adv_inst/CLKOUT0
                                       net (fo=1, routed)           1.425    -1.987    Block_top_i/clk_wiz_0/inst/clk_100_Block_top_clk_wiz_0_0
                  BUFGCTRL_X0Y1        BUFG (Prop_bufg_I_O)         0.081    -1.906 r  Block_top_i/clk_wiz_0/inst/clkout1_buf/O
                                       net (fo=1, routed)           1.393    -0.513    Block_top_i/mig_axi_wrapper_0/inst/mig_inst/u_mig_7series_0_mig/u_ddr3_infrastructure/mmcm_clk
                  PLLE2_ADV_X0Y1       PLLE2_ADV (Prop_plle2_adv_CLKIN1_CLKOUT3)
                                                                    0.077    -0.436 r  Block_top_i/mig_axi_wrapper_0/inst/mig_inst/u_mig_7series_0_mig/u_ddr3_infrastructure/plle2_i/CLKOUT3
                                       net (fo=1, routed)           1.066     0.630    Block_top_i/mig_axi_wrapper_0/inst/mig_inst/u_mig_7series_0_mig/u_ddr3_infrastructure/pll_clk3_out
                  BUFHCE_X0Y12         BUFH (Prop_bufh_I_O)         0.106     0.736 r  Block_top_i/mig_axi_wrapper_0/inst/mig_inst/u_mig_7series_0_mig/u_ddr3_infrastructure/u_bufh_pll_clk3/O
                                       net (fo=1, routed)           0.701     1.437    Block_top_i/mig_axi_wrapper_0/inst/mig_inst/u_mig_7series_0_mig/u_ddr3_infrastructure/pll_clk3
                  MMCME2_ADV_X0Y1      MMCME2_ADV (Prop_mmcme2_adv_CLKIN1_CLKFBOUT)
                                                                   -2.877    -1.440 r  Block_top_i/mig_axi_wrapper_0/inst/mig_inst/u_mig_7series_0_mig/u_ddr3_infrastructure/gen_mmcm.mmcm_i/CLKFBOUT
                                       net (fo=1, routed)           1.425    -0.015    Block_top_i/mig_axi_wrapper_0/inst/mig_inst/u_mig_7series_0_mig/u_ddr3_infrastructure/clk_pll_i
                  BUFGCTRL_X0Y16       BUFG (Prop_bufg_I_O)         0.081     0.066 r  Block_top_i/mig_axi_wrapper_0/inst/mig_inst/u_mig_7series_0_mig/u_ddr3_infrastructure/u_bufg_clkdiv0/O
                                       net (fo=18931, routed)       1.361     1.427    Block_top_i/axi_quad_spi_0/U0/NO_DUAL_QUAD_MODE.QSPI_NORMAL/QSPI_LEGACY_MD_GEN.QSPI_CORE_INTERFACE_I/FIFO_EXISTS.TX_FIFO_II/gnuram_async_fifo.xpm_fifo_base_inst/gen_cdc_pntr.rd_pntr_cdc_inst/dest_clk
                  SLICE_X39Y32         FDRE                                         r  Block_top_i/axi_quad_spi_0/U0/NO_DUAL_QUAD_MODE.QSPI_NORMAL/QSPI_LEGACY_MD_GEN.QSPI_CORE_INTERFACE_I/FIFO_EXISTS.TX_FIFO_II/gnuram_async_fifo.xpm_fifo_base_inst/gen_cdc_pntr.rd_pntr_cdc_inst/dest_graysync_ff_reg[0][2]/C
                                       clock pessimism              0.000     1.427    
                  SLICE_X39Y32         FDRE (Hold_fdre_C_D)         0.158     1.585    Block_top_i/axi_quad_spi_0/U0/NO_DUAL_QUAD_MODE.QSPI_NORMAL/QSPI_LEGACY_MD_GEN.QSPI_CORE_INTERFACE_I/FIFO_EXISTS.TX_FIFO_II/gnuram_async_fifo.xpm_fifo_base_inst/gen_cdc_pntr.rd_pntr_cdc_inst/dest_graysync_ff_reg[0][2]
  ---------------------------------------------------------------------------------
                                       data arrival                           2.031    
                                       clock arrival                          1.585    
  ---------------------------------------------------------------------------------
                                       relative delay                         0.446    



Id: 2
set_bus_skew -from [get_cells [list {Block_top_i/axi_quad_spi_0/U0/NO_DUAL_QUAD_MODE.QSPI_NORMAL/QSPI_LEGACY_MD_GEN.QSPI_CORE_INTERFACE_I/FIFO_EXISTS.RX_FIFO_II/gnuram_async_fifo.xpm_fifo_base_inst/gen_cdc_pntr.wr_pntr_cdc_inst/src_gray_ff_reg[0]} {Block_top_i/axi_quad_spi_0/U0/NO_DUAL_QUAD_MODE.QSPI_NORMAL/QSPI_LEGACY_MD_GEN.QSPI_CORE_INTERFACE_I/FIFO_EXISTS.RX_FIFO_II/gnuram_async_fifo.xpm_fifo_base_inst/gen_cdc_pntr.wr_pntr_cdc_inst/src_gray_ff_reg[1]} {Block_top_i/axi_quad_spi_0/U0/NO_DUAL_QUAD_MODE.QSPI_NORMAL/QSPI_LEGACY_MD_GEN.QSPI_CORE_INTERFACE_I/FIFO_EXISTS.RX_FIFO_II/gnuram_async_fifo.xpm_fifo_base_inst/gen_cdc_pntr.wr_pntr_cdc_inst/src_gray_ff_reg[2]} {Block_top_i/axi_quad_spi_0/U0/NO_DUAL_QUAD_MODE.QSPI_NORMAL/QSPI_LEGACY_MD_GEN.QSPI_CORE_INTERFACE_I/FIFO_EXISTS.RX_FIFO_II/gnuram_async_fifo.xpm_fifo_base_inst/gen_cdc_pntr.wr_pntr_cdc_inst/src_gray_ff_reg[3]}]] -to [get_cells [list {Block_top_i/axi_quad_spi_0/U0/NO_DUAL_QUAD_MODE.QSPI_NORMAL/QSPI_LEGACY_MD_GEN.QSPI_CORE_INTERFACE_I/FIFO_EXISTS.RX_FIFO_II/gnuram_async_fifo.xpm_fifo_base_inst/gen_cdc_pntr.wr_pntr_cdc_inst/dest_graysync_ff_reg[0][0]} {Block_top_i/axi_quad_spi_0/U0/NO_DUAL_QUAD_MODE.QSPI_NORMAL/QSPI_LEGACY_MD_GEN.QSPI_CORE_INTERFACE_I/FIFO_EXISTS.RX_FIFO_II/gnuram_async_fifo.xpm_fifo_base_inst/gen_cdc_pntr.wr_pntr_cdc_inst/dest_graysync_ff_reg[0][1]} {Block_top_i/axi_quad_spi_0/U0/NO_DUAL_QUAD_MODE.QSPI_NORMAL/QSPI_LEGACY_MD_GEN.QSPI_CORE_INTERFACE_I/FIFO_EXISTS.RX_FIFO_II/gnuram_async_fifo.xpm_fifo_base_inst/gen_cdc_pntr.wr_pntr_cdc_inst/dest_graysync_ff_reg[0][2]} {Block_top_i/axi_quad_spi_0/U0/NO_DUAL_QUAD_MODE.QSPI_NORMAL/QSPI_LEGACY_MD_GEN.QSPI_CORE_INTERFACE_I/FIFO_EXISTS.RX_FIFO_II/gnuram_async_fifo.xpm_fifo_base_inst/gen_cdc_pntr.wr_pntr_cdc_inst/dest_graysync_ff_reg[0][3]}]] 10.000
Requirement: 10.000ns
Endpoints: 4

From Clock            To Clock              Endpoint Pin                    Reference Pin                   Corner  Actual(ns)  Slack(ns)
--------------------  --------------------  ------------------------------  ------------------------------  ------  ----------  ---------
clk_out1_Block_top_clk_wiz_1_0_1
                      clk_pll_i_1           Block_top_i/axi_quad_spi_0/U0/NO_DUAL_QUAD_MODE.QSPI_NORMAL/QSPI_LEGACY_MD_GEN.QSPI_CORE_INTERFACE_I/FIFO_EXISTS.RX_FIFO_II/gnuram_async_fifo.xpm_fifo_base_inst/gen_cdc_pntr.wr_pntr_cdc_inst/dest_graysync_ff_reg[0][3]/D
                                                                            Block_top_i/axi_quad_spi_0/U0/NO_DUAL_QUAD_MODE.QSPI_NORMAL/QSPI_LEGACY_MD_GEN.QSPI_CORE_INTERFACE_I/FIFO_EXISTS.RX_FIFO_II/gnuram_async_fifo.xpm_fifo_base_inst/gen_cdc_pntr.wr_pntr_cdc_inst/dest_graysync_ff_reg[0][0]/D
                                                                                                            Slow         0.790      9.210


Slack (MET) :             9.210ns  (requirement - actual skew)
  Endpoint Source:        Block_top_i/axi_quad_spi_0/U0/NO_DUAL_QUAD_MODE.QSPI_NORMAL/QSPI_LEGACY_MD_GEN.QSPI_CORE_INTERFACE_I/FIFO_EXISTS.RX_FIFO_II/gnuram_async_fifo.xpm_fifo_base_inst/gen_cdc_pntr.wr_pntr_cdc_inst/src_gray_ff_reg[3]/C
                            (rising edge-triggered cell FDRE clocked by clk_out1_Block_top_clk_wiz_1_0_1)
  Endpoint Destination:   Block_top_i/axi_quad_spi_0/U0/NO_DUAL_QUAD_MODE.QSPI_NORMAL/QSPI_LEGACY_MD_GEN.QSPI_CORE_INTERFACE_I/FIFO_EXISTS.RX_FIFO_II/gnuram_async_fifo.xpm_fifo_base_inst/gen_cdc_pntr.wr_pntr_cdc_inst/dest_graysync_ff_reg[0][3]/D
                            (rising edge-triggered cell FDRE clocked by clk_pll_i_1)
  Reference Source:       Block_top_i/axi_quad_spi_0/U0/NO_DUAL_QUAD_MODE.QSPI_NORMAL/QSPI_LEGACY_MD_GEN.QSPI_CORE_INTERFACE_I/FIFO_EXISTS.RX_FIFO_II/gnuram_async_fifo.xpm_fifo_base_inst/gen_cdc_pntr.wr_pntr_cdc_inst/src_gray_ff_reg[0]/C
                            (rising edge-triggered cell FDRE clocked by clk_out1_Block_top_clk_wiz_1_0_1)
  Reference Destination:  Block_top_i/axi_quad_spi_0/U0/NO_DUAL_QUAD_MODE.QSPI_NORMAL/QSPI_LEGACY_MD_GEN.QSPI_CORE_INTERFACE_I/FIFO_EXISTS.RX_FIFO_II/gnuram_async_fifo.xpm_fifo_base_inst/gen_cdc_pntr.wr_pntr_cdc_inst/dest_graysync_ff_reg[0][0]/D
                            (rising edge-triggered cell FDRE clocked by clk_pll_i_1)
  Path Type:              Bus Skew (Max at Slow Process Corner)
  Requirement:            10.000ns
  Endpoint Relative Delay:    1.806ns
  Reference Relative Delay:   0.277ns
  Relative CRPR:              0.739ns
  Actual Bus Skew:            0.790ns  (Endpoint Relative Delay - Reference Relative Delay - Relative CRPR)

Endpoint path:
    Pin Reuse     Location             Delay type                Incr(ns)  Path(ns)    Netlist Resource(s)
  ---------------------------------------------------------------------------------    -------------------
                                       (clock clk_out1_Block_top_clk_wiz_1_0_1 rise edge)
                                                                    0.000     0.000 r  
                  BUFGCTRL_X0Y16       BUFG                         0.000     0.000 r  Block_top_i/mig_axi_wrapper_0/inst/mig_inst/u_mig_7series_0_mig/u_ddr3_infrastructure/u_bufg_clkdiv0/O
                                       net (fo=18931, routed)       1.392     1.392    Block_top_i/clk_wiz_1/inst/clk_in1
                  MMCME2_ADV_X1Y0      MMCME2_ADV (Prop_mmcme2_adv_CLKIN1_CLKOUT0)
                                                                   -2.890    -1.499 r  Block_top_i/clk_wiz_1/inst/mmcm_adv_inst/CLKOUT0
                                       net (fo=1, routed)           1.421    -0.078    Block_top_i/clk_wiz_1/inst/clk_out1_Block_top_clk_wiz_1_0
                  BUFGCTRL_X0Y3        BUFG (Prop_bufg_I_O)         0.081     0.003 r  Block_top_i/clk_wiz_1/inst/clkout1_buf/O
                                       net (fo=316, routed)         1.426     1.429    Block_top_i/axi_quad_spi_0/U0/NO_DUAL_QUAD_MODE.QSPI_NORMAL/QSPI_LEGACY_MD_GEN.QSPI_CORE_INTERFACE_I/FIFO_EXISTS.RX_FIFO_II/gnuram_async_fifo.xpm_fifo_base_inst/gen_cdc_pntr.wr_pntr_cdc_inst/src_clk
                  SLICE_X64Y28         FDRE                                         r  Block_top_i/axi_quad_spi_0/U0/NO_DUAL_QUAD_MODE.QSPI_NORMAL/QSPI_LEGACY_MD_GEN.QSPI_CORE_INTERFACE_I/FIFO_EXISTS.RX_FIFO_II/gnuram_async_fifo.xpm_fifo_base_inst/gen_cdc_pntr.wr_pntr_cdc_inst/src_gray_ff_reg[3]/C
  ---------------------------------------------------------------------------------    -------------------
    Routing       SLICE_X64Y28         FDRE (Prop_fdre_C_Q)         0.398     1.827 r  Block_top_i/axi_quad_spi_0/U0/NO_DUAL_QUAD_MODE.QSPI_NORMAL/QSPI_LEGACY_MD_GEN.QSPI_CORE_INTERFACE_I/FIFO_EXISTS.RX_FIFO_II/gnuram_async_fifo.xpm_fifo_base_inst/gen_cdc_pntr.wr_pntr_cdc_inst/src_gray_ff_reg[3]/Q
                                       net (fo=1, routed)           0.651     2.478    Block_top_i/axi_quad_spi_0/U0/NO_DUAL_QUAD_MODE.QSPI_NORMAL/QSPI_LEGACY_MD_GEN.QSPI_CORE_INTERFACE_I/FIFO_EXISTS.RX_FIFO_II/gnuram_async_fifo.xpm_fifo_base_inst/gen_cdc_pntr.wr_pntr_cdc_inst/async_path[3]
    Routing       SLICE_X63Y29         FDRE                                         r  Block_top_i/axi_quad_spi_0/U0/NO_DUAL_QUAD_MODE.QSPI_NORMAL/QSPI_LEGACY_MD_GEN.QSPI_CORE_INTERFACE_I/FIFO_EXISTS.RX_FIFO_II/gnuram_async_fifo.xpm_fifo_base_inst/gen_cdc_pntr.wr_pntr_cdc_inst/dest_graysync_ff_reg[0][3]/D
  ---------------------------------------------------------------------------------    -------------------

                                       (clock clk_pll_i_1 rise edge)
                                                                    0.000     0.000 r  
                  N14                                               0.000     0.000 r  clk (IN)
                                       net (fo=0)                   0.000     0.000    Block_top_i/clk_wiz_0/inst/clk_in1
                  N14                  IBUF (Prop_ibuf_I_O)         1.381     1.381 r  Block_top_i/clk_wiz_0/inst/clkin1_ibufg/O
                                       net (fo=1, routed)           1.004     2.385    Block_top_i/clk_wiz_0/inst/clk_in1_Block_top_clk_wiz_0_0
                  MMCME2_ADV_X0Y0      MMCME2_ADV (Prop_mmcme2_adv_CLKIN1_CLKOUT0)
                                                                   -6.061    -3.676 r  Block_top_i/clk_wiz_0/inst/mmcm_adv_inst/CLKOUT0
                                       net (fo=1, routed)           1.357    -2.319    Block_top_i/clk_wiz_0/inst/clk_100_Block_top_clk_wiz_0_0
                  BUFGCTRL_X0Y1        BUFG (Prop_bufg_I_O)         0.077    -2.242 r  Block_top_i/clk_wiz_0/inst/clkout1_buf/O
                                       net (fo=1, routed)           1.289    -0.953    Block_top_i/mig_axi_wrapper_0/inst/mig_inst/u_mig_7series_0_mig/u_ddr3_infrastructure/mmcm_clk
                  PLLE2_ADV_X0Y1       PLLE2_ADV (Prop_plle2_adv_CLKIN1_CLKOUT3)
                                                                    0.073    -0.880 r  Block_top_i/mig_axi_wrapper_0/inst/mig_inst/u_mig_7series_0_mig/u_ddr3_infrastructure/plle2_i/CLKOUT3
                                       net (fo=1, routed)           0.934     0.054    Block_top_i/mig_axi_wrapper_0/inst/mig_inst/u_mig_7series_0_mig/u_ddr3_infrastructure/pll_clk3_out
                  BUFHCE_X0Y12         BUFH (Prop_bufh_I_O)         0.069     0.123 r  Block_top_i/mig_axi_wrapper_0/inst/mig_inst/u_mig_7series_0_mig/u_ddr3_infrastructure/u_bufh_pll_clk3/O
                                       net (fo=1, routed)           0.663     0.786    Block_top_i/mig_axi_wrapper_0/inst/mig_inst/u_mig_7series_0_mig/u_ddr3_infrastructure/pll_clk3
                  MMCME2_ADV_X0Y1      MMCME2_ADV (Prop_mmcme2_adv_CLKIN1_CLKFBOUT)
                                                                   -2.703    -1.916 r  Block_top_i/mig_axi_wrapper_0/inst/mig_inst/u_mig_7series_0_mig/u_ddr3_infrastructure/gen_mmcm.mmcm_i/CLKFBOUT
                                       net (fo=1, routed)           1.357    -0.559    Block_top_i/mig_axi_wrapper_0/inst/mig_inst/u_mig_7series_0_mig/u_ddr3_infrastructure/clk_pll_i
                  BUFGCTRL_X0Y16       BUFG (Prop_bufg_I_O)         0.077    -0.482 r  Block_top_i/mig_axi_wrapper_0/inst/mig_inst/u_mig_7series_0_mig/u_ddr3_infrastructure/u_bufg_clkdiv0/O
                                       net (fo=18931, routed)       1.323     0.841    Block_top_i/axi_quad_spi_0/U0/NO_DUAL_QUAD_MODE.QSPI_NORMAL/QSPI_LEGACY_MD_GEN.QSPI_CORE_INTERFACE_I/FIFO_EXISTS.RX_FIFO_II/gnuram_async_fifo.xpm_fifo_base_inst/gen_cdc_pntr.wr_pntr_cdc_inst/dest_clk
                  SLICE_X63Y29         FDRE                                         r  Block_top_i/axi_quad_spi_0/U0/NO_DUAL_QUAD_MODE.QSPI_NORMAL/QSPI_LEGACY_MD_GEN.QSPI_CORE_INTERFACE_I/FIFO_EXISTS.RX_FIFO_II/gnuram_async_fifo.xpm_fifo_base_inst/gen_cdc_pntr.wr_pntr_cdc_inst/dest_graysync_ff_reg[0][3]/C
                                       clock pessimism              0.000     0.841    
                  SLICE_X63Y29         FDRE (Setup_fdre_C_D)       -0.169     0.672    Block_top_i/axi_quad_spi_0/U0/NO_DUAL_QUAD_MODE.QSPI_NORMAL/QSPI_LEGACY_MD_GEN.QSPI_CORE_INTERFACE_I/FIFO_EXISTS.RX_FIFO_II/gnuram_async_fifo.xpm_fifo_base_inst/gen_cdc_pntr.wr_pntr_cdc_inst/dest_graysync_ff_reg[0][3]
  ---------------------------------------------------------------------------------
                                       data arrival                           2.478    
                                       clock arrival                          0.672    
  ---------------------------------------------------------------------------------
                                       relative delay                         1.806    

Reference path:
    Pin Reuse     Location             Delay type                Incr(ns)  Path(ns)    Netlist Resource(s)
  ---------------------------------------------------------------------------------    -------------------
                                       (clock clk_out1_Block_top_clk_wiz_1_0_1 rise edge)
                                                                    0.000     0.000 r  
                  BUFGCTRL_X0Y16       BUFG                         0.000     0.000 r  Block_top_i/mig_axi_wrapper_0/inst/mig_inst/u_mig_7series_0_mig/u_ddr3_infrastructure/u_bufg_clkdiv0/O
                                       net (fo=18931, routed)       1.287     1.287    Block_top_i/clk_wiz_1/inst/clk_in1
                  MMCME2_ADV_X1Y0      MMCME2_ADV (Prop_mmcme2_adv_CLKIN1_CLKOUT0)
                                                                   -2.714    -1.427 r  Block_top_i/clk_wiz_1/inst/mmcm_adv_inst/CLKOUT0
                                       net (fo=1, routed)           1.352    -0.075    Block_top_i/clk_wiz_1/inst/clk_out1_Block_top_clk_wiz_1_0
                  BUFGCTRL_X0Y3        BUFG (Prop_bufg_I_O)         0.077     0.002 r  Block_top_i/clk_wiz_1/inst/clkout1_buf/O
                                       net (fo=316, routed)         1.319     1.321    Block_top_i/axi_quad_spi_0/U0/NO_DUAL_QUAD_MODE.QSPI_NORMAL/QSPI_LEGACY_MD_GEN.QSPI_CORE_INTERFACE_I/FIFO_EXISTS.RX_FIFO_II/gnuram_async_fifo.xpm_fifo_base_inst/gen_cdc_pntr.wr_pntr_cdc_inst/src_clk
                  SLICE_X64Y28         FDRE                                         r  Block_top_i/axi_quad_spi_0/U0/NO_DUAL_QUAD_MODE.QSPI_NORMAL/QSPI_LEGACY_MD_GEN.QSPI_CORE_INTERFACE_I/FIFO_EXISTS.RX_FIFO_II/gnuram_async_fifo.xpm_fifo_base_inst/gen_cdc_pntr.wr_pntr_cdc_inst/src_gray_ff_reg[0]/C
  ---------------------------------------------------------------------------------    -------------------
    Routing       SLICE_X64Y28         FDRE (Prop_fdre_C_Q)         0.347     1.668 r  Block_top_i/axi_quad_spi_0/U0/NO_DUAL_QUAD_MODE.QSPI_NORMAL/QSPI_LEGACY_MD_GEN.QSPI_CORE_INTERFACE_I/FIFO_EXISTS.RX_FIFO_II/gnuram_async_fifo.xpm_fifo_base_inst/gen_cdc_pntr.wr_pntr_cdc_inst/src_gray_ff_reg[0]/Q
                                       net (fo=1, routed)           0.291     1.959    Block_top_i/axi_quad_spi_0/U0/NO_DUAL_QUAD_MODE.QSPI_NORMAL/QSPI_LEGACY_MD_GEN.QSPI_CORE_INTERFACE_I/FIFO_EXISTS.RX_FIFO_II/gnuram_async_fifo.xpm_fifo_base_inst/gen_cdc_pntr.wr_pntr_cdc_inst/async_path[0]
    Routing       SLICE_X64Y27         FDRE                                         r  Block_top_i/axi_quad_spi_0/U0/NO_DUAL_QUAD_MODE.QSPI_NORMAL/QSPI_LEGACY_MD_GEN.QSPI_CORE_INTERFACE_I/FIFO_EXISTS.RX_FIFO_II/gnuram_async_fifo.xpm_fifo_base_inst/gen_cdc_pntr.wr_pntr_cdc_inst/dest_graysync_ff_reg[0][0]/D
  ---------------------------------------------------------------------------------    -------------------

                                       (clock clk_pll_i_1 rise edge)
                                                                    0.000     0.000 r  
                  N14                                               0.000     0.000 r  clk (IN)
                                       net (fo=0)                   0.000     0.000    Block_top_i/clk_wiz_0/inst/clk_in1
                  N14                  IBUF (Prop_ibuf_I_O)         1.448     1.448 r  Block_top_i/clk_wiz_0/inst/clkin1_ibufg/O
                                       net (fo=1, routed)           1.065     2.513    Block_top_i/clk_wiz_0/inst/clk_in1_Block_top_clk_wiz_0_0
                  MMCME2_ADV_X0Y0      MMCME2_ADV (Prop_mmcme2_adv_CLKIN1_CLKOUT0)
                                                                   -5.924    -3.412 r  Block_top_i/clk_wiz_0/inst/mmcm_adv_inst/CLKOUT0
                                       net (fo=1, routed)           1.425    -1.987    Block_top_i/clk_wiz_0/inst/clk_100_Block_top_clk_wiz_0_0
                  BUFGCTRL_X0Y1        BUFG (Prop_bufg_I_O)         0.081    -1.906 r  Block_top_i/clk_wiz_0/inst/clkout1_buf/O
                                       net (fo=1, routed)           1.393    -0.513    Block_top_i/mig_axi_wrapper_0/inst/mig_inst/u_mig_7series_0_mig/u_ddr3_infrastructure/mmcm_clk
                  PLLE2_ADV_X0Y1       PLLE2_ADV (Prop_plle2_adv_CLKIN1_CLKOUT3)
                                                                    0.077    -0.436 r  Block_top_i/mig_axi_wrapper_0/inst/mig_inst/u_mig_7series_0_mig/u_ddr3_infrastructure/plle2_i/CLKOUT3
                                       net (fo=1, routed)           1.066     0.630    Block_top_i/mig_axi_wrapper_0/inst/mig_inst/u_mig_7series_0_mig/u_ddr3_infrastructure/pll_clk3_out
                  BUFHCE_X0Y12         BUFH (Prop_bufh_I_O)         0.106     0.736 r  Block_top_i/mig_axi_wrapper_0/inst/mig_inst/u_mig_7series_0_mig/u_ddr3_infrastructure/u_bufh_pll_clk3/O
                                       net (fo=1, routed)           0.701     1.437    Block_top_i/mig_axi_wrapper_0/inst/mig_inst/u_mig_7series_0_mig/u_ddr3_infrastructure/pll_clk3
                  MMCME2_ADV_X0Y1      MMCME2_ADV (Prop_mmcme2_adv_CLKIN1_CLKFBOUT)
                                                                   -2.877    -1.440 r  Block_top_i/mig_axi_wrapper_0/inst/mig_inst/u_mig_7series_0_mig/u_ddr3_infrastructure/gen_mmcm.mmcm_i/CLKFBOUT
                                       net (fo=1, routed)           1.425    -0.015    Block_top_i/mig_axi_wrapper_0/inst/mig_inst/u_mig_7series_0_mig/u_ddr3_infrastructure/clk_pll_i
                  BUFGCTRL_X0Y16       BUFG (Prop_bufg_I_O)         0.081     0.066 r  Block_top_i/mig_axi_wrapper_0/inst/mig_inst/u_mig_7series_0_mig/u_ddr3_infrastructure/u_bufg_clkdiv0/O
                                       net (fo=18931, routed)       1.428     1.494    Block_top_i/axi_quad_spi_0/U0/NO_DUAL_QUAD_MODE.QSPI_NORMAL/QSPI_LEGACY_MD_GEN.QSPI_CORE_INTERFACE_I/FIFO_EXISTS.RX_FIFO_II/gnuram_async_fifo.xpm_fifo_base_inst/gen_cdc_pntr.wr_pntr_cdc_inst/dest_clk
                  SLICE_X64Y27         FDRE                                         r  Block_top_i/axi_quad_spi_0/U0/NO_DUAL_QUAD_MODE.QSPI_NORMAL/QSPI_LEGACY_MD_GEN.QSPI_CORE_INTERFACE_I/FIFO_EXISTS.RX_FIFO_II/gnuram_async_fifo.xpm_fifo_base_inst/gen_cdc_pntr.wr_pntr_cdc_inst/dest_graysync_ff_reg[0][0]/C
                                       clock pessimism              0.000     1.494    
                  SLICE_X64Y27         FDRE (Hold_fdre_C_D)         0.189     1.683    Block_top_i/axi_quad_spi_0/U0/NO_DUAL_QUAD_MODE.QSPI_NORMAL/QSPI_LEGACY_MD_GEN.QSPI_CORE_INTERFACE_I/FIFO_EXISTS.RX_FIFO_II/gnuram_async_fifo.xpm_fifo_base_inst/gen_cdc_pntr.wr_pntr_cdc_inst/dest_graysync_ff_reg[0][0]
  ---------------------------------------------------------------------------------
                                       data arrival                           1.959    
                                       clock arrival                          1.683    
  ---------------------------------------------------------------------------------
                                       relative delay                         0.277    



Id: 3
set_bus_skew -from [get_cells [list {Block_top_i/axi_quad_spi_0/U0/NO_DUAL_QUAD_MODE.QSPI_NORMAL/QSPI_LEGACY_MD_GEN.QSPI_CORE_INTERFACE_I/FIFO_EXISTS.RX_FIFO_II/gnuram_async_fifo.xpm_fifo_base_inst/gen_cdc_pntr.rd_pntr_cdc_inst/src_gray_ff_reg[0]} {Block_top_i/axi_quad_spi_0/U0/NO_DUAL_QUAD_MODE.QSPI_NORMAL/QSPI_LEGACY_MD_GEN.QSPI_CORE_INTERFACE_I/FIFO_EXISTS.RX_FIFO_II/gnuram_async_fifo.xpm_fifo_base_inst/gen_cdc_pntr.rd_pntr_cdc_inst/src_gray_ff_reg[1]} {Block_top_i/axi_quad_spi_0/U0/NO_DUAL_QUAD_MODE.QSPI_NORMAL/QSPI_LEGACY_MD_GEN.QSPI_CORE_INTERFACE_I/FIFO_EXISTS.RX_FIFO_II/gnuram_async_fifo.xpm_fifo_base_inst/gen_cdc_pntr.rd_pntr_cdc_inst/src_gray_ff_reg[2]} {Block_top_i/axi_quad_spi_0/U0/NO_DUAL_QUAD_MODE.QSPI_NORMAL/QSPI_LEGACY_MD_GEN.QSPI_CORE_INTERFACE_I/FIFO_EXISTS.RX_FIFO_II/gnuram_async_fifo.xpm_fifo_base_inst/gen_cdc_pntr.rd_pntr_cdc_inst/src_gray_ff_reg[3]}]] -to [get_cells [list {Block_top_i/axi_quad_spi_0/U0/NO_DUAL_QUAD_MODE.QSPI_NORMAL/QSPI_LEGACY_MD_GEN.QSPI_CORE_INTERFACE_I/FIFO_EXISTS.RX_FIFO_II/gnuram_async_fifo.xpm_fifo_base_inst/gen_cdc_pntr.rd_pntr_cdc_inst/dest_graysync_ff_reg[0][0]} {Block_top_i/axi_quad_spi_0/U0/NO_DUAL_QUAD_MODE.QSPI_NORMAL/QSPI_LEGACY_MD_GEN.QSPI_CORE_INTERFACE_I/FIFO_EXISTS.RX_FIFO_II/gnuram_async_fifo.xpm_fifo_base_inst/gen_cdc_pntr.rd_pntr_cdc_inst/dest_graysync_ff_reg[0][1]} {Block_top_i/axi_quad_spi_0/U0/NO_DUAL_QUAD_MODE.QSPI_NORMAL/QSPI_LEGACY_MD_GEN.QSPI_CORE_INTERFACE_I/FIFO_EXISTS.RX_FIFO_II/gnuram_async_fifo.xpm_fifo_base_inst/gen_cdc_pntr.rd_pntr_cdc_inst/dest_graysync_ff_reg[0][2]} {Block_top_i/axi_quad_spi_0/U0/NO_DUAL_QUAD_MODE.QSPI_NORMAL/QSPI_LEGACY_MD_GEN.QSPI_CORE_INTERFACE_I/FIFO_EXISTS.RX_FIFO_II/gnuram_async_fifo.xpm_fifo_base_inst/gen_cdc_pntr.rd_pntr_cdc_inst/dest_graysync_ff_reg[0][3]}]] 10.000
Requirement: 10.000ns
Endpoints: 4

From Clock            To Clock              Endpoint Pin                    Reference Pin                   Corner  Actual(ns)  Slack(ns)
--------------------  --------------------  ------------------------------  ------------------------------  ------  ----------  ---------
clk_pll_i_1           clk_out1_Block_top_clk_wiz_1_0_1
                                            Block_top_i/axi_quad_spi_0/U0/NO_DUAL_QUAD_MODE.QSPI_NORMAL/QSPI_LEGACY_MD_GEN.QSPI_CORE_INTERFACE_I/FIFO_EXISTS.RX_FIFO_II/gnuram_async_fifo.xpm_fifo_base_inst/gen_cdc_pntr.rd_pntr_cdc_inst/dest_graysync_ff_reg[0][3]/D
                                                                            Block_top_i/axi_quad_spi_0/U0/NO_DUAL_QUAD_MODE.QSPI_NORMAL/QSPI_LEGACY_MD_GEN.QSPI_CORE_INTERFACE_I/FIFO_EXISTS.RX_FIFO_II/gnuram_async_fifo.xpm_fifo_base_inst/gen_cdc_pntr.rd_pntr_cdc_inst/dest_graysync_ff_reg[0][2]/D
                                                                                                            Slow         0.802      9.198


Slack (MET) :             9.198ns  (requirement - actual skew)
  Endpoint Source:        Block_top_i/axi_quad_spi_0/U0/NO_DUAL_QUAD_MODE.QSPI_NORMAL/QSPI_LEGACY_MD_GEN.QSPI_CORE_INTERFACE_I/FIFO_EXISTS.RX_FIFO_II/gnuram_async_fifo.xpm_fifo_base_inst/gen_cdc_pntr.rd_pntr_cdc_inst/src_gray_ff_reg[3]/C
                            (rising edge-triggered cell FDRE clocked by clk_pll_i_1)
  Endpoint Destination:   Block_top_i/axi_quad_spi_0/U0/NO_DUAL_QUAD_MODE.QSPI_NORMAL/QSPI_LEGACY_MD_GEN.QSPI_CORE_INTERFACE_I/FIFO_EXISTS.RX_FIFO_II/gnuram_async_fifo.xpm_fifo_base_inst/gen_cdc_pntr.rd_pntr_cdc_inst/dest_graysync_ff_reg[0][3]/D
                            (rising edge-triggered cell FDRE clocked by clk_out1_Block_top_clk_wiz_1_0_1)
  Reference Source:       Block_top_i/axi_quad_spi_0/U0/NO_DUAL_QUAD_MODE.QSPI_NORMAL/QSPI_LEGACY_MD_GEN.QSPI_CORE_INTERFACE_I/FIFO_EXISTS.RX_FIFO_II/gnuram_async_fifo.xpm_fifo_base_inst/gen_cdc_pntr.rd_pntr_cdc_inst/src_gray_ff_reg[2]/C
                            (rising edge-triggered cell FDRE clocked by clk_pll_i_1)
  Reference Destination:  Block_top_i/axi_quad_spi_0/U0/NO_DUAL_QUAD_MODE.QSPI_NORMAL/QSPI_LEGACY_MD_GEN.QSPI_CORE_INTERFACE_I/FIFO_EXISTS.RX_FIFO_II/gnuram_async_fifo.xpm_fifo_base_inst/gen_cdc_pntr.rd_pntr_cdc_inst/dest_graysync_ff_reg[0][2]/D
                            (rising edge-triggered cell FDRE clocked by clk_out1_Block_top_clk_wiz_1_0_1)
  Path Type:              Bus Skew (Max at Slow Process Corner)
  Requirement:            10.000ns
  Endpoint Relative Delay:    1.359ns
  Reference Relative Delay:  -0.157ns
  Relative CRPR:              0.714ns
  Actual Bus Skew:            0.802ns  (Endpoint Relative Delay - Reference Relative Delay - Relative CRPR)

Endpoint path:
    Pin Reuse     Location             Delay type                Incr(ns)  Path(ns)    Netlist Resource(s)
  ---------------------------------------------------------------------------------    -------------------
                                       (clock clk_pll_i_1 rise edge)
                                                                    0.000     0.000 r  
                  N14                                               0.000     0.000 r  clk (IN)
                                       net (fo=0)                   0.000     0.000    Block_top_i/clk_wiz_0/inst/clk_in1
                  N14                  IBUF (Prop_ibuf_I_O)         1.448     1.448 r  Block_top_i/clk_wiz_0/inst/clkin1_ibufg/O
                                       net (fo=1, routed)           1.065     2.513    Block_top_i/clk_wiz_0/inst/clk_in1_Block_top_clk_wiz_0_0
                  MMCME2_ADV_X0Y0      MMCME2_ADV (Prop_mmcme2_adv_CLKIN1_CLKOUT0)
                                                                   -5.924    -3.412 r  Block_top_i/clk_wiz_0/inst/mmcm_adv_inst/CLKOUT0
                                       net (fo=1, routed)           1.425    -1.987    Block_top_i/clk_wiz_0/inst/clk_100_Block_top_clk_wiz_0_0
                  BUFGCTRL_X0Y1        BUFG (Prop_bufg_I_O)         0.081    -1.906 r  Block_top_i/clk_wiz_0/inst/clkout1_buf/O
                                       net (fo=1, routed)           1.393    -0.513    Block_top_i/mig_axi_wrapper_0/inst/mig_inst/u_mig_7series_0_mig/u_ddr3_infrastructure/mmcm_clk
                  PLLE2_ADV_X0Y1       PLLE2_ADV (Prop_plle2_adv_CLKIN1_CLKOUT3)
                                                                    0.077    -0.436 r  Block_top_i/mig_axi_wrapper_0/inst/mig_inst/u_mig_7series_0_mig/u_ddr3_infrastructure/plle2_i/CLKOUT3
                                       net (fo=1, routed)           1.066     0.630    Block_top_i/mig_axi_wrapper_0/inst/mig_inst/u_mig_7series_0_mig/u_ddr3_infrastructure/pll_clk3_out
                  BUFHCE_X0Y12         BUFH (Prop_bufh_I_O)         0.106     0.736 r  Block_top_i/mig_axi_wrapper_0/inst/mig_inst/u_mig_7series_0_mig/u_ddr3_infrastructure/u_bufh_pll_clk3/O
                                       net (fo=1, routed)           0.701     1.437    Block_top_i/mig_axi_wrapper_0/inst/mig_inst/u_mig_7series_0_mig/u_ddr3_infrastructure/pll_clk3
                  MMCME2_ADV_X0Y1      MMCME2_ADV (Prop_mmcme2_adv_CLKIN1_CLKFBOUT)
                                                                   -2.877    -1.440 r  Block_top_i/mig_axi_wrapper_0/inst/mig_inst/u_mig_7series_0_mig/u_ddr3_infrastructure/gen_mmcm.mmcm_i/CLKFBOUT
                                       net (fo=1, routed)           1.425    -0.015    Block_top_i/mig_axi_wrapper_0/inst/mig_inst/u_mig_7series_0_mig/u_ddr3_infrastructure/clk_pll_i
                  BUFGCTRL_X0Y16       BUFG (Prop_bufg_I_O)         0.081     0.066 r  Block_top_i/mig_axi_wrapper_0/inst/mig_inst/u_mig_7series_0_mig/u_ddr3_infrastructure/u_bufg_clkdiv0/O
                                       net (fo=18931, routed)       1.435     1.501    Block_top_i/axi_quad_spi_0/U0/NO_DUAL_QUAD_MODE.QSPI_NORMAL/QSPI_LEGACY_MD_GEN.QSPI_CORE_INTERFACE_I/FIFO_EXISTS.RX_FIFO_II/gnuram_async_fifo.xpm_fifo_base_inst/gen_cdc_pntr.rd_pntr_cdc_inst/src_clk
                  SLICE_X64Y33         FDRE                                         r  Block_top_i/axi_quad_spi_0/U0/NO_DUAL_QUAD_MODE.QSPI_NORMAL/QSPI_LEGACY_MD_GEN.QSPI_CORE_INTERFACE_I/FIFO_EXISTS.RX_FIFO_II/gnuram_async_fifo.xpm_fifo_base_inst/gen_cdc_pntr.rd_pntr_cdc_inst/src_gray_ff_reg[3]/C
  ---------------------------------------------------------------------------------    -------------------
    Routing       SLICE_X64Y33         FDRE (Prop_fdre_C_Q)         0.398     1.899 r  Block_top_i/axi_quad_spi_0/U0/NO_DUAL_QUAD_MODE.QSPI_NORMAL/QSPI_LEGACY_MD_GEN.QSPI_CORE_INTERFACE_I/FIFO_EXISTS.RX_FIFO_II/gnuram_async_fifo.xpm_fifo_base_inst/gen_cdc_pntr.rd_pntr_cdc_inst/src_gray_ff_reg[3]/Q
                                       net (fo=1, routed)           0.623     2.522    Block_top_i/axi_quad_spi_0/U0/NO_DUAL_QUAD_MODE.QSPI_NORMAL/QSPI_LEGACY_MD_GEN.QSPI_CORE_INTERFACE_I/FIFO_EXISTS.RX_FIFO_II/gnuram_async_fifo.xpm_fifo_base_inst/gen_cdc_pntr.rd_pntr_cdc_inst/async_path[3]
    Routing       SLICE_X64Y32         FDRE                                         r  Block_top_i/axi_quad_spi_0/U0/NO_DUAL_QUAD_MODE.QSPI_NORMAL/QSPI_LEGACY_MD_GEN.QSPI_CORE_INTERFACE_I/FIFO_EXISTS.RX_FIFO_II/gnuram_async_fifo.xpm_fifo_base_inst/gen_cdc_pntr.rd_pntr_cdc_inst/dest_graysync_ff_reg[0][3]/D
  ---------------------------------------------------------------------------------    -------------------

                                       (clock clk_out1_Block_top_clk_wiz_1_0_1 rise edge)
                                                                    0.000     0.000 r  
                  BUFGCTRL_X0Y16       BUFG                         0.000     0.000 r  Block_top_i/mig_axi_wrapper_0/inst/mig_inst/u_mig_7series_0_mig/u_ddr3_infrastructure/u_bufg_clkdiv0/O
                                       net (fo=18931, routed)       1.287     1.287    Block_top_i/clk_wiz_1/inst/clk_in1
                  MMCME2_ADV_X1Y0      MMCME2_ADV (Prop_mmcme2_adv_CLKIN1_CLKOUT0)
                                                                   -2.714    -1.427 r  Block_top_i/clk_wiz_1/inst/mmcm_adv_inst/CLKOUT0
                                       net (fo=1, routed)           1.352    -0.075    Block_top_i/clk_wiz_1/inst/clk_out1_Block_top_clk_wiz_1_0
                  BUFGCTRL_X0Y3        BUFG (Prop_bufg_I_O)         0.077     0.002 r  Block_top_i/clk_wiz_1/inst/clkout1_buf/O
                                       net (fo=316, routed)         1.324     1.326    Block_top_i/axi_quad_spi_0/U0/NO_DUAL_QUAD_MODE.QSPI_NORMAL/QSPI_LEGACY_MD_GEN.QSPI_CORE_INTERFACE_I/FIFO_EXISTS.RX_FIFO_II/gnuram_async_fifo.xpm_fifo_base_inst/gen_cdc_pntr.rd_pntr_cdc_inst/dest_clk
                  SLICE_X64Y32         FDRE                                         r  Block_top_i/axi_quad_spi_0/U0/NO_DUAL_QUAD_MODE.QSPI_NORMAL/QSPI_LEGACY_MD_GEN.QSPI_CORE_INTERFACE_I/FIFO_EXISTS.RX_FIFO_II/gnuram_async_fifo.xpm_fifo_base_inst/gen_cdc_pntr.rd_pntr_cdc_inst/dest_graysync_ff_reg[0][3]/C
                                       clock pessimism              0.000     1.326    
                  SLICE_X64Y32         FDRE (Setup_fdre_C_D)       -0.163     1.163    Block_top_i/axi_quad_spi_0/U0/NO_DUAL_QUAD_MODE.QSPI_NORMAL/QSPI_LEGACY_MD_GEN.QSPI_CORE_INTERFACE_I/FIFO_EXISTS.RX_FIFO_II/gnuram_async_fifo.xpm_fifo_base_inst/gen_cdc_pntr.rd_pntr_cdc_inst/dest_graysync_ff_reg[0][3]
  ---------------------------------------------------------------------------------
                                       data arrival                           2.522    
                                       clock arrival                          1.163    
  ---------------------------------------------------------------------------------
                                       relative delay                         1.359    

Reference path:
    Pin Reuse     Location             Delay type                Incr(ns)  Path(ns)    Netlist Resource(s)
  ---------------------------------------------------------------------------------    -------------------
                                       (clock clk_pll_i_1 rise edge)
                                                                    0.000     0.000 r  
                  N14                                               0.000     0.000 r  clk (IN)
                                       net (fo=0)                   0.000     0.000    Block_top_i/clk_wiz_0/inst/clk_in1
                  N14                  IBUF (Prop_ibuf_I_O)         1.381     1.381 r  Block_top_i/clk_wiz_0/inst/clkin1_ibufg/O
                                       net (fo=1, routed)           1.004     2.385    Block_top_i/clk_wiz_0/inst/clk_in1_Block_top_clk_wiz_0_0
                  MMCME2_ADV_X0Y0      MMCME2_ADV (Prop_mmcme2_adv_CLKIN1_CLKOUT0)
                                                                   -6.061    -3.676 r  Block_top_i/clk_wiz_0/inst/mmcm_adv_inst/CLKOUT0
                                       net (fo=1, routed)           1.357    -2.319    Block_top_i/clk_wiz_0/inst/clk_100_Block_top_clk_wiz_0_0
                  BUFGCTRL_X0Y1        BUFG (Prop_bufg_I_O)         0.077    -2.242 r  Block_top_i/clk_wiz_0/inst/clkout1_buf/O
                                       net (fo=1, routed)           1.289    -0.953    Block_top_i/mig_axi_wrapper_0/inst/mig_inst/u_mig_7series_0_mig/u_ddr3_infrastructure/mmcm_clk
                  PLLE2_ADV_X0Y1       PLLE2_ADV (Prop_plle2_adv_CLKIN1_CLKOUT3)
                                                                    0.073    -0.880 r  Block_top_i/mig_axi_wrapper_0/inst/mig_inst/u_mig_7series_0_mig/u_ddr3_infrastructure/plle2_i/CLKOUT3
                                       net (fo=1, routed)           0.934     0.054    Block_top_i/mig_axi_wrapper_0/inst/mig_inst/u_mig_7series_0_mig/u_ddr3_infrastructure/pll_clk3_out
                  BUFHCE_X0Y12         BUFH (Prop_bufh_I_O)         0.069     0.123 r  Block_top_i/mig_axi_wrapper_0/inst/mig_inst/u_mig_7series_0_mig/u_ddr3_infrastructure/u_bufh_pll_clk3/O
                                       net (fo=1, routed)           0.663     0.786    Block_top_i/mig_axi_wrapper_0/inst/mig_inst/u_mig_7series_0_mig/u_ddr3_infrastructure/pll_clk3
                  MMCME2_ADV_X0Y1      MMCME2_ADV (Prop_mmcme2_adv_CLKIN1_CLKFBOUT)
                                                                   -2.703    -1.916 r  Block_top_i/mig_axi_wrapper_0/inst/mig_inst/u_mig_7series_0_mig/u_ddr3_infrastructure/gen_mmcm.mmcm_i/CLKFBOUT
                                       net (fo=1, routed)           1.357    -0.559    Block_top_i/mig_axi_wrapper_0/inst/mig_inst/u_mig_7series_0_mig/u_ddr3_infrastructure/clk_pll_i
                  BUFGCTRL_X0Y16       BUFG (Prop_bufg_I_O)         0.077    -0.482 r  Block_top_i/mig_axi_wrapper_0/inst/mig_inst/u_mig_7series_0_mig/u_ddr3_infrastructure/u_bufg_clkdiv0/O
                                       net (fo=18931, routed)       1.323     0.841    Block_top_i/axi_quad_spi_0/U0/NO_DUAL_QUAD_MODE.QSPI_NORMAL/QSPI_LEGACY_MD_GEN.QSPI_CORE_INTERFACE_I/FIFO_EXISTS.RX_FIFO_II/gnuram_async_fifo.xpm_fifo_base_inst/gen_cdc_pntr.rd_pntr_cdc_inst/src_clk
                  SLICE_X65Y29         FDRE                                         r  Block_top_i/axi_quad_spi_0/U0/NO_DUAL_QUAD_MODE.QSPI_NORMAL/QSPI_LEGACY_MD_GEN.QSPI_CORE_INTERFACE_I/FIFO_EXISTS.RX_FIFO_II/gnuram_async_fifo.xpm_fifo_base_inst/gen_cdc_pntr.rd_pntr_cdc_inst/src_gray_ff_reg[2]/C
  ---------------------------------------------------------------------------------    -------------------
    Routing       SLICE_X65Y29         FDRE (Prop_fdre_C_Q)         0.304     1.145 r  Block_top_i/axi_quad_spi_0/U0/NO_DUAL_QUAD_MODE.QSPI_NORMAL/QSPI_LEGACY_MD_GEN.QSPI_CORE_INTERFACE_I/FIFO_EXISTS.RX_FIFO_II/gnuram_async_fifo.xpm_fifo_base_inst/gen_cdc_pntr.rd_pntr_cdc_inst/src_gray_ff_reg[2]/Q
                                       net (fo=1, routed)           0.316     1.461    Block_top_i/axi_quad_spi_0/U0/NO_DUAL_QUAD_MODE.QSPI_NORMAL/QSPI_LEGACY_MD_GEN.QSPI_CORE_INTERFACE_I/FIFO_EXISTS.RX_FIFO_II/gnuram_async_fifo.xpm_fifo_base_inst/gen_cdc_pntr.rd_pntr_cdc_inst/async_path[2]
    Routing       SLICE_X64Y29         FDRE                                         r  Block_top_i/axi_quad_spi_0/U0/NO_DUAL_QUAD_MODE.QSPI_NORMAL/QSPI_LEGACY_MD_GEN.QSPI_CORE_INTERFACE_I/FIFO_EXISTS.RX_FIFO_II/gnuram_async_fifo.xpm_fifo_base_inst/gen_cdc_pntr.rd_pntr_cdc_inst/dest_graysync_ff_reg[0][2]/D
  ---------------------------------------------------------------------------------    -------------------

                                       (clock clk_out1_Block_top_clk_wiz_1_0_1 rise edge)
                                                                    0.000     0.000 r  
                  BUFGCTRL_X0Y16       BUFG                         0.000     0.000 r  Block_top_i/mig_axi_wrapper_0/inst/mig_inst/u_mig_7series_0_mig/u_ddr3_infrastructure/u_bufg_clkdiv0/O
                                       net (fo=18931, routed)       1.392     1.392    Block_top_i/clk_wiz_1/inst/clk_in1
                  MMCME2_ADV_X1Y0      MMCME2_ADV (Prop_mmcme2_adv_CLKIN1_CLKOUT0)
                                                                   -2.890    -1.499 r  Block_top_i/clk_wiz_1/inst/mmcm_adv_inst/CLKOUT0
                                       net (fo=1, routed)           1.421    -0.078    Block_top_i/clk_wiz_1/inst/clk_out1_Block_top_clk_wiz_1_0
                  BUFGCTRL_X0Y3        BUFG (Prop_bufg_I_O)         0.081     0.003 r  Block_top_i/clk_wiz_1/inst/clkout1_buf/O
                                       net (fo=316, routed)         1.428     1.431    Block_top_i/axi_quad_spi_0/U0/NO_DUAL_QUAD_MODE.QSPI_NORMAL/QSPI_LEGACY_MD_GEN.QSPI_CORE_INTERFACE_I/FIFO_EXISTS.RX_FIFO_II/gnuram_async_fifo.xpm_fifo_base_inst/gen_cdc_pntr.rd_pntr_cdc_inst/dest_clk
                  SLICE_X64Y29         FDRE                                         r  Block_top_i/axi_quad_spi_0/U0/NO_DUAL_QUAD_MODE.QSPI_NORMAL/QSPI_LEGACY_MD_GEN.QSPI_CORE_INTERFACE_I/FIFO_EXISTS.RX_FIFO_II/gnuram_async_fifo.xpm_fifo_base_inst/gen_cdc_pntr.rd_pntr_cdc_inst/dest_graysync_ff_reg[0][2]/C
                                       clock pessimism              0.000     1.431    
                  SLICE_X64Y29         FDRE (Hold_fdre_C_D)         0.187     1.618    Block_top_i/axi_quad_spi_0/U0/NO_DUAL_QUAD_MODE.QSPI_NORMAL/QSPI_LEGACY_MD_GEN.QSPI_CORE_INTERFACE_I/FIFO_EXISTS.RX_FIFO_II/gnuram_async_fifo.xpm_fifo_base_inst/gen_cdc_pntr.rd_pntr_cdc_inst/dest_graysync_ff_reg[0][2]
  ---------------------------------------------------------------------------------
                                       data arrival                           1.461    
                                       clock arrival                          1.618    
  ---------------------------------------------------------------------------------
                                       relative delay                        -0.157    



Id: 4
set_bus_skew -from [get_cells [list {Block_top_i/axi_quad_spi_0/U0/NO_DUAL_QUAD_MODE.QSPI_NORMAL/QSPI_LEGACY_MD_GEN.QSPI_CORE_INTERFACE_I/FIFO_EXISTS.TX_FIFO_II/gnuram_async_fifo.xpm_fifo_base_inst/gen_cdc_pntr.wr_pntr_cdc_inst/src_gray_ff_reg[0]} {Block_top_i/axi_quad_spi_0/U0/NO_DUAL_QUAD_MODE.QSPI_NORMAL/QSPI_LEGACY_MD_GEN.QSPI_CORE_INTERFACE_I/FIFO_EXISTS.TX_FIFO_II/gnuram_async_fifo.xpm_fifo_base_inst/gen_cdc_pntr.wr_pntr_cdc_inst/src_gray_ff_reg[1]} {Block_top_i/axi_quad_spi_0/U0/NO_DUAL_QUAD_MODE.QSPI_NORMAL/QSPI_LEGACY_MD_GEN.QSPI_CORE_INTERFACE_I/FIFO_EXISTS.TX_FIFO_II/gnuram_async_fifo.xpm_fifo_base_inst/gen_cdc_pntr.wr_pntr_cdc_inst/src_gray_ff_reg[2]} {Block_top_i/axi_quad_spi_0/U0/NO_DUAL_QUAD_MODE.QSPI_NORMAL/QSPI_LEGACY_MD_GEN.QSPI_CORE_INTERFACE_I/FIFO_EXISTS.TX_FIFO_II/gnuram_async_fifo.xpm_fifo_base_inst/gen_cdc_pntr.wr_pntr_cdc_inst/src_gray_ff_reg[3]}]] -to [get_cells [list {Block_top_i/axi_quad_spi_0/U0/NO_DUAL_QUAD_MODE.QSPI_NORMAL/QSPI_LEGACY_MD_GEN.QSPI_CORE_INTERFACE_I/FIFO_EXISTS.TX_FIFO_II/gnuram_async_fifo.xpm_fifo_base_inst/gen_cdc_pntr.wr_pntr_cdc_inst/dest_graysync_ff_reg[0][0]} {Block_top_i/axi_quad_spi_0/U0/NO_DUAL_QUAD_MODE.QSPI_NORMAL/QSPI_LEGACY_MD_GEN.QSPI_CORE_INTERFACE_I/FIFO_EXISTS.TX_FIFO_II/gnuram_async_fifo.xpm_fifo_base_inst/gen_cdc_pntr.wr_pntr_cdc_inst/dest_graysync_ff_reg[0][1]} {Block_top_i/axi_quad_spi_0/U0/NO_DUAL_QUAD_MODE.QSPI_NORMAL/QSPI_LEGACY_MD_GEN.QSPI_CORE_INTERFACE_I/FIFO_EXISTS.TX_FIFO_II/gnuram_async_fifo.xpm_fifo_base_inst/gen_cdc_pntr.wr_pntr_cdc_inst/dest_graysync_ff_reg[0][2]} {Block_top_i/axi_quad_spi_0/U0/NO_DUAL_QUAD_MODE.QSPI_NORMAL/QSPI_LEGACY_MD_GEN.QSPI_CORE_INTERFACE_I/FIFO_EXISTS.TX_FIFO_II/gnuram_async_fifo.xpm_fifo_base_inst/gen_cdc_pntr.wr_pntr_cdc_inst/dest_graysync_ff_reg[0][3]}]] 10.000
Requirement: 10.000ns
Endpoints: 4

From Clock            To Clock              Endpoint Pin                    Reference Pin                   Corner  Actual(ns)  Slack(ns)
--------------------  --------------------  ------------------------------  ------------------------------  ------  ----------  ---------
clk_pll_i_1           clk_out1_Block_top_clk_wiz_1_0_1
                                            Block_top_i/axi_quad_spi_0/U0/NO_DUAL_QUAD_MODE.QSPI_NORMAL/QSPI_LEGACY_MD_GEN.QSPI_CORE_INTERFACE_I/FIFO_EXISTS.TX_FIFO_II/gnuram_async_fifo.xpm_fifo_base_inst/gen_cdc_pntr.wr_pntr_cdc_inst/dest_graysync_ff_reg[0][1]/D
                                                                            Block_top_i/axi_quad_spi_0/U0/NO_DUAL_QUAD_MODE.QSPI_NORMAL/QSPI_LEGACY_MD_GEN.QSPI_CORE_INTERFACE_I/FIFO_EXISTS.TX_FIFO_II/gnuram_async_fifo.xpm_fifo_base_inst/gen_cdc_pntr.wr_pntr_cdc_inst/dest_graysync_ff_reg[0][0]/D
                                                                                                            Slow         0.573      9.427


Slack (MET) :             9.427ns  (requirement - actual skew)
  Endpoint Source:        Block_top_i/axi_quad_spi_0/U0/NO_DUAL_QUAD_MODE.QSPI_NORMAL/QSPI_LEGACY_MD_GEN.QSPI_CORE_INTERFACE_I/FIFO_EXISTS.TX_FIFO_II/gnuram_async_fifo.xpm_fifo_base_inst/gen_cdc_pntr.wr_pntr_cdc_inst/src_gray_ff_reg[1]/C
                            (rising edge-triggered cell FDRE clocked by clk_pll_i_1)
  Endpoint Destination:   Block_top_i/axi_quad_spi_0/U0/NO_DUAL_QUAD_MODE.QSPI_NORMAL/QSPI_LEGACY_MD_GEN.QSPI_CORE_INTERFACE_I/FIFO_EXISTS.TX_FIFO_II/gnuram_async_fifo.xpm_fifo_base_inst/gen_cdc_pntr.wr_pntr_cdc_inst/dest_graysync_ff_reg[0][1]/D
                            (rising edge-triggered cell FDRE clocked by clk_out1_Block_top_clk_wiz_1_0_1)
  Reference Source:       Block_top_i/axi_quad_spi_0/U0/NO_DUAL_QUAD_MODE.QSPI_NORMAL/QSPI_LEGACY_MD_GEN.QSPI_CORE_INTERFACE_I/FIFO_EXISTS.TX_FIFO_II/gnuram_async_fifo.xpm_fifo_base_inst/gen_cdc_pntr.wr_pntr_cdc_inst/src_gray_ff_reg[0]/C
                            (rising edge-triggered cell FDRE clocked by clk_pll_i_1)
  Reference Destination:  Block_top_i/axi_quad_spi_0/U0/NO_DUAL_QUAD_MODE.QSPI_NORMAL/QSPI_LEGACY_MD_GEN.QSPI_CORE_INTERFACE_I/FIFO_EXISTS.TX_FIFO_II/gnuram_async_fifo.xpm_fifo_base_inst/gen_cdc_pntr.wr_pntr_cdc_inst/dest_graysync_ff_reg[0][0]/D
                            (rising edge-triggered cell FDRE clocked by clk_out1_Block_top_clk_wiz_1_0_1)
  Path Type:              Bus Skew (Max at Slow Process Corner)
  Requirement:            10.000ns
  Endpoint Relative Delay:    1.601ns
  Reference Relative Delay:   0.307ns
  Relative CRPR:              0.721ns
  Actual Bus Skew:            0.573ns  (Endpoint Relative Delay - Reference Relative Delay - Relative CRPR)

Endpoint path:
    Pin Reuse     Location             Delay type                Incr(ns)  Path(ns)    Netlist Resource(s)
  ---------------------------------------------------------------------------------    -------------------
                                       (clock clk_pll_i_1 rise edge)
                                                                    0.000     0.000 r  
                  N14                                               0.000     0.000 r  clk (IN)
                                       net (fo=0)                   0.000     0.000    Block_top_i/clk_wiz_0/inst/clk_in1
                  N14                  IBUF (Prop_ibuf_I_O)         1.448     1.448 r  Block_top_i/clk_wiz_0/inst/clkin1_ibufg/O
                                       net (fo=1, routed)           1.065     2.513    Block_top_i/clk_wiz_0/inst/clk_in1_Block_top_clk_wiz_0_0
                  MMCME2_ADV_X0Y0      MMCME2_ADV (Prop_mmcme2_adv_CLKIN1_CLKOUT0)
                                                                   -5.924    -3.412 r  Block_top_i/clk_wiz_0/inst/mmcm_adv_inst/CLKOUT0
                                       net (fo=1, routed)           1.425    -1.987    Block_top_i/clk_wiz_0/inst/clk_100_Block_top_clk_wiz_0_0
                  BUFGCTRL_X0Y1        BUFG (Prop_bufg_I_O)         0.081    -1.906 r  Block_top_i/clk_wiz_0/inst/clkout1_buf/O
                                       net (fo=1, routed)           1.393    -0.513    Block_top_i/mig_axi_wrapper_0/inst/mig_inst/u_mig_7series_0_mig/u_ddr3_infrastructure/mmcm_clk
                  PLLE2_ADV_X0Y1       PLLE2_ADV (Prop_plle2_adv_CLKIN1_CLKOUT3)
                                                                    0.077    -0.436 r  Block_top_i/mig_axi_wrapper_0/inst/mig_inst/u_mig_7series_0_mig/u_ddr3_infrastructure/plle2_i/CLKOUT3
                                       net (fo=1, routed)           1.066     0.630    Block_top_i/mig_axi_wrapper_0/inst/mig_inst/u_mig_7series_0_mig/u_ddr3_infrastructure/pll_clk3_out
                  BUFHCE_X0Y12         BUFH (Prop_bufh_I_O)         0.106     0.736 r  Block_top_i/mig_axi_wrapper_0/inst/mig_inst/u_mig_7series_0_mig/u_ddr3_infrastructure/u_bufh_pll_clk3/O
                                       net (fo=1, routed)           0.701     1.437    Block_top_i/mig_axi_wrapper_0/inst/mig_inst/u_mig_7series_0_mig/u_ddr3_infrastructure/pll_clk3
                  MMCME2_ADV_X0Y1      MMCME2_ADV (Prop_mmcme2_adv_CLKIN1_CLKFBOUT)
                                                                   -2.877    -1.440 r  Block_top_i/mig_axi_wrapper_0/inst/mig_inst/u_mig_7series_0_mig/u_ddr3_infrastructure/gen_mmcm.mmcm_i/CLKFBOUT
                                       net (fo=1, routed)           1.425    -0.015    Block_top_i/mig_axi_wrapper_0/inst/mig_inst/u_mig_7series_0_mig/u_ddr3_infrastructure/clk_pll_i
                  BUFGCTRL_X0Y16       BUFG (Prop_bufg_I_O)         0.081     0.066 r  Block_top_i/mig_axi_wrapper_0/inst/mig_inst/u_mig_7series_0_mig/u_ddr3_infrastructure/u_bufg_clkdiv0/O
                                       net (fo=18931, routed)       1.423     1.489    Block_top_i/axi_quad_spi_0/U0/NO_DUAL_QUAD_MODE.QSPI_NORMAL/QSPI_LEGACY_MD_GEN.QSPI_CORE_INTERFACE_I/FIFO_EXISTS.TX_FIFO_II/gnuram_async_fifo.xpm_fifo_base_inst/gen_cdc_pntr.wr_pntr_cdc_inst/src_clk
                  SLICE_X58Y24         FDRE                                         r  Block_top_i/axi_quad_spi_0/U0/NO_DUAL_QUAD_MODE.QSPI_NORMAL/QSPI_LEGACY_MD_GEN.QSPI_CORE_INTERFACE_I/FIFO_EXISTS.TX_FIFO_II/gnuram_async_fifo.xpm_fifo_base_inst/gen_cdc_pntr.wr_pntr_cdc_inst/src_gray_ff_reg[1]/C
  ---------------------------------------------------------------------------------    -------------------
    Routing       SLICE_X58Y24         FDRE (Prop_fdre_C_Q)         0.348     1.837 r  Block_top_i/axi_quad_spi_0/U0/NO_DUAL_QUAD_MODE.QSPI_NORMAL/QSPI_LEGACY_MD_GEN.QSPI_CORE_INTERFACE_I/FIFO_EXISTS.TX_FIFO_II/gnuram_async_fifo.xpm_fifo_base_inst/gen_cdc_pntr.wr_pntr_cdc_inst/src_gray_ff_reg[1]/Q
                                       net (fo=1, routed)           0.827     2.664    Block_top_i/axi_quad_spi_0/U0/NO_DUAL_QUAD_MODE.QSPI_NORMAL/QSPI_LEGACY_MD_GEN.QSPI_CORE_INTERFACE_I/FIFO_EXISTS.TX_FIFO_II/gnuram_async_fifo.xpm_fifo_base_inst/gen_cdc_pntr.wr_pntr_cdc_inst/async_path[1]
    Routing       SLICE_X47Y24         FDRE                                         r  Block_top_i/axi_quad_spi_0/U0/NO_DUAL_QUAD_MODE.QSPI_NORMAL/QSPI_LEGACY_MD_GEN.QSPI_CORE_INTERFACE_I/FIFO_EXISTS.TX_FIFO_II/gnuram_async_fifo.xpm_fifo_base_inst/gen_cdc_pntr.wr_pntr_cdc_inst/dest_graysync_ff_reg[0][1]/D
  ---------------------------------------------------------------------------------    -------------------

                                       (clock clk_out1_Block_top_clk_wiz_1_0_1 rise edge)
                                                                    0.000     0.000 r  
                  BUFGCTRL_X0Y16       BUFG                         0.000     0.000 r  Block_top_i/mig_axi_wrapper_0/inst/mig_inst/u_mig_7series_0_mig/u_ddr3_infrastructure/u_bufg_clkdiv0/O
                                       net (fo=18931, routed)       1.287     1.287    Block_top_i/clk_wiz_1/inst/clk_in1
                  MMCME2_ADV_X1Y0      MMCME2_ADV (Prop_mmcme2_adv_CLKIN1_CLKOUT0)
                                                                   -2.714    -1.427 r  Block_top_i/clk_wiz_1/inst/mmcm_adv_inst/CLKOUT0
                                       net (fo=1, routed)           1.352    -0.075    Block_top_i/clk_wiz_1/inst/clk_out1_Block_top_clk_wiz_1_0
                  BUFGCTRL_X0Y3        BUFG (Prop_bufg_I_O)         0.077     0.002 r  Block_top_i/clk_wiz_1/inst/clkout1_buf/O
                                       net (fo=316, routed)         1.245     1.247    Block_top_i/axi_quad_spi_0/U0/NO_DUAL_QUAD_MODE.QSPI_NORMAL/QSPI_LEGACY_MD_GEN.QSPI_CORE_INTERFACE_I/FIFO_EXISTS.TX_FIFO_II/gnuram_async_fifo.xpm_fifo_base_inst/gen_cdc_pntr.wr_pntr_cdc_inst/dest_clk
                  SLICE_X47Y24         FDRE                                         r  Block_top_i/axi_quad_spi_0/U0/NO_DUAL_QUAD_MODE.QSPI_NORMAL/QSPI_LEGACY_MD_GEN.QSPI_CORE_INTERFACE_I/FIFO_EXISTS.TX_FIFO_II/gnuram_async_fifo.xpm_fifo_base_inst/gen_cdc_pntr.wr_pntr_cdc_inst/dest_graysync_ff_reg[0][1]/C
                                       clock pessimism              0.000     1.247    
                  SLICE_X47Y24         FDRE (Setup_fdre_C_D)       -0.184     1.063    Block_top_i/axi_quad_spi_0/U0/NO_DUAL_QUAD_MODE.QSPI_NORMAL/QSPI_LEGACY_MD_GEN.QSPI_CORE_INTERFACE_I/FIFO_EXISTS.TX_FIFO_II/gnuram_async_fifo.xpm_fifo_base_inst/gen_cdc_pntr.wr_pntr_cdc_inst/dest_graysync_ff_reg[0][1]
  ---------------------------------------------------------------------------------
                                       data arrival                           2.664    
                                       clock arrival                          1.063    
  ---------------------------------------------------------------------------------
                                       relative delay                         1.601    

Reference path:
    Pin Reuse     Location             Delay type                Incr(ns)  Path(ns)    Netlist Resource(s)
  ---------------------------------------------------------------------------------    -------------------
                                       (clock clk_pll_i_1 rise edge)
                                                                    0.000     0.000 r  
                  N14                                               0.000     0.000 r  clk (IN)
                                       net (fo=0)                   0.000     0.000    Block_top_i/clk_wiz_0/inst/clk_in1
                  N14                  IBUF (Prop_ibuf_I_O)         1.381     1.381 r  Block_top_i/clk_wiz_0/inst/clkin1_ibufg/O
                                       net (fo=1, routed)           1.004     2.385    Block_top_i/clk_wiz_0/inst/clk_in1_Block_top_clk_wiz_0_0
                  MMCME2_ADV_X0Y0      MMCME2_ADV (Prop_mmcme2_adv_CLKIN1_CLKOUT0)
                                                                   -6.061    -3.676 r  Block_top_i/clk_wiz_0/inst/mmcm_adv_inst/CLKOUT0
                                       net (fo=1, routed)           1.357    -2.319    Block_top_i/clk_wiz_0/inst/clk_100_Block_top_clk_wiz_0_0
                  BUFGCTRL_X0Y1        BUFG (Prop_bufg_I_O)         0.077    -2.242 r  Block_top_i/clk_wiz_0/inst/clkout1_buf/O
                                       net (fo=1, routed)           1.289    -0.953    Block_top_i/mig_axi_wrapper_0/inst/mig_inst/u_mig_7series_0_mig/u_ddr3_infrastructure/mmcm_clk
                  PLLE2_ADV_X0Y1       PLLE2_ADV (Prop_plle2_adv_CLKIN1_CLKOUT3)
                                                                    0.073    -0.880 r  Block_top_i/mig_axi_wrapper_0/inst/mig_inst/u_mig_7series_0_mig/u_ddr3_infrastructure/plle2_i/CLKOUT3
                                       net (fo=1, routed)           0.934     0.054    Block_top_i/mig_axi_wrapper_0/inst/mig_inst/u_mig_7series_0_mig/u_ddr3_infrastructure/pll_clk3_out
                  BUFHCE_X0Y12         BUFH (Prop_bufh_I_O)         0.069     0.123 r  Block_top_i/mig_axi_wrapper_0/inst/mig_inst/u_mig_7series_0_mig/u_ddr3_infrastructure/u_bufh_pll_clk3/O
                                       net (fo=1, routed)           0.663     0.786    Block_top_i/mig_axi_wrapper_0/inst/mig_inst/u_mig_7series_0_mig/u_ddr3_infrastructure/pll_clk3
                  MMCME2_ADV_X0Y1      MMCME2_ADV (Prop_mmcme2_adv_CLKIN1_CLKFBOUT)
                                                                   -2.703    -1.916 r  Block_top_i/mig_axi_wrapper_0/inst/mig_inst/u_mig_7series_0_mig/u_ddr3_infrastructure/gen_mmcm.mmcm_i/CLKFBOUT
                                       net (fo=1, routed)           1.357    -0.559    Block_top_i/mig_axi_wrapper_0/inst/mig_inst/u_mig_7series_0_mig/u_ddr3_infrastructure/clk_pll_i
                  BUFGCTRL_X0Y16       BUFG (Prop_bufg_I_O)         0.077    -0.482 r  Block_top_i/mig_axi_wrapper_0/inst/mig_inst/u_mig_7series_0_mig/u_ddr3_infrastructure/u_bufg_clkdiv0/O
                                       net (fo=18931, routed)       1.317     0.835    Block_top_i/axi_quad_spi_0/U0/NO_DUAL_QUAD_MODE.QSPI_NORMAL/QSPI_LEGACY_MD_GEN.QSPI_CORE_INTERFACE_I/FIFO_EXISTS.TX_FIFO_II/gnuram_async_fifo.xpm_fifo_base_inst/gen_cdc_pntr.wr_pntr_cdc_inst/src_clk
                  SLICE_X58Y24         FDRE                                         r  Block_top_i/axi_quad_spi_0/U0/NO_DUAL_QUAD_MODE.QSPI_NORMAL/QSPI_LEGACY_MD_GEN.QSPI_CORE_INTERFACE_I/FIFO_EXISTS.TX_FIFO_II/gnuram_async_fifo.xpm_fifo_base_inst/gen_cdc_pntr.wr_pntr_cdc_inst/src_gray_ff_reg[0]/C
  ---------------------------------------------------------------------------------    -------------------
    Routing       SLICE_X58Y24         FDRE (Prop_fdre_C_Q)         0.304     1.139 r  Block_top_i/axi_quad_spi_0/U0/NO_DUAL_QUAD_MODE.QSPI_NORMAL/QSPI_LEGACY_MD_GEN.QSPI_CORE_INTERFACE_I/FIFO_EXISTS.TX_FIFO_II/gnuram_async_fifo.xpm_fifo_base_inst/gen_cdc_pntr.wr_pntr_cdc_inst/src_gray_ff_reg[0]/Q
                                       net (fo=1, routed)           0.687     1.826    Block_top_i/axi_quad_spi_0/U0/NO_DUAL_QUAD_MODE.QSPI_NORMAL/QSPI_LEGACY_MD_GEN.QSPI_CORE_INTERFACE_I/FIFO_EXISTS.TX_FIFO_II/gnuram_async_fifo.xpm_fifo_base_inst/gen_cdc_pntr.wr_pntr_cdc_inst/async_path[0]
    Routing       SLICE_X51Y22         FDRE                                         r  Block_top_i/axi_quad_spi_0/U0/NO_DUAL_QUAD_MODE.QSPI_NORMAL/QSPI_LEGACY_MD_GEN.QSPI_CORE_INTERFACE_I/FIFO_EXISTS.TX_FIFO_II/gnuram_async_fifo.xpm_fifo_base_inst/gen_cdc_pntr.wr_pntr_cdc_inst/dest_graysync_ff_reg[0][0]/D
  ---------------------------------------------------------------------------------    -------------------

                                       (clock clk_out1_Block_top_clk_wiz_1_0_1 rise edge)
                                                                    0.000     0.000 r  
                  BUFGCTRL_X0Y16       BUFG                         0.000     0.000 r  Block_top_i/mig_axi_wrapper_0/inst/mig_inst/u_mig_7series_0_mig/u_ddr3_infrastructure/u_bufg_clkdiv0/O
                                       net (fo=18931, routed)       1.392     1.392    Block_top_i/clk_wiz_1/inst/clk_in1
                  MMCME2_ADV_X1Y0      MMCME2_ADV (Prop_mmcme2_adv_CLKIN1_CLKOUT0)
                                                                   -2.890    -1.499 r  Block_top_i/clk_wiz_1/inst/mmcm_adv_inst/CLKOUT0
                                       net (fo=1, routed)           1.421    -0.078    Block_top_i/clk_wiz_1/inst/clk_out1_Block_top_clk_wiz_1_0
                  BUFGCTRL_X0Y3        BUFG (Prop_bufg_I_O)         0.081     0.003 r  Block_top_i/clk_wiz_1/inst/clkout1_buf/O
                                       net (fo=316, routed)         1.358     1.361    Block_top_i/axi_quad_spi_0/U0/NO_DUAL_QUAD_MODE.QSPI_NORMAL/QSPI_LEGACY_MD_GEN.QSPI_CORE_INTERFACE_I/FIFO_EXISTS.TX_FIFO_II/gnuram_async_fifo.xpm_fifo_base_inst/gen_cdc_pntr.wr_pntr_cdc_inst/dest_clk
                  SLICE_X51Y22         FDRE                                         r  Block_top_i/axi_quad_spi_0/U0/NO_DUAL_QUAD_MODE.QSPI_NORMAL/QSPI_LEGACY_MD_GEN.QSPI_CORE_INTERFACE_I/FIFO_EXISTS.TX_FIFO_II/gnuram_async_fifo.xpm_fifo_base_inst/gen_cdc_pntr.wr_pntr_cdc_inst/dest_graysync_ff_reg[0][0]/C
                                       clock pessimism              0.000     1.361    
                  SLICE_X51Y22         FDRE (Hold_fdre_C_D)         0.158     1.519    Block_top_i/axi_quad_spi_0/U0/NO_DUAL_QUAD_MODE.QSPI_NORMAL/QSPI_LEGACY_MD_GEN.QSPI_CORE_INTERFACE_I/FIFO_EXISTS.TX_FIFO_II/gnuram_async_fifo.xpm_fifo_base_inst/gen_cdc_pntr.wr_pntr_cdc_inst/dest_graysync_ff_reg[0][0]
  ---------------------------------------------------------------------------------
                                       data arrival                           1.826    
                                       clock arrival                          1.519    
  ---------------------------------------------------------------------------------
                                       relative delay                         0.307    



Id: 5
set_bus_skew -from [get_cells [list {Block_top_i/axi_quad_spi_0/U0/NO_DUAL_QUAD_MODE.QSPI_NORMAL/QSPI_LEGACY_MD_GEN.QSPI_CORE_INTERFACE_I/FIFO_EXISTS.TX_FIFO_II/gnuram_async_fifo.xpm_fifo_base_inst/gen_cdc_pntr.wr_pntr_cdc_dc_inst/src_gray_ff_reg[0]} {Block_top_i/axi_quad_spi_0/U0/NO_DUAL_QUAD_MODE.QSPI_NORMAL/QSPI_LEGACY_MD_GEN.QSPI_CORE_INTERFACE_I/FIFO_EXISTS.TX_FIFO_II/gnuram_async_fifo.xpm_fifo_base_inst/gen_cdc_pntr.wr_pntr_cdc_dc_inst/src_gray_ff_reg[1]} {Block_top_i/axi_quad_spi_0/U0/NO_DUAL_QUAD_MODE.QSPI_NORMAL/QSPI_LEGACY_MD_GEN.QSPI_CORE_INTERFACE_I/FIFO_EXISTS.TX_FIFO_II/gnuram_async_fifo.xpm_fifo_base_inst/gen_cdc_pntr.wr_pntr_cdc_dc_inst/src_gray_ff_reg[2]} {Block_top_i/axi_quad_spi_0/U0/NO_DUAL_QUAD_MODE.QSPI_NORMAL/QSPI_LEGACY_MD_GEN.QSPI_CORE_INTERFACE_I/FIFO_EXISTS.TX_FIFO_II/gnuram_async_fifo.xpm_fifo_base_inst/gen_cdc_pntr.wr_pntr_cdc_dc_inst/src_gray_ff_reg[3]} {Block_top_i/axi_quad_spi_0/U0/NO_DUAL_QUAD_MODE.QSPI_NORMAL/QSPI_LEGACY_MD_GEN.QSPI_CORE_INTERFACE_I/FIFO_EXISTS.TX_FIFO_II/gnuram_async_fifo.xpm_fifo_base_inst/gen_cdc_pntr.wr_pntr_cdc_dc_inst/src_gray_ff_reg[4]}]] -to [get_cells [list {Block_top_i/axi_quad_spi_0/U0/NO_DUAL_QUAD_MODE.QSPI_NORMAL/QSPI_LEGACY_MD_GEN.QSPI_CORE_INTERFACE_I/FIFO_EXISTS.TX_FIFO_II/gnuram_async_fifo.xpm_fifo_base_inst/gen_cdc_pntr.wr_pntr_cdc_dc_inst/dest_graysync_ff_reg[0][0]} {Block_top_i/axi_quad_spi_0/U0/NO_DUAL_QUAD_MODE.QSPI_NORMAL/QSPI_LEGACY_MD_GEN.QSPI_CORE_INTERFACE_I/FIFO_EXISTS.TX_FIFO_II/gnuram_async_fifo.xpm_fifo_base_inst/gen_cdc_pntr.wr_pntr_cdc_dc_inst/dest_graysync_ff_reg[0][1]} {Block_top_i/axi_quad_spi_0/U0/NO_DUAL_QUAD_MODE.QSPI_NORMAL/QSPI_LEGACY_MD_GEN.QSPI_CORE_INTERFACE_I/FIFO_EXISTS.TX_FIFO_II/gnuram_async_fifo.xpm_fifo_base_inst/gen_cdc_pntr.wr_pntr_cdc_dc_inst/dest_graysync_ff_reg[0][2]} {Block_top_i/axi_quad_spi_0/U0/NO_DUAL_QUAD_MODE.QSPI_NORMAL/QSPI_LEGACY_MD_GEN.QSPI_CORE_INTERFACE_I/FIFO_EXISTS.TX_FIFO_II/gnuram_async_fifo.xpm_fifo_base_inst/gen_cdc_pntr.wr_pntr_cdc_dc_inst/dest_graysync_ff_reg[0][3]} {Block_top_i/axi_quad_spi_0/U0/NO_DUAL_QUAD_MODE.QSPI_NORMAL/QSPI_LEGACY_MD_GEN.QSPI_CORE_INTERFACE_I/FIFO_EXISTS.TX_FIFO_II/gnuram_async_fifo.xpm_fifo_base_inst/gen_cdc_pntr.wr_pntr_cdc_dc_inst/dest_graysync_ff_reg[0][4]}]] 10.000
Requirement: 10.000ns
Endpoints: 5

From Clock            To Clock              Endpoint Pin                    Reference Pin                   Corner  Actual(ns)  Slack(ns)
--------------------  --------------------  ------------------------------  ------------------------------  ------  ----------  ---------
clk_pll_i_1           clk_out1_Block_top_clk_wiz_1_0_1
                                            Block_top_i/axi_quad_spi_0/U0/NO_DUAL_QUAD_MODE.QSPI_NORMAL/QSPI_LEGACY_MD_GEN.QSPI_CORE_INTERFACE_I/FIFO_EXISTS.TX_FIFO_II/gnuram_async_fifo.xpm_fifo_base_inst/gen_cdc_pntr.wr_pntr_cdc_dc_inst/dest_graysync_ff_reg[0][3]/D
                                                                            Block_top_i/axi_quad_spi_0/U0/NO_DUAL_QUAD_MODE.QSPI_NORMAL/QSPI_LEGACY_MD_GEN.QSPI_CORE_INTERFACE_I/FIFO_EXISTS.TX_FIFO_II/gnuram_async_fifo.xpm_fifo_base_inst/gen_cdc_pntr.wr_pntr_cdc_dc_inst/dest_graysync_ff_reg[0][0]/D
                                                                                                            Slow         0.981      9.019


Slack (MET) :             9.019ns  (requirement - actual skew)
  Endpoint Source:        Block_top_i/axi_quad_spi_0/U0/NO_DUAL_QUAD_MODE.QSPI_NORMAL/QSPI_LEGACY_MD_GEN.QSPI_CORE_INTERFACE_I/FIFO_EXISTS.TX_FIFO_II/gnuram_async_fifo.xpm_fifo_base_inst/gen_cdc_pntr.wr_pntr_cdc_dc_inst/src_gray_ff_reg[3]/C
                            (rising edge-triggered cell FDRE clocked by clk_pll_i_1)
  Endpoint Destination:   Block_top_i/axi_quad_spi_0/U0/NO_DUAL_QUAD_MODE.QSPI_NORMAL/QSPI_LEGACY_MD_GEN.QSPI_CORE_INTERFACE_I/FIFO_EXISTS.TX_FIFO_II/gnuram_async_fifo.xpm_fifo_base_inst/gen_cdc_pntr.wr_pntr_cdc_dc_inst/dest_graysync_ff_reg[0][3]/D
                            (rising edge-triggered cell FDRE clocked by clk_out1_Block_top_clk_wiz_1_0_1)
  Reference Source:       Block_top_i/axi_quad_spi_0/U0/NO_DUAL_QUAD_MODE.QSPI_NORMAL/QSPI_LEGACY_MD_GEN.QSPI_CORE_INTERFACE_I/FIFO_EXISTS.TX_FIFO_II/gnuram_async_fifo.xpm_fifo_base_inst/gen_cdc_pntr.wr_pntr_cdc_dc_inst/src_gray_ff_reg[0]/C
                            (rising edge-triggered cell FDRE clocked by clk_pll_i_1)
  Reference Destination:  Block_top_i/axi_quad_spi_0/U0/NO_DUAL_QUAD_MODE.QSPI_NORMAL/QSPI_LEGACY_MD_GEN.QSPI_CORE_INTERFACE_I/FIFO_EXISTS.TX_FIFO_II/gnuram_async_fifo.xpm_fifo_base_inst/gen_cdc_pntr.wr_pntr_cdc_dc_inst/dest_graysync_ff_reg[0][0]/D
                            (rising edge-triggered cell FDRE clocked by clk_out1_Block_top_clk_wiz_1_0_1)
  Path Type:              Bus Skew (Max at Slow Process Corner)
  Requirement:            10.000ns
  Endpoint Relative Delay:    1.805ns
  Reference Relative Delay:   0.143ns
  Relative CRPR:              0.682ns
  Actual Bus Skew:            0.981ns  (Endpoint Relative Delay - Reference Relative Delay - Relative CRPR)

Endpoint path:
    Pin Reuse     Location             Delay type                Incr(ns)  Path(ns)    Netlist Resource(s)
  ---------------------------------------------------------------------------------    -------------------
                                       (clock clk_pll_i_1 rise edge)
                                                                    0.000     0.000 r  
                  N14                                               0.000     0.000 r  clk (IN)
                                       net (fo=0)                   0.000     0.000    Block_top_i/clk_wiz_0/inst/clk_in1
                  N14                  IBUF (Prop_ibuf_I_O)         1.448     1.448 r  Block_top_i/clk_wiz_0/inst/clkin1_ibufg/O
                                       net (fo=1, routed)           1.065     2.513    Block_top_i/clk_wiz_0/inst/clk_in1_Block_top_clk_wiz_0_0
                  MMCME2_ADV_X0Y0      MMCME2_ADV (Prop_mmcme2_adv_CLKIN1_CLKOUT0)
                                                                   -5.924    -3.412 r  Block_top_i/clk_wiz_0/inst/mmcm_adv_inst/CLKOUT0
                                       net (fo=1, routed)           1.425    -1.987    Block_top_i/clk_wiz_0/inst/clk_100_Block_top_clk_wiz_0_0
                  BUFGCTRL_X0Y1        BUFG (Prop_bufg_I_O)         0.081    -1.906 r  Block_top_i/clk_wiz_0/inst/clkout1_buf/O
                                       net (fo=1, routed)           1.393    -0.513    Block_top_i/mig_axi_wrapper_0/inst/mig_inst/u_mig_7series_0_mig/u_ddr3_infrastructure/mmcm_clk
                  PLLE2_ADV_X0Y1       PLLE2_ADV (Prop_plle2_adv_CLKIN1_CLKOUT3)
                                                                    0.077    -0.436 r  Block_top_i/mig_axi_wrapper_0/inst/mig_inst/u_mig_7series_0_mig/u_ddr3_infrastructure/plle2_i/CLKOUT3
                                       net (fo=1, routed)           1.066     0.630    Block_top_i/mig_axi_wrapper_0/inst/mig_inst/u_mig_7series_0_mig/u_ddr3_infrastructure/pll_clk3_out
                  BUFHCE_X0Y12         BUFH (Prop_bufh_I_O)         0.106     0.736 r  Block_top_i/mig_axi_wrapper_0/inst/mig_inst/u_mig_7series_0_mig/u_ddr3_infrastructure/u_bufh_pll_clk3/O
                                       net (fo=1, routed)           0.701     1.437    Block_top_i/mig_axi_wrapper_0/inst/mig_inst/u_mig_7series_0_mig/u_ddr3_infrastructure/pll_clk3
                  MMCME2_ADV_X0Y1      MMCME2_ADV (Prop_mmcme2_adv_CLKIN1_CLKFBOUT)
                                                                   -2.877    -1.440 r  Block_top_i/mig_axi_wrapper_0/inst/mig_inst/u_mig_7series_0_mig/u_ddr3_infrastructure/gen_mmcm.mmcm_i/CLKFBOUT
                                       net (fo=1, routed)           1.425    -0.015    Block_top_i/mig_axi_wrapper_0/inst/mig_inst/u_mig_7series_0_mig/u_ddr3_infrastructure/clk_pll_i
                  BUFGCTRL_X0Y16       BUFG (Prop_bufg_I_O)         0.081     0.066 r  Block_top_i/mig_axi_wrapper_0/inst/mig_inst/u_mig_7series_0_mig/u_ddr3_infrastructure/u_bufg_clkdiv0/O
                                       net (fo=18931, routed)       1.423     1.489    Block_top_i/axi_quad_spi_0/U0/NO_DUAL_QUAD_MODE.QSPI_NORMAL/QSPI_LEGACY_MD_GEN.QSPI_CORE_INTERFACE_I/FIFO_EXISTS.TX_FIFO_II/gnuram_async_fifo.xpm_fifo_base_inst/gen_cdc_pntr.wr_pntr_cdc_dc_inst/src_clk
                  SLICE_X58Y24         FDRE                                         r  Block_top_i/axi_quad_spi_0/U0/NO_DUAL_QUAD_MODE.QSPI_NORMAL/QSPI_LEGACY_MD_GEN.QSPI_CORE_INTERFACE_I/FIFO_EXISTS.TX_FIFO_II/gnuram_async_fifo.xpm_fifo_base_inst/gen_cdc_pntr.wr_pntr_cdc_dc_inst/src_gray_ff_reg[3]/C
  ---------------------------------------------------------------------------------    -------------------
    Routing       SLICE_X58Y24         FDRE (Prop_fdre_C_Q)         0.348     1.837 r  Block_top_i/axi_quad_spi_0/U0/NO_DUAL_QUAD_MODE.QSPI_NORMAL/QSPI_LEGACY_MD_GEN.QSPI_CORE_INTERFACE_I/FIFO_EXISTS.TX_FIFO_II/gnuram_async_fifo.xpm_fifo_base_inst/gen_cdc_pntr.wr_pntr_cdc_dc_inst/src_gray_ff_reg[3]/Q
                                       net (fo=1, routed)           1.035     2.872    Block_top_i/axi_quad_spi_0/U0/NO_DUAL_QUAD_MODE.QSPI_NORMAL/QSPI_LEGACY_MD_GEN.QSPI_CORE_INTERFACE_I/FIFO_EXISTS.TX_FIFO_II/gnuram_async_fifo.xpm_fifo_base_inst/gen_cdc_pntr.wr_pntr_cdc_dc_inst/async_path[3]
    Routing       SLICE_X40Y28         FDRE                                         r  Block_top_i/axi_quad_spi_0/U0/NO_DUAL_QUAD_MODE.QSPI_NORMAL/QSPI_LEGACY_MD_GEN.QSPI_CORE_INTERFACE_I/FIFO_EXISTS.TX_FIFO_II/gnuram_async_fifo.xpm_fifo_base_inst/gen_cdc_pntr.wr_pntr_cdc_dc_inst/dest_graysync_ff_reg[0][3]/D
  ---------------------------------------------------------------------------------    -------------------

                                       (clock clk_out1_Block_top_clk_wiz_1_0_1 rise edge)
                                                                    0.000     0.000 r  
                  BUFGCTRL_X0Y16       BUFG                         0.000     0.000 r  Block_top_i/mig_axi_wrapper_0/inst/mig_inst/u_mig_7series_0_mig/u_ddr3_infrastructure/u_bufg_clkdiv0/O
                                       net (fo=18931, routed)       1.287     1.287    Block_top_i/clk_wiz_1/inst/clk_in1
                  MMCME2_ADV_X1Y0      MMCME2_ADV (Prop_mmcme2_adv_CLKIN1_CLKOUT0)
                                                                   -2.714    -1.427 r  Block_top_i/clk_wiz_1/inst/mmcm_adv_inst/CLKOUT0
                                       net (fo=1, routed)           1.352    -0.075    Block_top_i/clk_wiz_1/inst/clk_out1_Block_top_clk_wiz_1_0
                  BUFGCTRL_X0Y3        BUFG (Prop_bufg_I_O)         0.077     0.002 r  Block_top_i/clk_wiz_1/inst/clkout1_buf/O
                                       net (fo=316, routed)         1.247     1.249    Block_top_i/axi_quad_spi_0/U0/NO_DUAL_QUAD_MODE.QSPI_NORMAL/QSPI_LEGACY_MD_GEN.QSPI_CORE_INTERFACE_I/FIFO_EXISTS.TX_FIFO_II/gnuram_async_fifo.xpm_fifo_base_inst/gen_cdc_pntr.wr_pntr_cdc_dc_inst/dest_clk
                  SLICE_X40Y28         FDRE                                         r  Block_top_i/axi_quad_spi_0/U0/NO_DUAL_QUAD_MODE.QSPI_NORMAL/QSPI_LEGACY_MD_GEN.QSPI_CORE_INTERFACE_I/FIFO_EXISTS.TX_FIFO_II/gnuram_async_fifo.xpm_fifo_base_inst/gen_cdc_pntr.wr_pntr_cdc_dc_inst/dest_graysync_ff_reg[0][3]/C
                                       clock pessimism              0.000     1.249    
                  SLICE_X40Y28         FDRE (Setup_fdre_C_D)       -0.182     1.067    Block_top_i/axi_quad_spi_0/U0/NO_DUAL_QUAD_MODE.QSPI_NORMAL/QSPI_LEGACY_MD_GEN.QSPI_CORE_INTERFACE_I/FIFO_EXISTS.TX_FIFO_II/gnuram_async_fifo.xpm_fifo_base_inst/gen_cdc_pntr.wr_pntr_cdc_dc_inst/dest_graysync_ff_reg[0][3]
  ---------------------------------------------------------------------------------
                                       data arrival                           2.872    
                                       clock arrival                          1.067    
  ---------------------------------------------------------------------------------
                                       relative delay                         1.805    

Reference path:
    Pin Reuse     Location             Delay type                Incr(ns)  Path(ns)    Netlist Resource(s)
  ---------------------------------------------------------------------------------    -------------------
                                       (clock clk_pll_i_1 rise edge)
                                                                    0.000     0.000 r  
                  N14                                               0.000     0.000 r  clk (IN)
                                       net (fo=0)                   0.000     0.000    Block_top_i/clk_wiz_0/inst/clk_in1
                  N14                  IBUF (Prop_ibuf_I_O)         1.381     1.381 r  Block_top_i/clk_wiz_0/inst/clkin1_ibufg/O
                                       net (fo=1, routed)           1.004     2.385    Block_top_i/clk_wiz_0/inst/clk_in1_Block_top_clk_wiz_0_0
                  MMCME2_ADV_X0Y0      MMCME2_ADV (Prop_mmcme2_adv_CLKIN1_CLKOUT0)
                                                                   -6.061    -3.676 r  Block_top_i/clk_wiz_0/inst/mmcm_adv_inst/CLKOUT0
                                       net (fo=1, routed)           1.357    -2.319    Block_top_i/clk_wiz_0/inst/clk_100_Block_top_clk_wiz_0_0
                  BUFGCTRL_X0Y1        BUFG (Prop_bufg_I_O)         0.077    -2.242 r  Block_top_i/clk_wiz_0/inst/clkout1_buf/O
                                       net (fo=1, routed)           1.289    -0.953    Block_top_i/mig_axi_wrapper_0/inst/mig_inst/u_mig_7series_0_mig/u_ddr3_infrastructure/mmcm_clk
                  PLLE2_ADV_X0Y1       PLLE2_ADV (Prop_plle2_adv_CLKIN1_CLKOUT3)
                                                                    0.073    -0.880 r  Block_top_i/mig_axi_wrapper_0/inst/mig_inst/u_mig_7series_0_mig/u_ddr3_infrastructure/plle2_i/CLKOUT3
                                       net (fo=1, routed)           0.934     0.054    Block_top_i/mig_axi_wrapper_0/inst/mig_inst/u_mig_7series_0_mig/u_ddr3_infrastructure/pll_clk3_out
                  BUFHCE_X0Y12         BUFH (Prop_bufh_I_O)         0.069     0.123 r  Block_top_i/mig_axi_wrapper_0/inst/mig_inst/u_mig_7series_0_mig/u_ddr3_infrastructure/u_bufh_pll_clk3/O
                                       net (fo=1, routed)           0.663     0.786    Block_top_i/mig_axi_wrapper_0/inst/mig_inst/u_mig_7series_0_mig/u_ddr3_infrastructure/pll_clk3
                  MMCME2_ADV_X0Y1      MMCME2_ADV (Prop_mmcme2_adv_CLKIN1_CLKFBOUT)
                                                                   -2.703    -1.916 r  Block_top_i/mig_axi_wrapper_0/inst/mig_inst/u_mig_7series_0_mig/u_ddr3_infrastructure/gen_mmcm.mmcm_i/CLKFBOUT
                                       net (fo=1, routed)           1.357    -0.559    Block_top_i/mig_axi_wrapper_0/inst/mig_inst/u_mig_7series_0_mig/u_ddr3_infrastructure/clk_pll_i
                  BUFGCTRL_X0Y16       BUFG (Prop_bufg_I_O)         0.077    -0.482 r  Block_top_i/mig_axi_wrapper_0/inst/mig_inst/u_mig_7series_0_mig/u_ddr3_infrastructure/u_bufg_clkdiv0/O
                                       net (fo=18931, routed)       1.251     0.769    Block_top_i/axi_quad_spi_0/U0/NO_DUAL_QUAD_MODE.QSPI_NORMAL/QSPI_LEGACY_MD_GEN.QSPI_CORE_INTERFACE_I/FIFO_EXISTS.TX_FIFO_II/gnuram_async_fifo.xpm_fifo_base_inst/gen_cdc_pntr.wr_pntr_cdc_dc_inst/src_clk
                  SLICE_X56Y25         FDRE                                         r  Block_top_i/axi_quad_spi_0/U0/NO_DUAL_QUAD_MODE.QSPI_NORMAL/QSPI_LEGACY_MD_GEN.QSPI_CORE_INTERFACE_I/FIFO_EXISTS.TX_FIFO_II/gnuram_async_fifo.xpm_fifo_base_inst/gen_cdc_pntr.wr_pntr_cdc_dc_inst/src_gray_ff_reg[0]/C
  ---------------------------------------------------------------------------------    -------------------
    Routing       SLICE_X56Y25         FDRE (Prop_fdre_C_Q)         0.347     1.116 r  Block_top_i/axi_quad_spi_0/U0/NO_DUAL_QUAD_MODE.QSPI_NORMAL/QSPI_LEGACY_MD_GEN.QSPI_CORE_INTERFACE_I/FIFO_EXISTS.TX_FIFO_II/gnuram_async_fifo.xpm_fifo_base_inst/gen_cdc_pntr.wr_pntr_cdc_dc_inst/src_gray_ff_reg[0]/Q
                                       net (fo=1, routed)           0.540     1.656    Block_top_i/axi_quad_spi_0/U0/NO_DUAL_QUAD_MODE.QSPI_NORMAL/QSPI_LEGACY_MD_GEN.QSPI_CORE_INTERFACE_I/FIFO_EXISTS.TX_FIFO_II/gnuram_async_fifo.xpm_fifo_base_inst/gen_cdc_pntr.wr_pntr_cdc_dc_inst/async_path[0]
    Routing       SLICE_X47Y26         FDRE                                         r  Block_top_i/axi_quad_spi_0/U0/NO_DUAL_QUAD_MODE.QSPI_NORMAL/QSPI_LEGACY_MD_GEN.QSPI_CORE_INTERFACE_I/FIFO_EXISTS.TX_FIFO_II/gnuram_async_fifo.xpm_fifo_base_inst/gen_cdc_pntr.wr_pntr_cdc_dc_inst/dest_graysync_ff_reg[0][0]/D
  ---------------------------------------------------------------------------------    -------------------

                                       (clock clk_out1_Block_top_clk_wiz_1_0_1 rise edge)
                                                                    0.000     0.000 r  
                  BUFGCTRL_X0Y16       BUFG                         0.000     0.000 r  Block_top_i/mig_axi_wrapper_0/inst/mig_inst/u_mig_7series_0_mig/u_ddr3_infrastructure/u_bufg_clkdiv0/O
                                       net (fo=18931, routed)       1.392     1.392    Block_top_i/clk_wiz_1/inst/clk_in1
                  MMCME2_ADV_X1Y0      MMCME2_ADV (Prop_mmcme2_adv_CLKIN1_CLKOUT0)
                                                                   -2.890    -1.499 r  Block_top_i/clk_wiz_1/inst/mmcm_adv_inst/CLKOUT0
                                       net (fo=1, routed)           1.421    -0.078    Block_top_i/clk_wiz_1/inst/clk_out1_Block_top_clk_wiz_1_0
                  BUFGCTRL_X0Y3        BUFG (Prop_bufg_I_O)         0.081     0.003 r  Block_top_i/clk_wiz_1/inst/clkout1_buf/O
                                       net (fo=316, routed)         1.352     1.355    Block_top_i/axi_quad_spi_0/U0/NO_DUAL_QUAD_MODE.QSPI_NORMAL/QSPI_LEGACY_MD_GEN.QSPI_CORE_INTERFACE_I/FIFO_EXISTS.TX_FIFO_II/gnuram_async_fifo.xpm_fifo_base_inst/gen_cdc_pntr.wr_pntr_cdc_dc_inst/dest_clk
                  SLICE_X47Y26         FDRE                                         r  Block_top_i/axi_quad_spi_0/U0/NO_DUAL_QUAD_MODE.QSPI_NORMAL/QSPI_LEGACY_MD_GEN.QSPI_CORE_INTERFACE_I/FIFO_EXISTS.TX_FIFO_II/gnuram_async_fifo.xpm_fifo_base_inst/gen_cdc_pntr.wr_pntr_cdc_dc_inst/dest_graysync_ff_reg[0][0]/C
                                       clock pessimism              0.000     1.355    
                  SLICE_X47Y26         FDRE (Hold_fdre_C_D)         0.158     1.513    Block_top_i/axi_quad_spi_0/U0/NO_DUAL_QUAD_MODE.QSPI_NORMAL/QSPI_LEGACY_MD_GEN.QSPI_CORE_INTERFACE_I/FIFO_EXISTS.TX_FIFO_II/gnuram_async_fifo.xpm_fifo_base_inst/gen_cdc_pntr.wr_pntr_cdc_dc_inst/dest_graysync_ff_reg[0][0]
  ---------------------------------------------------------------------------------
                                       data arrival                           1.656    
                                       clock arrival                          1.513    
  ---------------------------------------------------------------------------------
                                       relative delay                         0.143    



Id: 6
set_bus_skew -from [get_cells [list {Block_top_i/axi_quad_spi_0/U0/NO_DUAL_QUAD_MODE.QSPI_NORMAL/QSPI_LEGACY_MD_GEN.QSPI_CORE_INTERFACE_I/FIFO_EXISTS.RX_FIFO_II/gnuram_async_fifo.xpm_fifo_base_inst/gen_cdc_pntr.wr_pntr_cdc_dc_inst/src_gray_ff_reg[0]} {Block_top_i/axi_quad_spi_0/U0/NO_DUAL_QUAD_MODE.QSPI_NORMAL/QSPI_LEGACY_MD_GEN.QSPI_CORE_INTERFACE_I/FIFO_EXISTS.RX_FIFO_II/gnuram_async_fifo.xpm_fifo_base_inst/gen_cdc_pntr.wr_pntr_cdc_dc_inst/src_gray_ff_reg[1]} {Block_top_i/axi_quad_spi_0/U0/NO_DUAL_QUAD_MODE.QSPI_NORMAL/QSPI_LEGACY_MD_GEN.QSPI_CORE_INTERFACE_I/FIFO_EXISTS.RX_FIFO_II/gnuram_async_fifo.xpm_fifo_base_inst/gen_cdc_pntr.wr_pntr_cdc_dc_inst/src_gray_ff_reg[2]} {Block_top_i/axi_quad_spi_0/U0/NO_DUAL_QUAD_MODE.QSPI_NORMAL/QSPI_LEGACY_MD_GEN.QSPI_CORE_INTERFACE_I/FIFO_EXISTS.RX_FIFO_II/gnuram_async_fifo.xpm_fifo_base_inst/gen_cdc_pntr.wr_pntr_cdc_dc_inst/src_gray_ff_reg[3]} {Block_top_i/axi_quad_spi_0/U0/NO_DUAL_QUAD_MODE.QSPI_NORMAL/QSPI_LEGACY_MD_GEN.QSPI_CORE_INTERFACE_I/FIFO_EXISTS.RX_FIFO_II/gnuram_async_fifo.xpm_fifo_base_inst/gen_cdc_pntr.wr_pntr_cdc_dc_inst/src_gray_ff_reg[4]}]] -to [get_cells [list {Block_top_i/axi_quad_spi_0/U0/NO_DUAL_QUAD_MODE.QSPI_NORMAL/QSPI_LEGACY_MD_GEN.QSPI_CORE_INTERFACE_I/FIFO_EXISTS.RX_FIFO_II/gnuram_async_fifo.xpm_fifo_base_inst/gen_cdc_pntr.wr_pntr_cdc_dc_inst/dest_graysync_ff_reg[0][0]} {Block_top_i/axi_quad_spi_0/U0/NO_DUAL_QUAD_MODE.QSPI_NORMAL/QSPI_LEGACY_MD_GEN.QSPI_CORE_INTERFACE_I/FIFO_EXISTS.RX_FIFO_II/gnuram_async_fifo.xpm_fifo_base_inst/gen_cdc_pntr.wr_pntr_cdc_dc_inst/dest_graysync_ff_reg[0][1]} {Block_top_i/axi_quad_spi_0/U0/NO_DUAL_QUAD_MODE.QSPI_NORMAL/QSPI_LEGACY_MD_GEN.QSPI_CORE_INTERFACE_I/FIFO_EXISTS.RX_FIFO_II/gnuram_async_fifo.xpm_fifo_base_inst/gen_cdc_pntr.wr_pntr_cdc_dc_inst/dest_graysync_ff_reg[0][2]} {Block_top_i/axi_quad_spi_0/U0/NO_DUAL_QUAD_MODE.QSPI_NORMAL/QSPI_LEGACY_MD_GEN.QSPI_CORE_INTERFACE_I/FIFO_EXISTS.RX_FIFO_II/gnuram_async_fifo.xpm_fifo_base_inst/gen_cdc_pntr.wr_pntr_cdc_dc_inst/dest_graysync_ff_reg[0][3]} {Block_top_i/axi_quad_spi_0/U0/NO_DUAL_QUAD_MODE.QSPI_NORMAL/QSPI_LEGACY_MD_GEN.QSPI_CORE_INTERFACE_I/FIFO_EXISTS.RX_FIFO_II/gnuram_async_fifo.xpm_fifo_base_inst/gen_cdc_pntr.wr_pntr_cdc_dc_inst/dest_graysync_ff_reg[0][4]}]] 10.000
Requirement: 10.000ns
Endpoints: 5

From Clock            To Clock              Endpoint Pin                    Reference Pin                   Corner  Actual(ns)  Slack(ns)
--------------------  --------------------  ------------------------------  ------------------------------  ------  ----------  ---------
clk_out1_Block_top_clk_wiz_1_0_1
                      clk_pll_i_1           Block_top_i/axi_quad_spi_0/U0/NO_DUAL_QUAD_MODE.QSPI_NORMAL/QSPI_LEGACY_MD_GEN.QSPI_CORE_INTERFACE_I/FIFO_EXISTS.RX_FIFO_II/gnuram_async_fifo.xpm_fifo_base_inst/gen_cdc_pntr.wr_pntr_cdc_dc_inst/dest_graysync_ff_reg[0][4]/D
                                                                            Block_top_i/axi_quad_spi_0/U0/NO_DUAL_QUAD_MODE.QSPI_NORMAL/QSPI_LEGACY_MD_GEN.QSPI_CORE_INTERFACE_I/FIFO_EXISTS.RX_FIFO_II/gnuram_async_fifo.xpm_fifo_base_inst/gen_cdc_pntr.wr_pntr_cdc_dc_inst/dest_graysync_ff_reg[0][0]/D
                                                                                                            Slow         0.788      9.212


Slack (MET) :             9.212ns  (requirement - actual skew)
  Endpoint Source:        Block_top_i/axi_quad_spi_0/U0/NO_DUAL_QUAD_MODE.QSPI_NORMAL/QSPI_LEGACY_MD_GEN.QSPI_CORE_INTERFACE_I/FIFO_EXISTS.RX_FIFO_II/gnuram_async_fifo.xpm_fifo_base_inst/gen_cdc_pntr.wr_pntr_cdc_dc_inst/src_gray_ff_reg[4]/C
                            (rising edge-triggered cell FDRE clocked by clk_out1_Block_top_clk_wiz_1_0_1)
  Endpoint Destination:   Block_top_i/axi_quad_spi_0/U0/NO_DUAL_QUAD_MODE.QSPI_NORMAL/QSPI_LEGACY_MD_GEN.QSPI_CORE_INTERFACE_I/FIFO_EXISTS.RX_FIFO_II/gnuram_async_fifo.xpm_fifo_base_inst/gen_cdc_pntr.wr_pntr_cdc_dc_inst/dest_graysync_ff_reg[0][4]/D
                            (rising edge-triggered cell FDRE clocked by clk_pll_i_1)
  Reference Source:       Block_top_i/axi_quad_spi_0/U0/NO_DUAL_QUAD_MODE.QSPI_NORMAL/QSPI_LEGACY_MD_GEN.QSPI_CORE_INTERFACE_I/FIFO_EXISTS.RX_FIFO_II/gnuram_async_fifo.xpm_fifo_base_inst/gen_cdc_pntr.wr_pntr_cdc_dc_inst/src_gray_ff_reg[0]/C
                            (rising edge-triggered cell FDRE clocked by clk_out1_Block_top_clk_wiz_1_0_1)
  Reference Destination:  Block_top_i/axi_quad_spi_0/U0/NO_DUAL_QUAD_MODE.QSPI_NORMAL/QSPI_LEGACY_MD_GEN.QSPI_CORE_INTERFACE_I/FIFO_EXISTS.RX_FIFO_II/gnuram_async_fifo.xpm_fifo_base_inst/gen_cdc_pntr.wr_pntr_cdc_dc_inst/dest_graysync_ff_reg[0][0]/D
                            (rising edge-triggered cell FDRE clocked by clk_pll_i_1)
  Path Type:              Bus Skew (Max at Slow Process Corner)
  Requirement:            10.000ns
  Endpoint Relative Delay:    1.738ns
  Reference Relative Delay:   0.268ns
  Relative CRPR:              0.682ns
  Actual Bus Skew:            0.788ns  (Endpoint Relative Delay - Reference Relative Delay - Relative CRPR)

Endpoint path:
    Pin Reuse     Location             Delay type                Incr(ns)  Path(ns)    Netlist Resource(s)
  ---------------------------------------------------------------------------------    -------------------
                                       (clock clk_out1_Block_top_clk_wiz_1_0_1 rise edge)
                                                                    0.000     0.000 r  
                  BUFGCTRL_X0Y16       BUFG                         0.000     0.000 r  Block_top_i/mig_axi_wrapper_0/inst/mig_inst/u_mig_7series_0_mig/u_ddr3_infrastructure/u_bufg_clkdiv0/O
                                       net (fo=18931, routed)       1.392     1.392    Block_top_i/clk_wiz_1/inst/clk_in1
                  MMCME2_ADV_X1Y0      MMCME2_ADV (Prop_mmcme2_adv_CLKIN1_CLKOUT0)
                                                                   -2.890    -1.499 r  Block_top_i/clk_wiz_1/inst/mmcm_adv_inst/CLKOUT0
                                       net (fo=1, routed)           1.421    -0.078    Block_top_i/clk_wiz_1/inst/clk_out1_Block_top_clk_wiz_1_0
                  BUFGCTRL_X0Y3        BUFG (Prop_bufg_I_O)         0.081     0.003 r  Block_top_i/clk_wiz_1/inst/clkout1_buf/O
                                       net (fo=316, routed)         1.424     1.427    Block_top_i/axi_quad_spi_0/U0/NO_DUAL_QUAD_MODE.QSPI_NORMAL/QSPI_LEGACY_MD_GEN.QSPI_CORE_INTERFACE_I/FIFO_EXISTS.RX_FIFO_II/gnuram_async_fifo.xpm_fifo_base_inst/gen_cdc_pntr.wr_pntr_cdc_dc_inst/src_clk
                  SLICE_X60Y28         FDRE                                         r  Block_top_i/axi_quad_spi_0/U0/NO_DUAL_QUAD_MODE.QSPI_NORMAL/QSPI_LEGACY_MD_GEN.QSPI_CORE_INTERFACE_I/FIFO_EXISTS.RX_FIFO_II/gnuram_async_fifo.xpm_fifo_base_inst/gen_cdc_pntr.wr_pntr_cdc_dc_inst/src_gray_ff_reg[4]/C
  ---------------------------------------------------------------------------------    -------------------
    Routing       SLICE_X60Y28         FDRE (Prop_fdre_C_Q)         0.433     1.860 r  Block_top_i/axi_quad_spi_0/U0/NO_DUAL_QUAD_MODE.QSPI_NORMAL/QSPI_LEGACY_MD_GEN.QSPI_CORE_INTERFACE_I/FIFO_EXISTS.RX_FIFO_II/gnuram_async_fifo.xpm_fifo_base_inst/gen_cdc_pntr.wr_pntr_cdc_dc_inst/src_gray_ff_reg[4]/Q
                                       net (fo=1, routed)           0.643     2.502    Block_top_i/axi_quad_spi_0/U0/NO_DUAL_QUAD_MODE.QSPI_NORMAL/QSPI_LEGACY_MD_GEN.QSPI_CORE_INTERFACE_I/FIFO_EXISTS.RX_FIFO_II/gnuram_async_fifo.xpm_fifo_base_inst/gen_cdc_pntr.wr_pntr_cdc_dc_inst/async_path[4]
    Routing       SLICE_X59Y28         FDRE                                         r  Block_top_i/axi_quad_spi_0/U0/NO_DUAL_QUAD_MODE.QSPI_NORMAL/QSPI_LEGACY_MD_GEN.QSPI_CORE_INTERFACE_I/FIFO_EXISTS.RX_FIFO_II/gnuram_async_fifo.xpm_fifo_base_inst/gen_cdc_pntr.wr_pntr_cdc_dc_inst/dest_graysync_ff_reg[0][4]/D
  ---------------------------------------------------------------------------------    -------------------

                                       (clock clk_pll_i_1 rise edge)
                                                                    0.000     0.000 r  
                  N14                                               0.000     0.000 r  clk (IN)
                                       net (fo=0)                   0.000     0.000    Block_top_i/clk_wiz_0/inst/clk_in1
                  N14                  IBUF (Prop_ibuf_I_O)         1.381     1.381 r  Block_top_i/clk_wiz_0/inst/clkin1_ibufg/O
                                       net (fo=1, routed)           1.004     2.385    Block_top_i/clk_wiz_0/inst/clk_in1_Block_top_clk_wiz_0_0
                  MMCME2_ADV_X0Y0      MMCME2_ADV (Prop_mmcme2_adv_CLKIN1_CLKOUT0)
                                                                   -6.061    -3.676 r  Block_top_i/clk_wiz_0/inst/mmcm_adv_inst/CLKOUT0
                                       net (fo=1, routed)           1.357    -2.319    Block_top_i/clk_wiz_0/inst/clk_100_Block_top_clk_wiz_0_0
                  BUFGCTRL_X0Y1        BUFG (Prop_bufg_I_O)         0.077    -2.242 r  Block_top_i/clk_wiz_0/inst/clkout1_buf/O
                                       net (fo=1, routed)           1.289    -0.953    Block_top_i/mig_axi_wrapper_0/inst/mig_inst/u_mig_7series_0_mig/u_ddr3_infrastructure/mmcm_clk
                  PLLE2_ADV_X0Y1       PLLE2_ADV (Prop_plle2_adv_CLKIN1_CLKOUT3)
                                                                    0.073    -0.880 r  Block_top_i/mig_axi_wrapper_0/inst/mig_inst/u_mig_7series_0_mig/u_ddr3_infrastructure/plle2_i/CLKOUT3
                                       net (fo=1, routed)           0.934     0.054    Block_top_i/mig_axi_wrapper_0/inst/mig_inst/u_mig_7series_0_mig/u_ddr3_infrastructure/pll_clk3_out
                  BUFHCE_X0Y12         BUFH (Prop_bufh_I_O)         0.069     0.123 r  Block_top_i/mig_axi_wrapper_0/inst/mig_inst/u_mig_7series_0_mig/u_ddr3_infrastructure/u_bufh_pll_clk3/O
                                       net (fo=1, routed)           0.663     0.786    Block_top_i/mig_axi_wrapper_0/inst/mig_inst/u_mig_7series_0_mig/u_ddr3_infrastructure/pll_clk3
                  MMCME2_ADV_X0Y1      MMCME2_ADV (Prop_mmcme2_adv_CLKIN1_CLKFBOUT)
                                                                   -2.703    -1.916 r  Block_top_i/mig_axi_wrapper_0/inst/mig_inst/u_mig_7series_0_mig/u_ddr3_infrastructure/gen_mmcm.mmcm_i/CLKFBOUT
                                       net (fo=1, routed)           1.357    -0.559    Block_top_i/mig_axi_wrapper_0/inst/mig_inst/u_mig_7series_0_mig/u_ddr3_infrastructure/clk_pll_i
                  BUFGCTRL_X0Y16       BUFG (Prop_bufg_I_O)         0.077    -0.482 r  Block_top_i/mig_axi_wrapper_0/inst/mig_inst/u_mig_7series_0_mig/u_ddr3_infrastructure/u_bufg_clkdiv0/O
                                       net (fo=18931, routed)       1.320     0.838    Block_top_i/axi_quad_spi_0/U0/NO_DUAL_QUAD_MODE.QSPI_NORMAL/QSPI_LEGACY_MD_GEN.QSPI_CORE_INTERFACE_I/FIFO_EXISTS.RX_FIFO_II/gnuram_async_fifo.xpm_fifo_base_inst/gen_cdc_pntr.wr_pntr_cdc_dc_inst/dest_clk
                  SLICE_X59Y28         FDRE                                         r  Block_top_i/axi_quad_spi_0/U0/NO_DUAL_QUAD_MODE.QSPI_NORMAL/QSPI_LEGACY_MD_GEN.QSPI_CORE_INTERFACE_I/FIFO_EXISTS.RX_FIFO_II/gnuram_async_fifo.xpm_fifo_base_inst/gen_cdc_pntr.wr_pntr_cdc_dc_inst/dest_graysync_ff_reg[0][4]/C
                                       clock pessimism              0.000     0.838    
                  SLICE_X59Y28         FDRE (Setup_fdre_C_D)       -0.073     0.765    Block_top_i/axi_quad_spi_0/U0/NO_DUAL_QUAD_MODE.QSPI_NORMAL/QSPI_LEGACY_MD_GEN.QSPI_CORE_INTERFACE_I/FIFO_EXISTS.RX_FIFO_II/gnuram_async_fifo.xpm_fifo_base_inst/gen_cdc_pntr.wr_pntr_cdc_dc_inst/dest_graysync_ff_reg[0][4]
  ---------------------------------------------------------------------------------
                                       data arrival                           2.502    
                                       clock arrival                          0.765    
  ---------------------------------------------------------------------------------
                                       relative delay                         1.738    

Reference path:
    Pin Reuse     Location             Delay type                Incr(ns)  Path(ns)    Netlist Resource(s)
  ---------------------------------------------------------------------------------    -------------------
                                       (clock clk_out1_Block_top_clk_wiz_1_0_1 rise edge)
                                                                    0.000     0.000 r  
                  BUFGCTRL_X0Y16       BUFG                         0.000     0.000 r  Block_top_i/mig_axi_wrapper_0/inst/mig_inst/u_mig_7series_0_mig/u_ddr3_infrastructure/u_bufg_clkdiv0/O
                                       net (fo=18931, routed)       1.287     1.287    Block_top_i/clk_wiz_1/inst/clk_in1
                  MMCME2_ADV_X1Y0      MMCME2_ADV (Prop_mmcme2_adv_CLKIN1_CLKOUT0)
                                                                   -2.714    -1.427 r  Block_top_i/clk_wiz_1/inst/mmcm_adv_inst/CLKOUT0
                                       net (fo=1, routed)           1.352    -0.075    Block_top_i/clk_wiz_1/inst/clk_out1_Block_top_clk_wiz_1_0
                  BUFGCTRL_X0Y3        BUFG (Prop_bufg_I_O)         0.077     0.002 r  Block_top_i/clk_wiz_1/inst/clkout1_buf/O
                                       net (fo=316, routed)         1.317     1.319    Block_top_i/axi_quad_spi_0/U0/NO_DUAL_QUAD_MODE.QSPI_NORMAL/QSPI_LEGACY_MD_GEN.QSPI_CORE_INTERFACE_I/FIFO_EXISTS.RX_FIFO_II/gnuram_async_fifo.xpm_fifo_base_inst/gen_cdc_pntr.wr_pntr_cdc_dc_inst/src_clk
                  SLICE_X64Y26         FDRE                                         r  Block_top_i/axi_quad_spi_0/U0/NO_DUAL_QUAD_MODE.QSPI_NORMAL/QSPI_LEGACY_MD_GEN.QSPI_CORE_INTERFACE_I/FIFO_EXISTS.RX_FIFO_II/gnuram_async_fifo.xpm_fifo_base_inst/gen_cdc_pntr.wr_pntr_cdc_dc_inst/src_gray_ff_reg[0]/C
  ---------------------------------------------------------------------------------    -------------------
    Routing       SLICE_X64Y26         FDRE (Prop_fdre_C_Q)         0.347     1.666 r  Block_top_i/axi_quad_spi_0/U0/NO_DUAL_QUAD_MODE.QSPI_NORMAL/QSPI_LEGACY_MD_GEN.QSPI_CORE_INTERFACE_I/FIFO_EXISTS.RX_FIFO_II/gnuram_async_fifo.xpm_fifo_base_inst/gen_cdc_pntr.wr_pntr_cdc_dc_inst/src_gray_ff_reg[0]/Q
                                       net (fo=1, routed)           0.286     1.952    Block_top_i/axi_quad_spi_0/U0/NO_DUAL_QUAD_MODE.QSPI_NORMAL/QSPI_LEGACY_MD_GEN.QSPI_CORE_INTERFACE_I/FIFO_EXISTS.RX_FIFO_II/gnuram_async_fifo.xpm_fifo_base_inst/gen_cdc_pntr.wr_pntr_cdc_dc_inst/async_path[0]
    Routing       SLICE_X64Y27         FDRE                                         r  Block_top_i/axi_quad_spi_0/U0/NO_DUAL_QUAD_MODE.QSPI_NORMAL/QSPI_LEGACY_MD_GEN.QSPI_CORE_INTERFACE_I/FIFO_EXISTS.RX_FIFO_II/gnuram_async_fifo.xpm_fifo_base_inst/gen_cdc_pntr.wr_pntr_cdc_dc_inst/dest_graysync_ff_reg[0][0]/D
  ---------------------------------------------------------------------------------    -------------------

                                       (clock clk_pll_i_1 rise edge)
                                                                    0.000     0.000 r  
                  N14                                               0.000     0.000 r  clk (IN)
                                       net (fo=0)                   0.000     0.000    Block_top_i/clk_wiz_0/inst/clk_in1
                  N14                  IBUF (Prop_ibuf_I_O)         1.448     1.448 r  Block_top_i/clk_wiz_0/inst/clkin1_ibufg/O
                                       net (fo=1, routed)           1.065     2.513    Block_top_i/clk_wiz_0/inst/clk_in1_Block_top_clk_wiz_0_0
                  MMCME2_ADV_X0Y0      MMCME2_ADV (Prop_mmcme2_adv_CLKIN1_CLKOUT0)
                                                                   -5.924    -3.412 r  Block_top_i/clk_wiz_0/inst/mmcm_adv_inst/CLKOUT0
                                       net (fo=1, routed)           1.425    -1.987    Block_top_i/clk_wiz_0/inst/clk_100_Block_top_clk_wiz_0_0
                  BUFGCTRL_X0Y1        BUFG (Prop_bufg_I_O)         0.081    -1.906 r  Block_top_i/clk_wiz_0/inst/clkout1_buf/O
                                       net (fo=1, routed)           1.393    -0.513    Block_top_i/mig_axi_wrapper_0/inst/mig_inst/u_mig_7series_0_mig/u_ddr3_infrastructure/mmcm_clk
                  PLLE2_ADV_X0Y1       PLLE2_ADV (Prop_plle2_adv_CLKIN1_CLKOUT3)
                                                                    0.077    -0.436 r  Block_top_i/mig_axi_wrapper_0/inst/mig_inst/u_mig_7series_0_mig/u_ddr3_infrastructure/plle2_i/CLKOUT3
                                       net (fo=1, routed)           1.066     0.630    Block_top_i/mig_axi_wrapper_0/inst/mig_inst/u_mig_7series_0_mig/u_ddr3_infrastructure/pll_clk3_out
                  BUFHCE_X0Y12         BUFH (Prop_bufh_I_O)         0.106     0.736 r  Block_top_i/mig_axi_wrapper_0/inst/mig_inst/u_mig_7series_0_mig/u_ddr3_infrastructure/u_bufh_pll_clk3/O
                                       net (fo=1, routed)           0.701     1.437    Block_top_i/mig_axi_wrapper_0/inst/mig_inst/u_mig_7series_0_mig/u_ddr3_infrastructure/pll_clk3
                  MMCME2_ADV_X0Y1      MMCME2_ADV (Prop_mmcme2_adv_CLKIN1_CLKFBOUT)
                                                                   -2.877    -1.440 r  Block_top_i/mig_axi_wrapper_0/inst/mig_inst/u_mig_7series_0_mig/u_ddr3_infrastructure/gen_mmcm.mmcm_i/CLKFBOUT
                                       net (fo=1, routed)           1.425    -0.015    Block_top_i/mig_axi_wrapper_0/inst/mig_inst/u_mig_7series_0_mig/u_ddr3_infrastructure/clk_pll_i
                  BUFGCTRL_X0Y16       BUFG (Prop_bufg_I_O)         0.081     0.066 r  Block_top_i/mig_axi_wrapper_0/inst/mig_inst/u_mig_7series_0_mig/u_ddr3_infrastructure/u_bufg_clkdiv0/O
                                       net (fo=18931, routed)       1.428     1.494    Block_top_i/axi_quad_spi_0/U0/NO_DUAL_QUAD_MODE.QSPI_NORMAL/QSPI_LEGACY_MD_GEN.QSPI_CORE_INTERFACE_I/FIFO_EXISTS.RX_FIFO_II/gnuram_async_fifo.xpm_fifo_base_inst/gen_cdc_pntr.wr_pntr_cdc_dc_inst/dest_clk
                  SLICE_X64Y27         FDRE                                         r  Block_top_i/axi_quad_spi_0/U0/NO_DUAL_QUAD_MODE.QSPI_NORMAL/QSPI_LEGACY_MD_GEN.QSPI_CORE_INTERFACE_I/FIFO_EXISTS.RX_FIFO_II/gnuram_async_fifo.xpm_fifo_base_inst/gen_cdc_pntr.wr_pntr_cdc_dc_inst/dest_graysync_ff_reg[0][0]/C
                                       clock pessimism              0.000     1.494    
                  SLICE_X64Y27         FDRE (Hold_fdre_C_D)         0.191     1.685    Block_top_i/axi_quad_spi_0/U0/NO_DUAL_QUAD_MODE.QSPI_NORMAL/QSPI_LEGACY_MD_GEN.QSPI_CORE_INTERFACE_I/FIFO_EXISTS.RX_FIFO_II/gnuram_async_fifo.xpm_fifo_base_inst/gen_cdc_pntr.wr_pntr_cdc_dc_inst/dest_graysync_ff_reg[0][0]
  ---------------------------------------------------------------------------------
                                       data arrival                           1.952    
                                       clock arrival                          1.685    
  ---------------------------------------------------------------------------------
                                       relative delay                         0.268    



Id: 7
set_bus_skew -from [get_cells [list {Block_top_i/axi_quad_spi_0/U0/NO_DUAL_QUAD_MODE.QSPI_NORMAL/QSPI_LEGACY_MD_GEN.QSPI_CORE_INTERFACE_I/FIFO_EXISTS.TX_FIFO_II/gnuram_async_fifo.xpm_fifo_base_inst/gen_cdc_pntr.rd_pntr_cdc_dc_inst/src_gray_ff_reg[0]} {Block_top_i/axi_quad_spi_0/U0/NO_DUAL_QUAD_MODE.QSPI_NORMAL/QSPI_LEGACY_MD_GEN.QSPI_CORE_INTERFACE_I/FIFO_EXISTS.TX_FIFO_II/gnuram_async_fifo.xpm_fifo_base_inst/gen_cdc_pntr.rd_pntr_cdc_dc_inst/src_gray_ff_reg[1]} {Block_top_i/axi_quad_spi_0/U0/NO_DUAL_QUAD_MODE.QSPI_NORMAL/QSPI_LEGACY_MD_GEN.QSPI_CORE_INTERFACE_I/FIFO_EXISTS.TX_FIFO_II/gnuram_async_fifo.xpm_fifo_base_inst/gen_cdc_pntr.rd_pntr_cdc_dc_inst/src_gray_ff_reg[2]} {Block_top_i/axi_quad_spi_0/U0/NO_DUAL_QUAD_MODE.QSPI_NORMAL/QSPI_LEGACY_MD_GEN.QSPI_CORE_INTERFACE_I/FIFO_EXISTS.TX_FIFO_II/gnuram_async_fifo.xpm_fifo_base_inst/gen_cdc_pntr.rd_pntr_cdc_dc_inst/src_gray_ff_reg[3]} {Block_top_i/axi_quad_spi_0/U0/NO_DUAL_QUAD_MODE.QSPI_NORMAL/QSPI_LEGACY_MD_GEN.QSPI_CORE_INTERFACE_I/FIFO_EXISTS.TX_FIFO_II/gnuram_async_fifo.xpm_fifo_base_inst/gen_cdc_pntr.rd_pntr_cdc_dc_inst/src_gray_ff_reg[4]}]] -to [get_cells [list {Block_top_i/axi_quad_spi_0/U0/NO_DUAL_QUAD_MODE.QSPI_NORMAL/QSPI_LEGACY_MD_GEN.QSPI_CORE_INTERFACE_I/FIFO_EXISTS.TX_FIFO_II/gnuram_async_fifo.xpm_fifo_base_inst/gen_cdc_pntr.rd_pntr_cdc_dc_inst/dest_graysync_ff_reg[0][0]} {Block_top_i/axi_quad_spi_0/U0/NO_DUAL_QUAD_MODE.QSPI_NORMAL/QSPI_LEGACY_MD_GEN.QSPI_CORE_INTERFACE_I/FIFO_EXISTS.TX_FIFO_II/gnuram_async_fifo.xpm_fifo_base_inst/gen_cdc_pntr.rd_pntr_cdc_dc_inst/dest_graysync_ff_reg[0][1]} {Block_top_i/axi_quad_spi_0/U0/NO_DUAL_QUAD_MODE.QSPI_NORMAL/QSPI_LEGACY_MD_GEN.QSPI_CORE_INTERFACE_I/FIFO_EXISTS.TX_FIFO_II/gnuram_async_fifo.xpm_fifo_base_inst/gen_cdc_pntr.rd_pntr_cdc_dc_inst/dest_graysync_ff_reg[0][2]} {Block_top_i/axi_quad_spi_0/U0/NO_DUAL_QUAD_MODE.QSPI_NORMAL/QSPI_LEGACY_MD_GEN.QSPI_CORE_INTERFACE_I/FIFO_EXISTS.TX_FIFO_II/gnuram_async_fifo.xpm_fifo_base_inst/gen_cdc_pntr.rd_pntr_cdc_dc_inst/dest_graysync_ff_reg[0][3]} {Block_top_i/axi_quad_spi_0/U0/NO_DUAL_QUAD_MODE.QSPI_NORMAL/QSPI_LEGACY_MD_GEN.QSPI_CORE_INTERFACE_I/FIFO_EXISTS.TX_FIFO_II/gnuram_async_fifo.xpm_fifo_base_inst/gen_cdc_pntr.rd_pntr_cdc_dc_inst/dest_graysync_ff_reg[0][4]}]] 10.000
Requirement: 10.000ns
Endpoints: 5

From Clock            To Clock              Endpoint Pin                    Reference Pin                   Corner  Actual(ns)  Slack(ns)
--------------------  --------------------  ------------------------------  ------------------------------  ------  ----------  ---------
clk_out1_Block_top_clk_wiz_1_0_1
                      clk_pll_i_1           Block_top_i/axi_quad_spi_0/U0/NO_DUAL_QUAD_MODE.QSPI_NORMAL/QSPI_LEGACY_MD_GEN.QSPI_CORE_INTERFACE_I/FIFO_EXISTS.TX_FIFO_II/gnuram_async_fifo.xpm_fifo_base_inst/gen_cdc_pntr.rd_pntr_cdc_dc_inst/dest_graysync_ff_reg[0][2]/D
                                                                            Block_top_i/axi_quad_spi_0/U0/NO_DUAL_QUAD_MODE.QSPI_NORMAL/QSPI_LEGACY_MD_GEN.QSPI_CORE_INTERFACE_I/FIFO_EXISTS.TX_FIFO_II/gnuram_async_fifo.xpm_fifo_base_inst/gen_cdc_pntr.rd_pntr_cdc_dc_inst/dest_graysync_ff_reg[0][0]/D
                                                                                                            Slow         0.876      9.124


Slack (MET) :             9.124ns  (requirement - actual skew)
  Endpoint Source:        Block_top_i/axi_quad_spi_0/U0/NO_DUAL_QUAD_MODE.QSPI_NORMAL/QSPI_LEGACY_MD_GEN.QSPI_CORE_INTERFACE_I/FIFO_EXISTS.TX_FIFO_II/gnuram_async_fifo.xpm_fifo_base_inst/gen_cdc_pntr.rd_pntr_cdc_dc_inst/src_gray_ff_reg[2]/C
                            (rising edge-triggered cell FDRE clocked by clk_out1_Block_top_clk_wiz_1_0_1)
  Endpoint Destination:   Block_top_i/axi_quad_spi_0/U0/NO_DUAL_QUAD_MODE.QSPI_NORMAL/QSPI_LEGACY_MD_GEN.QSPI_CORE_INTERFACE_I/FIFO_EXISTS.TX_FIFO_II/gnuram_async_fifo.xpm_fifo_base_inst/gen_cdc_pntr.rd_pntr_cdc_dc_inst/dest_graysync_ff_reg[0][2]/D
                            (rising edge-triggered cell FDRE clocked by clk_pll_i_1)
  Reference Source:       Block_top_i/axi_quad_spi_0/U0/NO_DUAL_QUAD_MODE.QSPI_NORMAL/QSPI_LEGACY_MD_GEN.QSPI_CORE_INTERFACE_I/FIFO_EXISTS.TX_FIFO_II/gnuram_async_fifo.xpm_fifo_base_inst/gen_cdc_pntr.rd_pntr_cdc_dc_inst/src_gray_ff_reg[0]/C
                            (rising edge-triggered cell FDRE clocked by clk_out1_Block_top_clk_wiz_1_0_1)
  Reference Destination:  Block_top_i/axi_quad_spi_0/U0/NO_DUAL_QUAD_MODE.QSPI_NORMAL/QSPI_LEGACY_MD_GEN.QSPI_CORE_INTERFACE_I/FIFO_EXISTS.TX_FIFO_II/gnuram_async_fifo.xpm_fifo_base_inst/gen_cdc_pntr.rd_pntr_cdc_dc_inst/dest_graysync_ff_reg[0][0]/D
                            (rising edge-triggered cell FDRE clocked by clk_pll_i_1)
  Path Type:              Bus Skew (Max at Slow Process Corner)
  Requirement:            10.000ns
  Endpoint Relative Delay:    2.027ns
  Reference Relative Delay:   0.470ns
  Relative CRPR:              0.682ns
  Actual Bus Skew:            0.876ns  (Endpoint Relative Delay - Reference Relative Delay - Relative CRPR)

Endpoint path:
    Pin Reuse     Location             Delay type                Incr(ns)  Path(ns)    Netlist Resource(s)
  ---------------------------------------------------------------------------------    -------------------
                                       (clock clk_out1_Block_top_clk_wiz_1_0_1 rise edge)
                                                                    0.000     0.000 r  
                  BUFGCTRL_X0Y16       BUFG                         0.000     0.000 r  Block_top_i/mig_axi_wrapper_0/inst/mig_inst/u_mig_7series_0_mig/u_ddr3_infrastructure/u_bufg_clkdiv0/O
                                       net (fo=18931, routed)       1.392     1.392    Block_top_i/clk_wiz_1/inst/clk_in1
                  MMCME2_ADV_X1Y0      MMCME2_ADV (Prop_mmcme2_adv_CLKIN1_CLKOUT0)
                                                                   -2.890    -1.499 r  Block_top_i/clk_wiz_1/inst/mmcm_adv_inst/CLKOUT0
                                       net (fo=1, routed)           1.421    -0.078    Block_top_i/clk_wiz_1/inst/clk_out1_Block_top_clk_wiz_1_0
                  BUFGCTRL_X0Y3        BUFG (Prop_bufg_I_O)         0.081     0.003 r  Block_top_i/clk_wiz_1/inst/clkout1_buf/O
                                       net (fo=316, routed)         1.357     1.360    Block_top_i/axi_quad_spi_0/U0/NO_DUAL_QUAD_MODE.QSPI_NORMAL/QSPI_LEGACY_MD_GEN.QSPI_CORE_INTERFACE_I/FIFO_EXISTS.TX_FIFO_II/gnuram_async_fifo.xpm_fifo_base_inst/gen_cdc_pntr.rd_pntr_cdc_dc_inst/src_clk
                  SLICE_X54Y25         FDRE                                         r  Block_top_i/axi_quad_spi_0/U0/NO_DUAL_QUAD_MODE.QSPI_NORMAL/QSPI_LEGACY_MD_GEN.QSPI_CORE_INTERFACE_I/FIFO_EXISTS.TX_FIFO_II/gnuram_async_fifo.xpm_fifo_base_inst/gen_cdc_pntr.rd_pntr_cdc_dc_inst/src_gray_ff_reg[2]/C
  ---------------------------------------------------------------------------------    -------------------
    Routing       SLICE_X54Y25         FDRE (Prop_fdre_C_Q)         0.433     1.793 r  Block_top_i/axi_quad_spi_0/U0/NO_DUAL_QUAD_MODE.QSPI_NORMAL/QSPI_LEGACY_MD_GEN.QSPI_CORE_INTERFACE_I/FIFO_EXISTS.TX_FIFO_II/gnuram_async_fifo.xpm_fifo_base_inst/gen_cdc_pntr.rd_pntr_cdc_dc_inst/src_gray_ff_reg[2]/Q
                                       net (fo=1, routed)           0.972     2.765    Block_top_i/axi_quad_spi_0/U0/NO_DUAL_QUAD_MODE.QSPI_NORMAL/QSPI_LEGACY_MD_GEN.QSPI_CORE_INTERFACE_I/FIFO_EXISTS.TX_FIFO_II/gnuram_async_fifo.xpm_fifo_base_inst/gen_cdc_pntr.rd_pntr_cdc_dc_inst/async_path[2]
    Routing       SLICE_X42Y23         FDRE                                         r  Block_top_i/axi_quad_spi_0/U0/NO_DUAL_QUAD_MODE.QSPI_NORMAL/QSPI_LEGACY_MD_GEN.QSPI_CORE_INTERFACE_I/FIFO_EXISTS.TX_FIFO_II/gnuram_async_fifo.xpm_fifo_base_inst/gen_cdc_pntr.rd_pntr_cdc_dc_inst/dest_graysync_ff_reg[0][2]/D
  ---------------------------------------------------------------------------------    -------------------

                                       (clock clk_pll_i_1 rise edge)
                                                                    0.000     0.000 r  
                  N14                                               0.000     0.000 r  clk (IN)
                                       net (fo=0)                   0.000     0.000    Block_top_i/clk_wiz_0/inst/clk_in1
                  N14                  IBUF (Prop_ibuf_I_O)         1.381     1.381 r  Block_top_i/clk_wiz_0/inst/clkin1_ibufg/O
                                       net (fo=1, routed)           1.004     2.385    Block_top_i/clk_wiz_0/inst/clk_in1_Block_top_clk_wiz_0_0
                  MMCME2_ADV_X0Y0      MMCME2_ADV (Prop_mmcme2_adv_CLKIN1_CLKOUT0)
                                                                   -6.061    -3.676 r  Block_top_i/clk_wiz_0/inst/mmcm_adv_inst/CLKOUT0
                                       net (fo=1, routed)           1.357    -2.319    Block_top_i/clk_wiz_0/inst/clk_100_Block_top_clk_wiz_0_0
                  BUFGCTRL_X0Y1        BUFG (Prop_bufg_I_O)         0.077    -2.242 r  Block_top_i/clk_wiz_0/inst/clkout1_buf/O
                                       net (fo=1, routed)           1.289    -0.953    Block_top_i/mig_axi_wrapper_0/inst/mig_inst/u_mig_7series_0_mig/u_ddr3_infrastructure/mmcm_clk
                  PLLE2_ADV_X0Y1       PLLE2_ADV (Prop_plle2_adv_CLKIN1_CLKOUT3)
                                                                    0.073    -0.880 r  Block_top_i/mig_axi_wrapper_0/inst/mig_inst/u_mig_7series_0_mig/u_ddr3_infrastructure/plle2_i/CLKOUT3
                                       net (fo=1, routed)           0.934     0.054    Block_top_i/mig_axi_wrapper_0/inst/mig_inst/u_mig_7series_0_mig/u_ddr3_infrastructure/pll_clk3_out
                  BUFHCE_X0Y12         BUFH (Prop_bufh_I_O)         0.069     0.123 r  Block_top_i/mig_axi_wrapper_0/inst/mig_inst/u_mig_7series_0_mig/u_ddr3_infrastructure/u_bufh_pll_clk3/O
                                       net (fo=1, routed)           0.663     0.786    Block_top_i/mig_axi_wrapper_0/inst/mig_inst/u_mig_7series_0_mig/u_ddr3_infrastructure/pll_clk3
                  MMCME2_ADV_X0Y1      MMCME2_ADV (Prop_mmcme2_adv_CLKIN1_CLKFBOUT)
                                                                   -2.703    -1.916 r  Block_top_i/mig_axi_wrapper_0/inst/mig_inst/u_mig_7series_0_mig/u_ddr3_infrastructure/gen_mmcm.mmcm_i/CLKFBOUT
                                       net (fo=1, routed)           1.357    -0.559    Block_top_i/mig_axi_wrapper_0/inst/mig_inst/u_mig_7series_0_mig/u_ddr3_infrastructure/clk_pll_i
                  BUFGCTRL_X0Y16       BUFG (Prop_bufg_I_O)         0.077    -0.482 r  Block_top_i/mig_axi_wrapper_0/inst/mig_inst/u_mig_7series_0_mig/u_ddr3_infrastructure/u_bufg_clkdiv0/O
                                       net (fo=18931, routed)       1.247     0.765    Block_top_i/axi_quad_spi_0/U0/NO_DUAL_QUAD_MODE.QSPI_NORMAL/QSPI_LEGACY_MD_GEN.QSPI_CORE_INTERFACE_I/FIFO_EXISTS.TX_FIFO_II/gnuram_async_fifo.xpm_fifo_base_inst/gen_cdc_pntr.rd_pntr_cdc_dc_inst/dest_clk
                  SLICE_X42Y23         FDRE                                         r  Block_top_i/axi_quad_spi_0/U0/NO_DUAL_QUAD_MODE.QSPI_NORMAL/QSPI_LEGACY_MD_GEN.QSPI_CORE_INTERFACE_I/FIFO_EXISTS.TX_FIFO_II/gnuram_async_fifo.xpm_fifo_base_inst/gen_cdc_pntr.rd_pntr_cdc_dc_inst/dest_graysync_ff_reg[0][2]/C
                                       clock pessimism              0.000     0.765    
                  SLICE_X42Y23         FDRE (Setup_fdre_C_D)       -0.027     0.738    Block_top_i/axi_quad_spi_0/U0/NO_DUAL_QUAD_MODE.QSPI_NORMAL/QSPI_LEGACY_MD_GEN.QSPI_CORE_INTERFACE_I/FIFO_EXISTS.TX_FIFO_II/gnuram_async_fifo.xpm_fifo_base_inst/gen_cdc_pntr.rd_pntr_cdc_dc_inst/dest_graysync_ff_reg[0][2]
  ---------------------------------------------------------------------------------
                                       data arrival                           2.765    
                                       clock arrival                          0.738    
  ---------------------------------------------------------------------------------
                                       relative delay                         2.027    

Reference path:
    Pin Reuse     Location             Delay type                Incr(ns)  Path(ns)    Netlist Resource(s)
  ---------------------------------------------------------------------------------    -------------------
                                       (clock clk_out1_Block_top_clk_wiz_1_0_1 rise edge)
                                                                    0.000     0.000 r  
                  BUFGCTRL_X0Y16       BUFG                         0.000     0.000 r  Block_top_i/mig_axi_wrapper_0/inst/mig_inst/u_mig_7series_0_mig/u_ddr3_infrastructure/u_bufg_clkdiv0/O
                                       net (fo=18931, routed)       1.287     1.287    Block_top_i/clk_wiz_1/inst/clk_in1
                  MMCME2_ADV_X1Y0      MMCME2_ADV (Prop_mmcme2_adv_CLKIN1_CLKOUT0)
                                                                   -2.714    -1.427 r  Block_top_i/clk_wiz_1/inst/mmcm_adv_inst/CLKOUT0
                                       net (fo=1, routed)           1.352    -0.075    Block_top_i/clk_wiz_1/inst/clk_out1_Block_top_clk_wiz_1_0
                  BUFGCTRL_X0Y3        BUFG (Prop_bufg_I_O)         0.077     0.002 r  Block_top_i/clk_wiz_1/inst/clkout1_buf/O
                                       net (fo=316, routed)         1.245     1.247    Block_top_i/axi_quad_spi_0/U0/NO_DUAL_QUAD_MODE.QSPI_NORMAL/QSPI_LEGACY_MD_GEN.QSPI_CORE_INTERFACE_I/FIFO_EXISTS.TX_FIFO_II/gnuram_async_fifo.xpm_fifo_base_inst/gen_cdc_pntr.rd_pntr_cdc_dc_inst/src_clk
                  SLICE_X47Y24         FDRE                                         r  Block_top_i/axi_quad_spi_0/U0/NO_DUAL_QUAD_MODE.QSPI_NORMAL/QSPI_LEGACY_MD_GEN.QSPI_CORE_INTERFACE_I/FIFO_EXISTS.TX_FIFO_II/gnuram_async_fifo.xpm_fifo_base_inst/gen_cdc_pntr.rd_pntr_cdc_dc_inst/src_gray_ff_reg[0]/C
  ---------------------------------------------------------------------------------    -------------------
    Routing       SLICE_X47Y24         FDRE (Prop_fdre_C_Q)         0.304     1.551 r  Block_top_i/axi_quad_spi_0/U0/NO_DUAL_QUAD_MODE.QSPI_NORMAL/QSPI_LEGACY_MD_GEN.QSPI_CORE_INTERFACE_I/FIFO_EXISTS.TX_FIFO_II/gnuram_async_fifo.xpm_fifo_base_inst/gen_cdc_pntr.rd_pntr_cdc_dc_inst/src_gray_ff_reg[0]/Q
                                       net (fo=1, routed)           0.497     2.048    Block_top_i/axi_quad_spi_0/U0/NO_DUAL_QUAD_MODE.QSPI_NORMAL/QSPI_LEGACY_MD_GEN.QSPI_CORE_INTERFACE_I/FIFO_EXISTS.TX_FIFO_II/gnuram_async_fifo.xpm_fifo_base_inst/gen_cdc_pntr.rd_pntr_cdc_dc_inst/async_path[0]
    Routing       SLICE_X44Y24         FDRE                                         r  Block_top_i/axi_quad_spi_0/U0/NO_DUAL_QUAD_MODE.QSPI_NORMAL/QSPI_LEGACY_MD_GEN.QSPI_CORE_INTERFACE_I/FIFO_EXISTS.TX_FIFO_II/gnuram_async_fifo.xpm_fifo_base_inst/gen_cdc_pntr.rd_pntr_cdc_dc_inst/dest_graysync_ff_reg[0][0]/D
  ---------------------------------------------------------------------------------    -------------------

                                       (clock clk_pll_i_1 rise edge)
                                                                    0.000     0.000 r  
                  N14                                               0.000     0.000 r  clk (IN)
                                       net (fo=0)                   0.000     0.000    Block_top_i/clk_wiz_0/inst/clk_in1
                  N14                  IBUF (Prop_ibuf_I_O)         1.448     1.448 r  Block_top_i/clk_wiz_0/inst/clkin1_ibufg/O
                                       net (fo=1, routed)           1.065     2.513    Block_top_i/clk_wiz_0/inst/clk_in1_Block_top_clk_wiz_0_0
                  MMCME2_ADV_X0Y0      MMCME2_ADV (Prop_mmcme2_adv_CLKIN1_CLKOUT0)
                                                                   -5.924    -3.412 r  Block_top_i/clk_wiz_0/inst/mmcm_adv_inst/CLKOUT0
                                       net (fo=1, routed)           1.425    -1.987    Block_top_i/clk_wiz_0/inst/clk_100_Block_top_clk_wiz_0_0
                  BUFGCTRL_X0Y1        BUFG (Prop_bufg_I_O)         0.081    -1.906 r  Block_top_i/clk_wiz_0/inst/clkout1_buf/O
                                       net (fo=1, routed)           1.393    -0.513    Block_top_i/mig_axi_wrapper_0/inst/mig_inst/u_mig_7series_0_mig/u_ddr3_infrastructure/mmcm_clk
                  PLLE2_ADV_X0Y1       PLLE2_ADV (Prop_plle2_adv_CLKIN1_CLKOUT3)
                                                                    0.077    -0.436 r  Block_top_i/mig_axi_wrapper_0/inst/mig_inst/u_mig_7series_0_mig/u_ddr3_infrastructure/plle2_i/CLKOUT3
                                       net (fo=1, routed)           1.066     0.630    Block_top_i/mig_axi_wrapper_0/inst/mig_inst/u_mig_7series_0_mig/u_ddr3_infrastructure/pll_clk3_out
                  BUFHCE_X0Y12         BUFH (Prop_bufh_I_O)         0.106     0.736 r  Block_top_i/mig_axi_wrapper_0/inst/mig_inst/u_mig_7series_0_mig/u_ddr3_infrastructure/u_bufh_pll_clk3/O
                                       net (fo=1, routed)           0.701     1.437    Block_top_i/mig_axi_wrapper_0/inst/mig_inst/u_mig_7series_0_mig/u_ddr3_infrastructure/pll_clk3
                  MMCME2_ADV_X0Y1      MMCME2_ADV (Prop_mmcme2_adv_CLKIN1_CLKFBOUT)
                                                                   -2.877    -1.440 r  Block_top_i/mig_axi_wrapper_0/inst/mig_inst/u_mig_7series_0_mig/u_ddr3_infrastructure/gen_mmcm.mmcm_i/CLKFBOUT
                                       net (fo=1, routed)           1.425    -0.015    Block_top_i/mig_axi_wrapper_0/inst/mig_inst/u_mig_7series_0_mig/u_ddr3_infrastructure/clk_pll_i
                  BUFGCTRL_X0Y16       BUFG (Prop_bufg_I_O)         0.081     0.066 r  Block_top_i/mig_axi_wrapper_0/inst/mig_inst/u_mig_7series_0_mig/u_ddr3_infrastructure/u_bufg_clkdiv0/O
                                       net (fo=18931, routed)       1.354     1.420    Block_top_i/axi_quad_spi_0/U0/NO_DUAL_QUAD_MODE.QSPI_NORMAL/QSPI_LEGACY_MD_GEN.QSPI_CORE_INTERFACE_I/FIFO_EXISTS.TX_FIFO_II/gnuram_async_fifo.xpm_fifo_base_inst/gen_cdc_pntr.rd_pntr_cdc_dc_inst/dest_clk
                  SLICE_X44Y24         FDRE                                         r  Block_top_i/axi_quad_spi_0/U0/NO_DUAL_QUAD_MODE.QSPI_NORMAL/QSPI_LEGACY_MD_GEN.QSPI_CORE_INTERFACE_I/FIFO_EXISTS.TX_FIFO_II/gnuram_async_fifo.xpm_fifo_base_inst/gen_cdc_pntr.rd_pntr_cdc_dc_inst/dest_graysync_ff_reg[0][0]/C
                                       clock pessimism              0.000     1.420    
                  SLICE_X44Y24         FDRE (Hold_fdre_C_D)         0.158     1.578    Block_top_i/axi_quad_spi_0/U0/NO_DUAL_QUAD_MODE.QSPI_NORMAL/QSPI_LEGACY_MD_GEN.QSPI_CORE_INTERFACE_I/FIFO_EXISTS.TX_FIFO_II/gnuram_async_fifo.xpm_fifo_base_inst/gen_cdc_pntr.rd_pntr_cdc_dc_inst/dest_graysync_ff_reg[0][0]
  ---------------------------------------------------------------------------------
                                       data arrival                           2.048    
                                       clock arrival                          1.578    
  ---------------------------------------------------------------------------------
                                       relative delay                         0.470    



Id: 8
set_bus_skew -from [get_cells [list {Block_top_i/axi_quad_spi_0/U0/NO_DUAL_QUAD_MODE.QSPI_NORMAL/QSPI_LEGACY_MD_GEN.QSPI_CORE_INTERFACE_I/FIFO_EXISTS.RX_FIFO_II/gnuram_async_fifo.xpm_fifo_base_inst/gen_cdc_pntr.rd_pntr_cdc_dc_inst/src_gray_ff_reg[0]} {Block_top_i/axi_quad_spi_0/U0/NO_DUAL_QUAD_MODE.QSPI_NORMAL/QSPI_LEGACY_MD_GEN.QSPI_CORE_INTERFACE_I/FIFO_EXISTS.RX_FIFO_II/gnuram_async_fifo.xpm_fifo_base_inst/gen_cdc_pntr.rd_pntr_cdc_dc_inst/src_gray_ff_reg[1]} {Block_top_i/axi_quad_spi_0/U0/NO_DUAL_QUAD_MODE.QSPI_NORMAL/QSPI_LEGACY_MD_GEN.QSPI_CORE_INTERFACE_I/FIFO_EXISTS.RX_FIFO_II/gnuram_async_fifo.xpm_fifo_base_inst/gen_cdc_pntr.rd_pntr_cdc_dc_inst/src_gray_ff_reg[2]} {Block_top_i/axi_quad_spi_0/U0/NO_DUAL_QUAD_MODE.QSPI_NORMAL/QSPI_LEGACY_MD_GEN.QSPI_CORE_INTERFACE_I/FIFO_EXISTS.RX_FIFO_II/gnuram_async_fifo.xpm_fifo_base_inst/gen_cdc_pntr.rd_pntr_cdc_dc_inst/src_gray_ff_reg[3]} {Block_top_i/axi_quad_spi_0/U0/NO_DUAL_QUAD_MODE.QSPI_NORMAL/QSPI_LEGACY_MD_GEN.QSPI_CORE_INTERFACE_I/FIFO_EXISTS.RX_FIFO_II/gnuram_async_fifo.xpm_fifo_base_inst/gen_cdc_pntr.rd_pntr_cdc_dc_inst/src_gray_ff_reg[4]}]] -to [get_cells [list {Block_top_i/axi_quad_spi_0/U0/NO_DUAL_QUAD_MODE.QSPI_NORMAL/QSPI_LEGACY_MD_GEN.QSPI_CORE_INTERFACE_I/FIFO_EXISTS.RX_FIFO_II/gnuram_async_fifo.xpm_fifo_base_inst/gen_cdc_pntr.rd_pntr_cdc_dc_inst/dest_graysync_ff_reg[0][0]} {Block_top_i/axi_quad_spi_0/U0/NO_DUAL_QUAD_MODE.QSPI_NORMAL/QSPI_LEGACY_MD_GEN.QSPI_CORE_INTERFACE_I/FIFO_EXISTS.RX_FIFO_II/gnuram_async_fifo.xpm_fifo_base_inst/gen_cdc_pntr.rd_pntr_cdc_dc_inst/dest_graysync_ff_reg[0][1]} {Block_top_i/axi_quad_spi_0/U0/NO_DUAL_QUAD_MODE.QSPI_NORMAL/QSPI_LEGACY_MD_GEN.QSPI_CORE_INTERFACE_I/FIFO_EXISTS.RX_FIFO_II/gnuram_async_fifo.xpm_fifo_base_inst/gen_cdc_pntr.rd_pntr_cdc_dc_inst/dest_graysync_ff_reg[0][2]} {Block_top_i/axi_quad_spi_0/U0/NO_DUAL_QUAD_MODE.QSPI_NORMAL/QSPI_LEGACY_MD_GEN.QSPI_CORE_INTERFACE_I/FIFO_EXISTS.RX_FIFO_II/gnuram_async_fifo.xpm_fifo_base_inst/gen_cdc_pntr.rd_pntr_cdc_dc_inst/dest_graysync_ff_reg[0][3]} {Block_top_i/axi_quad_spi_0/U0/NO_DUAL_QUAD_MODE.QSPI_NORMAL/QSPI_LEGACY_MD_GEN.QSPI_CORE_INTERFACE_I/FIFO_EXISTS.RX_FIFO_II/gnuram_async_fifo.xpm_fifo_base_inst/gen_cdc_pntr.rd_pntr_cdc_dc_inst/dest_graysync_ff_reg[0][4]}]] 10.000
Requirement: 10.000ns
Endpoints: 5

From Clock            To Clock              Endpoint Pin                    Reference Pin                   Corner  Actual(ns)  Slack(ns)
--------------------  --------------------  ------------------------------  ------------------------------  ------  ----------  ---------
clk_pll_i_1           clk_out1_Block_top_clk_wiz_1_0_1
                                            Block_top_i/axi_quad_spi_0/U0/NO_DUAL_QUAD_MODE.QSPI_NORMAL/QSPI_LEGACY_MD_GEN.QSPI_CORE_INTERFACE_I/FIFO_EXISTS.RX_FIFO_II/gnuram_async_fifo.xpm_fifo_base_inst/gen_cdc_pntr.rd_pntr_cdc_dc_inst/dest_graysync_ff_reg[0][0]/D
                                                                            Block_top_i/axi_quad_spi_0/U0/NO_DUAL_QUAD_MODE.QSPI_NORMAL/QSPI_LEGACY_MD_GEN.QSPI_CORE_INTERFACE_I/FIFO_EXISTS.RX_FIFO_II/gnuram_async_fifo.xpm_fifo_base_inst/gen_cdc_pntr.rd_pntr_cdc_dc_inst/dest_graysync_ff_reg[0][2]/D
                                                                                                            Slow         0.730      9.270


Slack (MET) :             9.270ns  (requirement - actual skew)
  Endpoint Source:        Block_top_i/axi_quad_spi_0/U0/NO_DUAL_QUAD_MODE.QSPI_NORMAL/QSPI_LEGACY_MD_GEN.QSPI_CORE_INTERFACE_I/FIFO_EXISTS.RX_FIFO_II/gnuram_async_fifo.xpm_fifo_base_inst/gen_cdc_pntr.rd_pntr_cdc_dc_inst/src_gray_ff_reg[0]/C
                            (rising edge-triggered cell FDRE clocked by clk_pll_i_1)
  Endpoint Destination:   Block_top_i/axi_quad_spi_0/U0/NO_DUAL_QUAD_MODE.QSPI_NORMAL/QSPI_LEGACY_MD_GEN.QSPI_CORE_INTERFACE_I/FIFO_EXISTS.RX_FIFO_II/gnuram_async_fifo.xpm_fifo_base_inst/gen_cdc_pntr.rd_pntr_cdc_dc_inst/dest_graysync_ff_reg[0][0]/D
                            (rising edge-triggered cell FDRE clocked by clk_out1_Block_top_clk_wiz_1_0_1)
  Reference Source:       Block_top_i/axi_quad_spi_0/U0/NO_DUAL_QUAD_MODE.QSPI_NORMAL/QSPI_LEGACY_MD_GEN.QSPI_CORE_INTERFACE_I/FIFO_EXISTS.RX_FIFO_II/gnuram_async_fifo.xpm_fifo_base_inst/gen_cdc_pntr.rd_pntr_cdc_dc_inst/src_gray_ff_reg[2]/C
                            (rising edge-triggered cell FDRE clocked by clk_pll_i_1)
  Reference Destination:  Block_top_i/axi_quad_spi_0/U0/NO_DUAL_QUAD_MODE.QSPI_NORMAL/QSPI_LEGACY_MD_GEN.QSPI_CORE_INTERFACE_I/FIFO_EXISTS.RX_FIFO_II/gnuram_async_fifo.xpm_fifo_base_inst/gen_cdc_pntr.rd_pntr_cdc_dc_inst/dest_graysync_ff_reg[0][2]/D
                            (rising edge-triggered cell FDRE clocked by clk_out1_Block_top_clk_wiz_1_0_1)
  Path Type:              Bus Skew (Max at Slow Process Corner)
  Requirement:            10.000ns
  Endpoint Relative Delay:    1.296ns
  Reference Relative Delay:  -0.132ns
  Relative CRPR:              0.698ns
  Actual Bus Skew:            0.730ns  (Endpoint Relative Delay - Reference Relative Delay - Relative CRPR)

Endpoint path:
    Pin Reuse     Location             Delay type                Incr(ns)  Path(ns)    Netlist Resource(s)
  ---------------------------------------------------------------------------------    -------------------
                                       (clock clk_pll_i_1 rise edge)
                                                                    0.000     0.000 r  
                  N14                                               0.000     0.000 r  clk (IN)
                                       net (fo=0)                   0.000     0.000    Block_top_i/clk_wiz_0/inst/clk_in1
                  N14                  IBUF (Prop_ibuf_I_O)         1.448     1.448 r  Block_top_i/clk_wiz_0/inst/clkin1_ibufg/O
                                       net (fo=1, routed)           1.065     2.513    Block_top_i/clk_wiz_0/inst/clk_in1_Block_top_clk_wiz_0_0
                  MMCME2_ADV_X0Y0      MMCME2_ADV (Prop_mmcme2_adv_CLKIN1_CLKOUT0)
                                                                   -5.924    -3.412 r  Block_top_i/clk_wiz_0/inst/mmcm_adv_inst/CLKOUT0
                                       net (fo=1, routed)           1.425    -1.987    Block_top_i/clk_wiz_0/inst/clk_100_Block_top_clk_wiz_0_0
                  BUFGCTRL_X0Y1        BUFG (Prop_bufg_I_O)         0.081    -1.906 r  Block_top_i/clk_wiz_0/inst/clkout1_buf/O
                                       net (fo=1, routed)           1.393    -0.513    Block_top_i/mig_axi_wrapper_0/inst/mig_inst/u_mig_7series_0_mig/u_ddr3_infrastructure/mmcm_clk
                  PLLE2_ADV_X0Y1       PLLE2_ADV (Prop_plle2_adv_CLKIN1_CLKOUT3)
                                                                    0.077    -0.436 r  Block_top_i/mig_axi_wrapper_0/inst/mig_inst/u_mig_7series_0_mig/u_ddr3_infrastructure/plle2_i/CLKOUT3
                                       net (fo=1, routed)           1.066     0.630    Block_top_i/mig_axi_wrapper_0/inst/mig_inst/u_mig_7series_0_mig/u_ddr3_infrastructure/pll_clk3_out
                  BUFHCE_X0Y12         BUFH (Prop_bufh_I_O)         0.106     0.736 r  Block_top_i/mig_axi_wrapper_0/inst/mig_inst/u_mig_7series_0_mig/u_ddr3_infrastructure/u_bufh_pll_clk3/O
                                       net (fo=1, routed)           0.701     1.437    Block_top_i/mig_axi_wrapper_0/inst/mig_inst/u_mig_7series_0_mig/u_ddr3_infrastructure/pll_clk3
                  MMCME2_ADV_X0Y1      MMCME2_ADV (Prop_mmcme2_adv_CLKIN1_CLKFBOUT)
                                                                   -2.877    -1.440 r  Block_top_i/mig_axi_wrapper_0/inst/mig_inst/u_mig_7series_0_mig/u_ddr3_infrastructure/gen_mmcm.mmcm_i/CLKFBOUT
                                       net (fo=1, routed)           1.425    -0.015    Block_top_i/mig_axi_wrapper_0/inst/mig_inst/u_mig_7series_0_mig/u_ddr3_infrastructure/clk_pll_i
                  BUFGCTRL_X0Y16       BUFG (Prop_bufg_I_O)         0.081     0.066 r  Block_top_i/mig_axi_wrapper_0/inst/mig_inst/u_mig_7series_0_mig/u_ddr3_infrastructure/u_bufg_clkdiv0/O
                                       net (fo=18931, routed)       1.431     1.497    Block_top_i/axi_quad_spi_0/U0/NO_DUAL_QUAD_MODE.QSPI_NORMAL/QSPI_LEGACY_MD_GEN.QSPI_CORE_INTERFACE_I/FIFO_EXISTS.RX_FIFO_II/gnuram_async_fifo.xpm_fifo_base_inst/gen_cdc_pntr.rd_pntr_cdc_dc_inst/src_clk
                  SLICE_X62Y29         FDRE                                         r  Block_top_i/axi_quad_spi_0/U0/NO_DUAL_QUAD_MODE.QSPI_NORMAL/QSPI_LEGACY_MD_GEN.QSPI_CORE_INTERFACE_I/FIFO_EXISTS.RX_FIFO_II/gnuram_async_fifo.xpm_fifo_base_inst/gen_cdc_pntr.rd_pntr_cdc_dc_inst/src_gray_ff_reg[0]/C
  ---------------------------------------------------------------------------------    -------------------
    Routing       SLICE_X62Y29         FDRE (Prop_fdre_C_Q)         0.379     1.876 r  Block_top_i/axi_quad_spi_0/U0/NO_DUAL_QUAD_MODE.QSPI_NORMAL/QSPI_LEGACY_MD_GEN.QSPI_CORE_INTERFACE_I/FIFO_EXISTS.RX_FIFO_II/gnuram_async_fifo.xpm_fifo_base_inst/gen_cdc_pntr.rd_pntr_cdc_dc_inst/src_gray_ff_reg[0]/Q
                                       net (fo=1, routed)           0.667     2.543    Block_top_i/axi_quad_spi_0/U0/NO_DUAL_QUAD_MODE.QSPI_NORMAL/QSPI_LEGACY_MD_GEN.QSPI_CORE_INTERFACE_I/FIFO_EXISTS.RX_FIFO_II/gnuram_async_fifo.xpm_fifo_base_inst/gen_cdc_pntr.rd_pntr_cdc_dc_inst/async_path[0]
    Routing       SLICE_X62Y28         FDRE                                         r  Block_top_i/axi_quad_spi_0/U0/NO_DUAL_QUAD_MODE.QSPI_NORMAL/QSPI_LEGACY_MD_GEN.QSPI_CORE_INTERFACE_I/FIFO_EXISTS.RX_FIFO_II/gnuram_async_fifo.xpm_fifo_base_inst/gen_cdc_pntr.rd_pntr_cdc_dc_inst/dest_graysync_ff_reg[0][0]/D
  ---------------------------------------------------------------------------------    -------------------

                                       (clock clk_out1_Block_top_clk_wiz_1_0_1 rise edge)
                                                                    0.000     0.000 r  
                  BUFGCTRL_X0Y16       BUFG                         0.000     0.000 r  Block_top_i/mig_axi_wrapper_0/inst/mig_inst/u_mig_7series_0_mig/u_ddr3_infrastructure/u_bufg_clkdiv0/O
                                       net (fo=18931, routed)       1.287     1.287    Block_top_i/clk_wiz_1/inst/clk_in1
                  MMCME2_ADV_X1Y0      MMCME2_ADV (Prop_mmcme2_adv_CLKIN1_CLKOUT0)
                                                                   -2.714    -1.427 r  Block_top_i/clk_wiz_1/inst/mmcm_adv_inst/CLKOUT0
                                       net (fo=1, routed)           1.352    -0.075    Block_top_i/clk_wiz_1/inst/clk_out1_Block_top_clk_wiz_1_0
                  BUFGCTRL_X0Y3        BUFG (Prop_bufg_I_O)         0.077     0.002 r  Block_top_i/clk_wiz_1/inst/clkout1_buf/O
                                       net (fo=316, routed)         1.319     1.321    Block_top_i/axi_quad_spi_0/U0/NO_DUAL_QUAD_MODE.QSPI_NORMAL/QSPI_LEGACY_MD_GEN.QSPI_CORE_INTERFACE_I/FIFO_EXISTS.RX_FIFO_II/gnuram_async_fifo.xpm_fifo_base_inst/gen_cdc_pntr.rd_pntr_cdc_dc_inst/dest_clk
                  SLICE_X62Y28         FDRE                                         r  Block_top_i/axi_quad_spi_0/U0/NO_DUAL_QUAD_MODE.QSPI_NORMAL/QSPI_LEGACY_MD_GEN.QSPI_CORE_INTERFACE_I/FIFO_EXISTS.RX_FIFO_II/gnuram_async_fifo.xpm_fifo_base_inst/gen_cdc_pntr.rd_pntr_cdc_dc_inst/dest_graysync_ff_reg[0][0]/C
                                       clock pessimism              0.000     1.321    
                  SLICE_X62Y28         FDRE (Setup_fdre_C_D)       -0.074     1.247    Block_top_i/axi_quad_spi_0/U0/NO_DUAL_QUAD_MODE.QSPI_NORMAL/QSPI_LEGACY_MD_GEN.QSPI_CORE_INTERFACE_I/FIFO_EXISTS.RX_FIFO_II/gnuram_async_fifo.xpm_fifo_base_inst/gen_cdc_pntr.rd_pntr_cdc_dc_inst/dest_graysync_ff_reg[0][0]
  ---------------------------------------------------------------------------------
                                       data arrival                           2.543    
                                       clock arrival                          1.247    
  ---------------------------------------------------------------------------------
                                       relative delay                         1.296    

Reference path:
    Pin Reuse     Location             Delay type                Incr(ns)  Path(ns)    Netlist Resource(s)
  ---------------------------------------------------------------------------------    -------------------
                                       (clock clk_pll_i_1 rise edge)
                                                                    0.000     0.000 r  
                  N14                                               0.000     0.000 r  clk (IN)
                                       net (fo=0)                   0.000     0.000    Block_top_i/clk_wiz_0/inst/clk_in1
                  N14                  IBUF (Prop_ibuf_I_O)         1.381     1.381 r  Block_top_i/clk_wiz_0/inst/clkin1_ibufg/O
                                       net (fo=1, routed)           1.004     2.385    Block_top_i/clk_wiz_0/inst/clk_in1_Block_top_clk_wiz_0_0
                  MMCME2_ADV_X0Y0      MMCME2_ADV (Prop_mmcme2_adv_CLKIN1_CLKOUT0)
                                                                   -6.061    -3.676 r  Block_top_i/clk_wiz_0/inst/mmcm_adv_inst/CLKOUT0
                                       net (fo=1, routed)           1.357    -2.319    Block_top_i/clk_wiz_0/inst/clk_100_Block_top_clk_wiz_0_0
                  BUFGCTRL_X0Y1        BUFG (Prop_bufg_I_O)         0.077    -2.242 r  Block_top_i/clk_wiz_0/inst/clkout1_buf/O
                                       net (fo=1, routed)           1.289    -0.953    Block_top_i/mig_axi_wrapper_0/inst/mig_inst/u_mig_7series_0_mig/u_ddr3_infrastructure/mmcm_clk
                  PLLE2_ADV_X0Y1       PLLE2_ADV (Prop_plle2_adv_CLKIN1_CLKOUT3)
                                                                    0.073    -0.880 r  Block_top_i/mig_axi_wrapper_0/inst/mig_inst/u_mig_7series_0_mig/u_ddr3_infrastructure/plle2_i/CLKOUT3
                                       net (fo=1, routed)           0.934     0.054    Block_top_i/mig_axi_wrapper_0/inst/mig_inst/u_mig_7series_0_mig/u_ddr3_infrastructure/pll_clk3_out
                  BUFHCE_X0Y12         BUFH (Prop_bufh_I_O)         0.069     0.123 r  Block_top_i/mig_axi_wrapper_0/inst/mig_inst/u_mig_7series_0_mig/u_ddr3_infrastructure/u_bufh_pll_clk3/O
                                       net (fo=1, routed)           0.663     0.786    Block_top_i/mig_axi_wrapper_0/inst/mig_inst/u_mig_7series_0_mig/u_ddr3_infrastructure/pll_clk3
                  MMCME2_ADV_X0Y1      MMCME2_ADV (Prop_mmcme2_adv_CLKIN1_CLKFBOUT)
                                                                   -2.703    -1.916 r  Block_top_i/mig_axi_wrapper_0/inst/mig_inst/u_mig_7series_0_mig/u_ddr3_infrastructure/gen_mmcm.mmcm_i/CLKFBOUT
                                       net (fo=1, routed)           1.357    -0.559    Block_top_i/mig_axi_wrapper_0/inst/mig_inst/u_mig_7series_0_mig/u_ddr3_infrastructure/clk_pll_i
                  BUFGCTRL_X0Y16       BUFG (Prop_bufg_I_O)         0.077    -0.482 r  Block_top_i/mig_axi_wrapper_0/inst/mig_inst/u_mig_7series_0_mig/u_ddr3_infrastructure/u_bufg_clkdiv0/O
                                       net (fo=18931, routed)       1.321     0.839    Block_top_i/axi_quad_spi_0/U0/NO_DUAL_QUAD_MODE.QSPI_NORMAL/QSPI_LEGACY_MD_GEN.QSPI_CORE_INTERFACE_I/FIFO_EXISTS.RX_FIFO_II/gnuram_async_fifo.xpm_fifo_base_inst/gen_cdc_pntr.rd_pntr_cdc_dc_inst/src_clk
                  SLICE_X65Y27         FDRE                                         r  Block_top_i/axi_quad_spi_0/U0/NO_DUAL_QUAD_MODE.QSPI_NORMAL/QSPI_LEGACY_MD_GEN.QSPI_CORE_INTERFACE_I/FIFO_EXISTS.RX_FIFO_II/gnuram_async_fifo.xpm_fifo_base_inst/gen_cdc_pntr.rd_pntr_cdc_dc_inst/src_gray_ff_reg[2]/C
  ---------------------------------------------------------------------------------    -------------------
    Routing       SLICE_X65Y27         FDRE (Prop_fdre_C_Q)         0.304     1.143 r  Block_top_i/axi_quad_spi_0/U0/NO_DUAL_QUAD_MODE.QSPI_NORMAL/QSPI_LEGACY_MD_GEN.QSPI_CORE_INTERFACE_I/FIFO_EXISTS.RX_FIFO_II/gnuram_async_fifo.xpm_fifo_base_inst/gen_cdc_pntr.rd_pntr_cdc_dc_inst/src_gray_ff_reg[2]/Q
                                       net (fo=1, routed)           0.290     1.433    Block_top_i/axi_quad_spi_0/U0/NO_DUAL_QUAD_MODE.QSPI_NORMAL/QSPI_LEGACY_MD_GEN.QSPI_CORE_INTERFACE_I/FIFO_EXISTS.RX_FIFO_II/gnuram_async_fifo.xpm_fifo_base_inst/gen_cdc_pntr.rd_pntr_cdc_dc_inst/async_path[2]
    Routing       SLICE_X61Y28         FDRE                                         r  Block_top_i/axi_quad_spi_0/U0/NO_DUAL_QUAD_MODE.QSPI_NORMAL/QSPI_LEGACY_MD_GEN.QSPI_CORE_INTERFACE_I/FIFO_EXISTS.RX_FIFO_II/gnuram_async_fifo.xpm_fifo_base_inst/gen_cdc_pntr.rd_pntr_cdc_dc_inst/dest_graysync_ff_reg[0][2]/D
  ---------------------------------------------------------------------------------    -------------------

                                       (clock clk_out1_Block_top_clk_wiz_1_0_1 rise edge)
                                                                    0.000     0.000 r  
                  BUFGCTRL_X0Y16       BUFG                         0.000     0.000 r  Block_top_i/mig_axi_wrapper_0/inst/mig_inst/u_mig_7series_0_mig/u_ddr3_infrastructure/u_bufg_clkdiv0/O
                                       net (fo=18931, routed)       1.392     1.392    Block_top_i/clk_wiz_1/inst/clk_in1
                  MMCME2_ADV_X1Y0      MMCME2_ADV (Prop_mmcme2_adv_CLKIN1_CLKOUT0)
                                                                   -2.890    -1.499 r  Block_top_i/clk_wiz_1/inst/mmcm_adv_inst/CLKOUT0
                                       net (fo=1, routed)           1.421    -0.078    Block_top_i/clk_wiz_1/inst/clk_out1_Block_top_clk_wiz_1_0
                  BUFGCTRL_X0Y3        BUFG (Prop_bufg_I_O)         0.081     0.003 r  Block_top_i/clk_wiz_1/inst/clkout1_buf/O
                                       net (fo=316, routed)         1.424     1.427    Block_top_i/axi_quad_spi_0/U0/NO_DUAL_QUAD_MODE.QSPI_NORMAL/QSPI_LEGACY_MD_GEN.QSPI_CORE_INTERFACE_I/FIFO_EXISTS.RX_FIFO_II/gnuram_async_fifo.xpm_fifo_base_inst/gen_cdc_pntr.rd_pntr_cdc_dc_inst/dest_clk
                  SLICE_X61Y28         FDRE                                         r  Block_top_i/axi_quad_spi_0/U0/NO_DUAL_QUAD_MODE.QSPI_NORMAL/QSPI_LEGACY_MD_GEN.QSPI_CORE_INTERFACE_I/FIFO_EXISTS.RX_FIFO_II/gnuram_async_fifo.xpm_fifo_base_inst/gen_cdc_pntr.rd_pntr_cdc_dc_inst/dest_graysync_ff_reg[0][2]/C
                                       clock pessimism              0.000     1.427    
                  SLICE_X61Y28         FDRE (Hold_fdre_C_D)         0.138     1.565    Block_top_i/axi_quad_spi_0/U0/NO_DUAL_QUAD_MODE.QSPI_NORMAL/QSPI_LEGACY_MD_GEN.QSPI_CORE_INTERFACE_I/FIFO_EXISTS.RX_FIFO_II/gnuram_async_fifo.xpm_fifo_base_inst/gen_cdc_pntr.rd_pntr_cdc_dc_inst/dest_graysync_ff_reg[0][2]
  ---------------------------------------------------------------------------------
                                       data arrival                           1.433    
                                       clock arrival                          1.565    
  ---------------------------------------------------------------------------------
                                       relative delay                        -0.132    



