
*** Running vivado
    with args -log Block_top_VexiiSocWrapper_0_1.vds -m64 -product Vivado -mode batch -messageDb vivado.pb -notrace -source Block_top_VexiiSocWrapper_0_1.tcl


****** Vivado v2025.2 (64-bit)
  **** SW Build 6299465 on Fri Nov 14 12:34:56 MST 2025
  **** IP Build 6300035 on Fri Nov 14 10:48:45 MST 2025
  **** SharedData Build 6298862 on Thu Nov 13 04:50:51 MST 2025
  **** Start of session at: Thu Aug  6 22:28:20 2026
    ** Copyright 1986-2022 Xilinx, Inc. All Rights Reserved.
    ** Copyright 2022-2025 Advanced Micro Devices, Inc. All Rights Reserved.

source Block_top_VexiiSocWrapper_0_1.tcl -notrace
INFO: [IP_Flow 19-234] Refreshing IP repositories
WARNING: [IP_Flow 19-2248] Failed to load user IP repository '/home/lovro/ARES/Alchistry_Labs/DDR3 test/cores/ip_repo/myip_1_0'; Can't find the specified path.
If this directory should no longer be in your list of user repositories, go to the IP Settings dialog and remove it.
WARNING: [IP_Flow 19-2248] Failed to load user IP repository '/home/lovro/ARES/Alchistry_Labs/DDR3 test/cores/ip_repo/CPU_IO_converter_1_0'; Can't find the specified path.
If this directory should no longer be in your list of user repositories, go to the IP Settings dialog and remove it.
WARNING: [IP_Flow 19-2248] Failed to load user IP repository '/home/lovro/ARES/Alchistry_Labs/DDR3 test/cores/ip_repo/CPU_io_converter_1_0'; Can't find the specified path.
If this directory should no longer be in your list of user repositories, go to the IP Settings dialog and remove it.
INFO: [IP_Flow 19-2313] Loaded Vivado IP repository '/opt/Vivado/2025.2/data/ip'.
Command: synth_design -top Block_top_VexiiSocWrapper_0_1 -part xc7a35tftg256-2 -incremental_mode off -mode out_of_context
Starting synth_design
Attempting to get a license for feature 'Synthesis' and/or device 'xc7a35t'
INFO: [Common 17-349] Got license for feature 'Synthesis' and/or device 'xc7a35t'
INFO: [Device 21-403] Loading part xc7a35tftg256-2
INFO: [Synth 8-7079] Multithreading enabled for synth_design using a maximum of 7 processes.
INFO: [Synth 8-7078] Launching helper process for spawning children vivado processes
INFO: [Synth 8-7075] Helper process launched with PID 187654
---------------------------------------------------------------------------------
Starting RTL Elaboration : Time (s): cpu = 00:00:03 ; elapsed = 00:00:04 . Memory (MB): peak = 2194.715 ; gain = 483.188 ; free physical = 181 ; free virtual = 6611
---------------------------------------------------------------------------------
INFO: [Synth 8-6157] synthesizing module 'Block_top_VexiiSocWrapper_0_1' [/home/lovro/ARES/ARES_fpga/ARES_fpga/ARES_fpga.gen/sources_1/bd/Block_top/ip/Block_top_VexiiSocWrapper_0_1/synth/Block_top_VexiiSocWrapper_0_1.v:53]
INFO: [Synth 8-6157] synthesizing module 'VexiiSocWrapper' [/home/lovro/ARES/ARES_fpga/ARES_fpga/ARES_fpga.srcs/sources_1/new/VexiiSocWrapper.v:1]
INFO: [Synth 8-6157] synthesizing module 'VexiiSoc' [/home/lovro/ARES/ARES_fpga/ARES_fpga/ARES_fpga.srcs/sources_1/imports/generated/VexiiSoc.v:7]
INFO: [Synth 8-6157] synthesizing module 'VexiiRiscv' [/home/lovro/ARES/ARES_fpga/ARES_fpga/ARES_fpga.srcs/sources_1/imports/generated/VexiiSoc.v:10604]
INFO: [Synth 8-6157] synthesizing module 'StreamArbiter' [/home/lovro/ARES/ARES_fpga/ARES_fpga/ARES_fpga.srcs/sources_1/imports/generated/VexiiSoc.v:40849]
INFO: [Synth 8-6155] done synthesizing module 'StreamArbiter' (0#1) [/home/lovro/ARES/ARES_fpga/ARES_fpga/ARES_fpga.srcs/sources_1/imports/generated/VexiiSoc.v:40849]
INFO: [Synth 8-6157] synthesizing module 'StreamArbiter_1' [/home/lovro/ARES/ARES_fpga/ARES_fpga/ARES_fpga.srcs/sources_1/imports/generated/VexiiSoc.v:40813]
INFO: [Synth 8-6155] done synthesizing module 'StreamArbiter_1' (0#1) [/home/lovro/ARES/ARES_fpga/ARES_fpga/ARES_fpga.srcs/sources_1/imports/generated/VexiiSoc.v:40813]
INFO: [Synth 8-6157] synthesizing module 'DivRadix' [/home/lovro/ARES/ARES_fpga/ARES_fpga/ARES_fpga.srcs/sources_1/imports/generated/VexiiSoc.v:40645]
INFO: [Synth 8-6155] done synthesizing module 'DivRadix' (0#1) [/home/lovro/ARES/ARES_fpga/ARES_fpga/ARES_fpga.srcs/sources_1/imports/generated/VexiiSoc.v:40645]
INFO: [Synth 8-6157] synthesizing module 'StreamArbiter_2' [/home/lovro/ARES/ARES_fpga/ARES_fpga/ARES_fpga.srcs/sources_1/imports/generated/VexiiSoc.v:40602]
INFO: [Synth 8-6155] done synthesizing module 'StreamArbiter_2' (0#1) [/home/lovro/ARES/ARES_fpga/ARES_fpga/ARES_fpga.srcs/sources_1/imports/generated/VexiiSoc.v:40602]
INFO: [Synth 8-6157] synthesizing module 'FpuSqrt' [/home/lovro/ARES/ARES_fpga/ARES_fpga/ARES_fpga.srcs/sources_1/imports/generated/VexiiSoc.v:40504]
INFO: [Synth 8-6155] done synthesizing module 'FpuSqrt' (0#1) [/home/lovro/ARES/ARES_fpga/ARES_fpga/ARES_fpga.srcs/sources_1/imports/generated/VexiiSoc.v:40504]
INFO: [Synth 8-6157] synthesizing module 'StreamArbiter_3' [/home/lovro/ARES/ARES_fpga/ARES_fpga/ARES_fpga.srcs/sources_1/imports/generated/VexiiSoc.v:40285]
INFO: [Synth 8-6155] done synthesizing module 'StreamArbiter_3' (0#1) [/home/lovro/ARES/ARES_fpga/ARES_fpga/ARES_fpga.srcs/sources_1/imports/generated/VexiiSoc.v:40285]
INFO: [Synth 8-6157] synthesizing module 'StreamArbiter_4' [/home/lovro/ARES/ARES_fpga/ARES_fpga/ARES_fpga.srcs/sources_1/imports/generated/VexiiSoc.v:40248]
INFO: [Synth 8-6155] done synthesizing module 'StreamArbiter_4' (0#1) [/home/lovro/ARES/ARES_fpga/ARES_fpga/ARES_fpga.srcs/sources_1/imports/generated/VexiiSoc.v:40248]
INFO: [Synth 8-6157] synthesizing module 'StreamArbiter_5' [/home/lovro/ARES/ARES_fpga/ARES_fpga/ARES_fpga.srcs/sources_1/imports/generated/VexiiSoc.v:40223]
INFO: [Synth 8-6155] done synthesizing module 'StreamArbiter_5' (0#1) [/home/lovro/ARES/ARES_fpga/ARES_fpga/ARES_fpga.srcs/sources_1/imports/generated/VexiiSoc.v:40223]
INFO: [Synth 8-6157] synthesizing module 'RegFileMem' [/home/lovro/ARES/ARES_fpga/ARES_fpga/ARES_fpga.srcs/sources_1/imports/generated/VexiiSoc.v:40137]
INFO: [Synth 8-6155] done synthesizing module 'RegFileMem' (0#1) [/home/lovro/ARES/ARES_fpga/ARES_fpga/ARES_fpga.srcs/sources_1/imports/generated/VexiiSoc.v:40137]
INFO: [Synth 8-6157] synthesizing module 'RegFileMem_1' [/home/lovro/ARES/ARES_fpga/ARES_fpga/ARES_fpga.srcs/sources_1/imports/generated/VexiiSoc.v:40028]
INFO: [Synth 8-6155] done synthesizing module 'RegFileMem_1' (0#1) [/home/lovro/ARES/ARES_fpga/ARES_fpga/ARES_fpga.srcs/sources_1/imports/generated/VexiiSoc.v:40028]
INFO: [Synth 8-6155] done synthesizing module 'VexiiRiscv' (0#1) [/home/lovro/ARES/ARES_fpga/ARES_fpga/ARES_fpga.srcs/sources_1/imports/generated/VexiiSoc.v:10604]
INFO: [Synth 8-6157] synthesizing module 'BufferCC' [/home/lovro/ARES/ARES_fpga/ARES_fpga/ARES_fpga.srcs/sources_1/imports/generated/VexiiSoc.v:10580]
INFO: [Synth 8-6155] done synthesizing module 'BufferCC' (0#1) [/home/lovro/ARES/ARES_fpga/ARES_fpga/ARES_fpga.srcs/sources_1/imports/generated/VexiiSoc.v:10580]
INFO: [Synth 8-6157] synthesizing module 'BufferCC_1' [/home/lovro/ARES/ARES_fpga/ARES_fpga/ARES_fpga.srcs/sources_1/imports/generated/VexiiSoc.v:10556]
INFO: [Synth 8-6155] done synthesizing module 'BufferCC_1' (0#1) [/home/lovro/ARES/ARES_fpga/ARES_fpga/ARES_fpga.srcs/sources_1/imports/generated/VexiiSoc.v:10556]
INFO: [Synth 8-6157] synthesizing module 'Arbiter' [/home/lovro/ARES/ARES_fpga/ARES_fpga/ARES_fpga.srcs/sources_1/imports/generated/VexiiSoc.v:10206]
INFO: [Synth 8-6157] synthesizing module 'StreamArbiter_6' [/home/lovro/ARES/ARES_fpga/ARES_fpga/ARES_fpga.srcs/sources_1/imports/generated/VexiiSoc.v:39844]
INFO: [Synth 8-6155] done synthesizing module 'StreamArbiter_6' (0#1) [/home/lovro/ARES/ARES_fpga/ARES_fpga/ARES_fpga.srcs/sources_1/imports/generated/VexiiSoc.v:39844]
INFO: [Synth 8-6155] done synthesizing module 'Arbiter' (0#1) [/home/lovro/ARES/ARES_fpga/ARES_fpga/ARES_fpga.srcs/sources_1/imports/generated/VexiiSoc.v:10206]
INFO: [Synth 8-6157] synthesizing module 'Arbiter_1' [/home/lovro/ARES/ARES_fpga/ARES_fpga/ARES_fpga.srcs/sources_1/imports/generated/VexiiSoc.v:9850]
INFO: [Synth 8-6157] synthesizing module 'StreamArbiter_7' [/home/lovro/ARES/ARES_fpga/ARES_fpga/ARES_fpga.srcs/sources_1/imports/generated/VexiiSoc.v:39660]
INFO: [Synth 8-6155] done synthesizing module 'StreamArbiter_7' (0#1) [/home/lovro/ARES/ARES_fpga/ARES_fpga/ARES_fpga.srcs/sources_1/imports/generated/VexiiSoc.v:39660]
INFO: [Synth 8-6155] done synthesizing module 'Arbiter_1' (0#1) [/home/lovro/ARES/ARES_fpga/ARES_fpga/ARES_fpga.srcs/sources_1/imports/generated/VexiiSoc.v:9850]
INFO: [Synth 8-6157] synthesizing module 'AxiLite4Bridge' [/home/lovro/ARES/ARES_fpga/ARES_fpga/ARES_fpga.srcs/sources_1/imports/generated/VexiiSoc.v:9356]
INFO: [Synth 8-6157] synthesizing module 'StreamFork' [/home/lovro/ARES/ARES_fpga/ARES_fpga/ARES_fpga.srcs/sources_1/imports/generated/VexiiSoc.v:39519]
INFO: [Synth 8-6155] done synthesizing module 'StreamFork' (0#1) [/home/lovro/ARES/ARES_fpga/ARES_fpga/ARES_fpga.srcs/sources_1/imports/generated/VexiiSoc.v:39519]
INFO: [Synth 8-6155] done synthesizing module 'AxiLite4Bridge' (0#1) [/home/lovro/ARES/ARES_fpga/ARES_fpga/ARES_fpga.srcs/sources_1/imports/generated/VexiiSoc.v:9356]
INFO: [Synth 8-6157] synthesizing module 'Axi4Bridge' [/home/lovro/ARES/ARES_fpga/ARES_fpga/ARES_fpga.srcs/sources_1/imports/generated/VexiiSoc.v:8685]
INFO: [Synth 8-6157] synthesizing module 'ContextAsyncBufferFull' [/home/lovro/ARES/ARES_fpga/ARES_fpga/ARES_fpga.srcs/sources_1/imports/generated/VexiiSoc.v:39471]
INFO: [Synth 8-6155] done synthesizing module 'ContextAsyncBufferFull' (0#1) [/home/lovro/ARES/ARES_fpga/ARES_fpga/ARES_fpga.srcs/sources_1/imports/generated/VexiiSoc.v:39471]
INFO: [Synth 8-6157] synthesizing module 'StreamFork_1' [/home/lovro/ARES/ARES_fpga/ARES_fpga/ARES_fpga.srcs/sources_1/imports/generated/VexiiSoc.v:39332]
INFO: [Synth 8-6155] done synthesizing module 'StreamFork_1' (0#1) [/home/lovro/ARES/ARES_fpga/ARES_fpga/ARES_fpga.srcs/sources_1/imports/generated/VexiiSoc.v:39332]
INFO: [Synth 8-6157] synthesizing module 'StreamArbiter_9' [/home/lovro/ARES/ARES_fpga/ARES_fpga/ARES_fpga.srcs/sources_1/imports/generated/VexiiSoc.v:39248]
INFO: [Synth 8-6155] done synthesizing module 'StreamArbiter_9' (0#1) [/home/lovro/ARES/ARES_fpga/ARES_fpga/ARES_fpga.srcs/sources_1/imports/generated/VexiiSoc.v:39248]
INFO: [Synth 8-6155] done synthesizing module 'Axi4Bridge' (0#1) [/home/lovro/ARES/ARES_fpga/ARES_fpga/ARES_fpga.srcs/sources_1/imports/generated/VexiiSoc.v:8685]
INFO: [Synth 8-6157] synthesizing module 'Decoder' [/home/lovro/ARES/ARES_fpga/ARES_fpga/ARES_fpga.srcs/sources_1/imports/generated/VexiiSoc.v:8164]
INFO: [Synth 8-6157] synthesizing module 'StreamArbiter_10' [/home/lovro/ARES/ARES_fpga/ARES_fpga/ARES_fpga.srcs/sources_1/imports/generated/VexiiSoc.v:38997]
INFO: [Synth 8-6155] done synthesizing module 'StreamArbiter_10' (0#1) [/home/lovro/ARES/ARES_fpga/ARES_fpga/ARES_fpga.srcs/sources_1/imports/generated/VexiiSoc.v:38997]
INFO: [Synth 8-6155] done synthesizing module 'Decoder' (0#1) [/home/lovro/ARES/ARES_fpga/ARES_fpga/ARES_fpga.srcs/sources_1/imports/generated/VexiiSoc.v:8164]
INFO: [Synth 8-6157] synthesizing module 'Decoder_1' [/home/lovro/ARES/ARES_fpga/ARES_fpga/ARES_fpga.srcs/sources_1/imports/generated/VexiiSoc.v:7793]
INFO: [Synth 8-6157] synthesizing module 'StreamArbiter_11' [/home/lovro/ARES/ARES_fpga/ARES_fpga/ARES_fpga.srcs/sources_1/imports/generated/VexiiSoc.v:38842]
INFO: [Synth 8-6155] done synthesizing module 'StreamArbiter_11' (0#1) [/home/lovro/ARES/ARES_fpga/ARES_fpga/ARES_fpga.srcs/sources_1/imports/generated/VexiiSoc.v:38842]
INFO: [Synth 8-6155] done synthesizing module 'Decoder_1' (0#1) [/home/lovro/ARES/ARES_fpga/ARES_fpga/ARES_fpga.srcs/sources_1/imports/generated/VexiiSoc.v:7793]
INFO: [Synth 8-6157] synthesizing module 'TilelinkClint' [/home/lovro/ARES/ARES_fpga/ARES_fpga/ARES_fpga.srcs/sources_1/imports/generated/VexiiSoc.v:7428]
INFO: [Synth 8-6155] done synthesizing module 'TilelinkClint' (0#1) [/home/lovro/ARES/ARES_fpga/ARES_fpga/ARES_fpga.srcs/sources_1/imports/generated/VexiiSoc.v:7428]
INFO: [Synth 8-6157] synthesizing module 'TilelinkPlic' [/home/lovro/ARES/ARES_fpga/ARES_fpga/ARES_fpga.srcs/sources_1/imports/generated/VexiiSoc.v:4837]
INFO: [Synth 8-6155] done synthesizing module 'TilelinkPlic' (0#1) [/home/lovro/ARES/ARES_fpga/ARES_fpga/ARES_fpga.srcs/sources_1/imports/generated/VexiiSoc.v:4837]
INFO: [Synth 8-6157] synthesizing module 'Decoder_2' [/home/lovro/ARES/ARES_fpga/ARES_fpga/ARES_fpga.srcs/sources_1/imports/generated/VexiiSoc.v:4439]
INFO: [Synth 8-6157] synthesizing module 'StreamArbiter_12' [/home/lovro/ARES/ARES_fpga/ARES_fpga/ARES_fpga.srcs/sources_1/imports/generated/VexiiSoc.v:38662]
INFO: [Synth 8-6155] done synthesizing module 'StreamArbiter_12' (0#1) [/home/lovro/ARES/ARES_fpga/ARES_fpga/ARES_fpga.srcs/sources_1/imports/generated/VexiiSoc.v:38662]
INFO: [Synth 8-6155] done synthesizing module 'Decoder_2' (0#1) [/home/lovro/ARES/ARES_fpga/ARES_fpga/ARES_fpga.srcs/sources_1/imports/generated/VexiiSoc.v:4439]
INFO: [Synth 8-6155] done synthesizing module 'VexiiSoc' (0#1) [/home/lovro/ARES/ARES_fpga/ARES_fpga/ARES_fpga.srcs/sources_1/imports/generated/VexiiSoc.v:7]
WARNING: [Synth 8-7071] port 'debug' of module 'VexiiSoc' is unconnected for instance 'Soc' [/home/lovro/ARES/ARES_fpga/ARES_fpga/ARES_fpga.srcs/sources_1/new/VexiiSocWrapper.v:64]
WARNING: [Synth 8-7023] instance 'Soc' of module 'VexiiSoc' has 53 connections declared, but only 52 given [/home/lovro/ARES/ARES_fpga/ARES_fpga/ARES_fpga.srcs/sources_1/new/VexiiSocWrapper.v:64]
INFO: [Synth 8-6155] done synthesizing module 'VexiiSocWrapper' (0#1) [/home/lovro/ARES/ARES_fpga/ARES_fpga/ARES_fpga.srcs/sources_1/new/VexiiSocWrapper.v:1]
INFO: [Synth 8-6155] done synthesizing module 'Block_top_VexiiSocWrapper_0_1' (0#1) [/home/lovro/ARES/ARES_fpga/ARES_fpga/ARES_fpga.gen/sources_1/bd/Block_top/ip/Block_top_VexiiSocWrapper_0_1/synth/Block_top_VexiiSocWrapper_0_1.v:53]
WARNING: [Synth 8-6014] Unused sequential element wasBusy_reg was removed.  [/home/lovro/ARES/ARES_fpga/ARES_fpga/ARES_fpga.srcs/sources_1/imports/generated/VexiiSoc.v:40745]
WARNING: [Synth 8-3936] Found unconnected internal register '_zz_shifter_reg' and it is trimmed from '33' to '32' bits. [/home/lovro/ARES/ARES_fpga/ARES_fpga/ARES_fpga.srcs/sources_1/imports/generated/VexiiSoc.v:40713]
WARNING: [Synth 8-6014] Unused sequential element FetchL1Plugin_logic_refill_pushCounter_reg was removed.  [/home/lovro/ARES/ARES_fpga/ARES_fpga/ARES_fpga.srcs/sources_1/imports/generated/VexiiSoc.v:35892]
WARNING: [Synth 8-6014] Unused sequential element FetchL1Plugin_logic_ctrl_firstCycle_reg was removed.  [/home/lovro/ARES/ARES_fpga/ARES_fpga/ARES_fpga.srcs/sources_1/imports/generated/VexiiSoc.v:35898]
WARNING: [Synth 8-6014] Unused sequential element FetchL1Plugin_logic_ctrl_onEvents_waiting_reg was removed.  [/home/lovro/ARES/ARES_fpga/ARES_fpga/ARES_fpga.srcs/sources_1/imports/generated/VexiiSoc.v:25014]
WARNING: [Synth 8-6014] Unused sequential element decode_ctrls_0_up_LANE_SEL_0_regNext_reg was removed.  [/home/lovro/ARES/ARES_fpga/ARES_fpga/ARES_fpga.srcs/sources_1/imports/generated/VexiiSoc.v:25156]
WARNING: [Synth 8-6014] Unused sequential element FpuAddSharedPlugin_logic_pip_node_1_valid_reg was removed.  [/home/lovro/ARES/ARES_fpga/ARES_fpga/ARES_fpga.srcs/sources_1/imports/generated/VexiiSoc.v:25763]
WARNING: [Synth 8-6014] Unused sequential element FpuAddSharedPlugin_logic_pip_node_2_valid_reg was removed.  [/home/lovro/ARES/ARES_fpga/ARES_fpga/ARES_fpga.srcs/sources_1/imports/generated/VexiiSoc.v:25765]
WARNING: [Synth 8-6014] Unused sequential element FpuAddSharedPlugin_logic_pip_node_3_valid_reg was removed.  [/home/lovro/ARES/ARES_fpga/ARES_fpga/ARES_fpga.srcs/sources_1/imports/generated/VexiiSoc.v:25767]
WARNING: [Synth 8-6014] Unused sequential element FpuAddSharedPlugin_logic_pip_node_4_valid_reg was removed.  [/home/lovro/ARES/ARES_fpga/ARES_fpga/ARES_fpga.srcs/sources_1/imports/generated/VexiiSoc.v:35960]
WARNING: [Synth 8-6014] Unused sequential element AlignerPlugin_logic_feeder_harts_0_dopId_reg was removed.  [/home/lovro/ARES/ARES_fpga/ARES_fpga/ARES_fpga.srcs/sources_1/imports/generated/VexiiSoc.v:26455]
WARNING: [Synth 8-6014] Unused sequential element AlignerPlugin_logic_buffer_last_reg was removed.  [/home/lovro/ARES/ARES_fpga/ARES_fpga/ARES_fpga.srcs/sources_1/imports/generated/VexiiSoc.v:26465]
WARNING: [Synth 8-6014] Unused sequential element decode_ctrls_1_up_LANE_SEL_0_regNext_reg was removed.  [/home/lovro/ARES/ARES_fpga/ARES_fpga/ARES_fpga.srcs/sources_1/imports/generated/VexiiSoc.v:27348]
WARNING: [Synth 8-6014] Unused sequential element decode_ctrls_1_up_LANE_SEL_0_regNext_1_reg was removed.  [/home/lovro/ARES/ARES_fpga/ARES_fpga/ARES_fpga.srcs/sources_1/imports/generated/VexiiSoc.v:28258]
WARNING: [Synth 8-6014] Unused sequential element execute_ctrl0_down_LANE_SEL_lane0_regNext_reg was removed.  [/home/lovro/ARES/ARES_fpga/ARES_fpga/ARES_fpga.srcs/sources_1/imports/generated/VexiiSoc.v:28263]
WARNING: [Synth 8-6014] Unused sequential element execute_ctrl2_down_LANE_SEL_lane0_regNext_reg was removed.  [/home/lovro/ARES/ARES_fpga/ARES_fpga/ARES_fpga.srcs/sources_1/imports/generated/VexiiSoc.v:28266]
WARNING: [Synth 8-6014] Unused sequential element LsuL1Plugin_logic_refill_pushCounter_reg was removed.  [/home/lovro/ARES/ARES_fpga/ARES_fpga/ARES_fpga.srcs/sources_1/imports/generated/VexiiSoc.v:36000]
WARNING: [Synth 8-6014] Unused sequential element LsuPlugin_logic_onCtrl_commitProbeToken_reg was removed.  [/home/lovro/ARES/ARES_fpga/ARES_fpga/ARES_fpga.srcs/sources_1/imports/generated/VexiiSoc.v:29559]
WARNING: [Synth 8-6014] Unused sequential element TrapPlugin_logic_harts_0_trap_fsm_trapEnterDebug_reg was removed.  [/home/lovro/ARES/ARES_fpga/ARES_fpga/ARES_fpga.srcs/sources_1/imports/generated/VexiiSoc.v:36038]
WARNING: [Synth 8-6014] Unused sequential element PcPlugin_logic_harts_0_self_id_reg was removed.  [/home/lovro/ARES/ARES_fpga/ARES_fpga/ARES_fpga.srcs/sources_1/imports/generated/VexiiSoc.v:36046]
WARNING: [Synth 8-6014] Unused sequential element _zz_WhiteboxerPlugin_logic_perf_executeFreezedCounter_2_reg was removed.  [/home/lovro/ARES/ARES_fpga/ARES_fpga/ARES_fpga.srcs/sources_1/imports/generated/VexiiSoc.v:34491]
WARNING: [Synth 8-6014] Unused sequential element _zz_WhiteboxerPlugin_logic_perf_dispatchHazardsCounter_2_reg was removed.  [/home/lovro/ARES/ARES_fpga/ARES_fpga/ARES_fpga.srcs/sources_1/imports/generated/VexiiSoc.v:34506]
WARNING: [Synth 8-6014] Unused sequential element _zz_WhiteboxerPlugin_logic_perf_candidatesCountCounters_0_2_reg was removed.  [/home/lovro/ARES/ARES_fpga/ARES_fpga/ARES_fpga.srcs/sources_1/imports/generated/VexiiSoc.v:34522]
WARNING: [Synth 8-6014] Unused sequential element _zz_WhiteboxerPlugin_logic_perf_candidatesCountCounters_1_2_reg was removed.  [/home/lovro/ARES/ARES_fpga/ARES_fpga/ARES_fpga.srcs/sources_1/imports/generated/VexiiSoc.v:34538]
WARNING: [Synth 8-6014] Unused sequential element _zz_WhiteboxerPlugin_logic_perf_dispatchFeedCounters_0_2_reg was removed.  [/home/lovro/ARES/ARES_fpga/ARES_fpga/ARES_fpga.srcs/sources_1/imports/generated/VexiiSoc.v:34554]
WARNING: [Synth 8-6014] Unused sequential element _zz_WhiteboxerPlugin_logic_perf_dispatchFeedCounters_1_2_reg was removed.  [/home/lovro/ARES/ARES_fpga/ARES_fpga/ARES_fpga.srcs/sources_1/imports/generated/VexiiSoc.v:34570]
WARNING: [Synth 8-6014] Unused sequential element FetchL1Plugin_logic_refill_slots_0_isIo_reg was removed.  [/home/lovro/ARES/ARES_fpga/ARES_fpga/ARES_fpga.srcs/sources_1/imports/generated/VexiiSoc.v:19093]
WARNING: [Synth 8-6014] Unused sequential element FetchL1Plugin_logic_refill_slots_1_isIo_reg was removed.  [/home/lovro/ARES/ARES_fpga/ARES_fpga/ARES_fpga.srcs/sources_1/imports/generated/VexiiSoc.v:19093]
WARNING: [Synth 8-6014] Unused sequential element FpuAddSharedPlugin_logic_pip_node_1_inserter_FORMAT_reg was removed.  [/home/lovro/ARES/ARES_fpga/ARES_fpga/ARES_fpga.srcs/sources_1/imports/generated/VexiiSoc.v:37280]
WARNING: [Synth 8-6014] Unused sequential element FpuAddSharedPlugin_logic_pip_node_1_Decode_UOP_ID_reg was removed.  [/home/lovro/ARES/ARES_fpga/ARES_fpga/ARES_fpga.srcs/sources_1/imports/generated/VexiiSoc.v:37288]
WARNING: [Synth 8-6014] Unused sequential element FpuAddSharedPlugin_logic_pip_node_2_inserter_rs1_exponent_reg was removed.  [/home/lovro/ARES/ARES_fpga/ARES_fpga/ARES_fpga.srcs/sources_1/imports/generated/VexiiSoc.v:19190]
WARNING: [Synth 8-6014] Unused sequential element FpuAddSharedPlugin_logic_pip_node_2_inserter_rs1_mantissa_reg was removed.  [/home/lovro/ARES/ARES_fpga/ARES_fpga/ARES_fpga.srcs/sources_1/imports/generated/VexiiSoc.v:37300]
WARNING: [Synth 8-6014] Unused sequential element FpuAddSharedPlugin_logic_pip_node_2_inserter_rs2_exponent_reg was removed.  [/home/lovro/ARES/ARES_fpga/ARES_fpga/ARES_fpga.srcs/sources_1/imports/generated/VexiiSoc.v:19191]
WARNING: [Synth 8-6014] Unused sequential element FpuAddSharedPlugin_logic_pip_node_2_inserter_rs2_mantissa_reg was removed.  [/home/lovro/ARES/ARES_fpga/ARES_fpga/ARES_fpga.srcs/sources_1/imports/generated/VexiiSoc.v:37305]
WARNING: [Synth 8-6014] Unused sequential element FpuAddSharedPlugin_logic_pip_node_2_inserter_FORMAT_reg was removed.  [/home/lovro/ARES/ARES_fpga/ARES_fpga/ARES_fpga.srcs/sources_1/imports/generated/VexiiSoc.v:37306]
WARNING: [Synth 8-6014] Unused sequential element FpuAddSharedPlugin_logic_pip_node_2_Decode_UOP_ID_reg was removed.  [/home/lovro/ARES/ARES_fpga/ARES_fpga/ARES_fpga.srcs/sources_1/imports/generated/VexiiSoc.v:37314]
WARNING: [Synth 8-6014] Unused sequential element FpuAddSharedPlugin_logic_pip_node_3_inserter_rs1_exponent_reg was removed.  [/home/lovro/ARES/ARES_fpga/ARES_fpga/ARES_fpga.srcs/sources_1/imports/generated/VexiiSoc.v:19193]
WARNING: [Synth 8-6014] Unused sequential element FpuAddSharedPlugin_logic_pip_node_3_inserter_rs1_mantissa_reg was removed.  [/home/lovro/ARES/ARES_fpga/ARES_fpga/ARES_fpga.srcs/sources_1/imports/generated/VexiiSoc.v:37329]
WARNING: [Synth 8-6014] Unused sequential element FpuAddSharedPlugin_logic_pip_node_3_inserter_rs2_exponent_reg was removed.  [/home/lovro/ARES/ARES_fpga/ARES_fpga/ARES_fpga.srcs/sources_1/imports/generated/VexiiSoc.v:19194]
WARNING: [Synth 8-6014] Unused sequential element FpuAddSharedPlugin_logic_pip_node_3_inserter_rs2_mantissa_reg was removed.  [/home/lovro/ARES/ARES_fpga/ARES_fpga/ARES_fpga.srcs/sources_1/imports/generated/VexiiSoc.v:37334]
WARNING: [Synth 8-6014] Unused sequential element FpuAddSharedPlugin_logic_pip_node_3_inserter_FORMAT_reg was removed.  [/home/lovro/ARES/ARES_fpga/ARES_fpga/ARES_fpga.srcs/sources_1/imports/generated/VexiiSoc.v:37335]
WARNING: [Synth 8-6014] Unused sequential element FpuAddSharedPlugin_logic_pip_node_3_Decode_UOP_ID_reg was removed.  [/home/lovro/ARES/ARES_fpga/ARES_fpga/ARES_fpga.srcs/sources_1/imports/generated/VexiiSoc.v:37343]
WARNING: [Synth 8-6014] Unused sequential element FpuAddSharedPlugin_logic_pip_node_4_inserter_rs1_exponent_reg was removed.  [/home/lovro/ARES/ARES_fpga/ARES_fpga/ARES_fpga.srcs/sources_1/imports/generated/VexiiSoc.v:37354]
WARNING: [Synth 8-6014] Unused sequential element FpuAddSharedPlugin_logic_pip_node_4_inserter_rs1_mantissa_reg was removed.  [/home/lovro/ARES/ARES_fpga/ARES_fpga/ARES_fpga.srcs/sources_1/imports/generated/VexiiSoc.v:37355]
WARNING: [Synth 8-6014] Unused sequential element FpuAddSharedPlugin_logic_pip_node_4_inserter_rs2_exponent_reg was removed.  [/home/lovro/ARES/ARES_fpga/ARES_fpga/ARES_fpga.srcs/sources_1/imports/generated/VexiiSoc.v:37359]
WARNING: [Synth 8-6014] Unused sequential element FpuAddSharedPlugin_logic_pip_node_4_inserter_rs2_mantissa_reg was removed.  [/home/lovro/ARES/ARES_fpga/ARES_fpga/ARES_fpga.srcs/sources_1/imports/generated/VexiiSoc.v:37360]
WARNING: [Synth 8-6014] Unused sequential element FpuAddSharedPlugin_logic_pip_node_4_inserter_FORMAT_reg was removed.  [/home/lovro/ARES/ARES_fpga/ARES_fpga/ARES_fpga.srcs/sources_1/imports/generated/VexiiSoc.v:25742]
WARNING: [Synth 8-6014] Unused sequential element FpuAddSharedPlugin_logic_pip_node_4_Decode_UOP_ID_reg was removed.  [/home/lovro/ARES/ARES_fpga/ARES_fpga/ARES_fpga.srcs/sources_1/imports/generated/VexiiSoc.v:25744]
WARNING: [Synth 8-6014] Unused sequential element AlignerPlugin_logic_buffer_hm_Fetch_ID_reg was removed.  [/home/lovro/ARES/ARES_fpga/ARES_fpga/ARES_fpga.srcs/sources_1/imports/generated/VexiiSoc.v:28280]
WARNING: [Synth 8-6014] Unused sequential element FpuPackerPlugin_logic_pip_node_1_s0_FORMAT_reg was removed.  [/home/lovro/ARES/ARES_fpga/ARES_fpga/ARES_fpga.srcs/sources_1/imports/generated/VexiiSoc.v:37400]
WARNING: [Synth 8-6014] Unused sequential element FpuPackerPlugin_logic_pip_node_1_Decode_UOP_ID_reg was removed.  [/home/lovro/ARES/ARES_fpga/ARES_fpga/ARES_fpga.srcs/sources_1/imports/generated/VexiiSoc.v:37407]
WARNING: [Synth 8-6014] Unused sequential element FpuPackerPlugin_logic_pip_node_2_s0_VALUE_exponent_reg was removed.  [/home/lovro/ARES/ARES_fpga/ARES_fpga/ARES_fpga.srcs/sources_1/imports/generated/VexiiSoc.v:37416]
WARNING: [Synth 8-6014] Unused sequential element FpuPackerPlugin_logic_pip_node_2_s0_FORMAT_reg was removed.  [/home/lovro/ARES/ARES_fpga/ARES_fpga/ARES_fpga.srcs/sources_1/imports/generated/VexiiSoc.v:37418]
WARNING: [Synth 8-6014] Unused sequential element FpuPackerPlugin_logic_pip_node_2_Decode_UOP_ID_reg was removed.  [/home/lovro/ARES/ARES_fpga/ARES_fpga/ARES_fpga.srcs/sources_1/imports/generated/VexiiSoc.v:27064]
WARNING: [Synth 8-6014] Unused sequential element LsuL1Plugin_logic_writeback_slots_0_readRspDone_reg was removed.  [/home/lovro/ARES/ARES_fpga/ARES_fpga/ARES_fpga.srcs/sources_1/imports/generated/VexiiSoc.v:37504]
WARNING: [Synth 8-6014] Unused sequential element LsuL1Plugin_logic_writeback_slots_1_readRspDone_reg was removed.  [/home/lovro/ARES/ARES_fpga/ARES_fpga/ARES_fpga.srcs/sources_1/imports/generated/VexiiSoc.v:37517]
WARNING: [Synth 8-6014] Unused sequential element LsuL1Plugin_logic_writeback_read_slotReadLast_payload_last_reg was removed.  [/home/lovro/ARES/ARES_fpga/ARES_fpga/ARES_fpga.srcs/sources_1/imports/generated/VexiiSoc.v:37533]
WARNING: [Synth 8-6014] Unused sequential element LsuL1Plugin_logic_writeback_write_bufferRead_rData_last_reg was removed.  [/home/lovro/ARES/ARES_fpga/ARES_fpga/ARES_fpga.srcs/sources_1/imports/generated/VexiiSoc.v:28804]
WARNING: [Synth 8-6014] Unused sequential element LsuPlugin_logic_onCtrl_lrsc_address_reg was removed.  [/home/lovro/ARES/ARES_fpga/ARES_fpga/ARES_fpga.srcs/sources_1/imports/generated/VexiiSoc.v:29367]
WARNING: [Synth 8-6014] Unused sequential element TrapPlugin_logic_harts_0_interrupt_privilegeTriggers_0_result_priority_reg was removed.  [/home/lovro/ARES/ARES_fpga/ARES_fpga/ARES_fpga.srcs/sources_1/imports/generated/VexiiSoc.v:29791]
WARNING: [Synth 8-6014] Unused sequential element TrapPlugin_logic_harts_0_interrupt_privilegeTriggers_1_result_priority_reg was removed.  [/home/lovro/ARES/ARES_fpga/ARES_fpga/ARES_fpga.srcs/sources_1/imports/generated/VexiiSoc.v:29846]
WARNING: [Synth 8-6014] Unused sequential element TrapPlugin_logic_harts_0_trap_pending_state_tval2_reg was removed.  [/home/lovro/ARES/ARES_fpga/ARES_fpga/ARES_fpga.srcs/sources_1/imports/generated/VexiiSoc.v:37615]
WARNING: [Synth 8-6014] Unused sequential element _zz_PerformanceCounterPlugin_logic_events_sums_0_reg was removed.  [/home/lovro/ARES/ARES_fpga/ARES_fpga/ARES_fpga.srcs/sources_1/imports/generated/VexiiSoc.v:20084]
WARNING: [Synth 8-6014] Unused sequential element _zz_PerformanceCounterPlugin_logic_events_sums_1_reg was removed.  [/home/lovro/ARES/ARES_fpga/ARES_fpga/ARES_fpga.srcs/sources_1/imports/generated/VexiiSoc.v:20085]
WARNING: [Synth 8-6014] Unused sequential element _zz_PerformanceCounterPlugin_logic_events_sums_2_reg was removed.  [/home/lovro/ARES/ARES_fpga/ARES_fpga/ARES_fpga.srcs/sources_1/imports/generated/VexiiSoc.v:20086]
WARNING: [Synth 8-6014] Unused sequential element _zz_PerformanceCounterPlugin_logic_events_sums_3_reg was removed.  [/home/lovro/ARES/ARES_fpga/ARES_fpga/ARES_fpga.srcs/sources_1/imports/generated/VexiiSoc.v:20087]
WARNING: [Synth 8-6014] Unused sequential element _zz_PerformanceCounterPlugin_logic_events_sums_4_reg was removed.  [/home/lovro/ARES/ARES_fpga/ARES_fpga/ARES_fpga.srcs/sources_1/imports/generated/VexiiSoc.v:20088]
WARNING: [Synth 8-6014] Unused sequential element _zz_PerformanceCounterPlugin_logic_events_sums_5_reg was removed.  [/home/lovro/ARES/ARES_fpga/ARES_fpga/ARES_fpga.srcs/sources_1/imports/generated/VexiiSoc.v:20089]
WARNING: [Synth 8-6014] Unused sequential element _zz_PerformanceCounterPlugin_logic_events_sums_6_reg was removed.  [/home/lovro/ARES/ARES_fpga/ARES_fpga/ARES_fpga.srcs/sources_1/imports/generated/VexiiSoc.v:20090]
WARNING: [Synth 8-6014] Unused sequential element _zz_PerformanceCounterPlugin_logic_events_sums_7_reg was removed.  [/home/lovro/ARES/ARES_fpga/ARES_fpga/ARES_fpga.srcs/sources_1/imports/generated/VexiiSoc.v:20091]
WARNING: [Synth 8-6014] Unused sequential element _zz_PerformanceCounterPlugin_logic_events_sums_8_reg was removed.  [/home/lovro/ARES/ARES_fpga/ARES_fpga/ARES_fpga.srcs/sources_1/imports/generated/VexiiSoc.v:20092]
WARNING: [Synth 8-6014] Unused sequential element _zz_PerformanceCounterPlugin_logic_events_sums_9_reg was removed.  [/home/lovro/ARES/ARES_fpga/ARES_fpga/ARES_fpga.srcs/sources_1/imports/generated/VexiiSoc.v:20093]
WARNING: [Synth 8-6014] Unused sequential element _zz_PerformanceCounterPlugin_logic_events_sums_10_reg was removed.  [/home/lovro/ARES/ARES_fpga/ARES_fpga/ARES_fpga.srcs/sources_1/imports/generated/VexiiSoc.v:20094]
WARNING: [Synth 8-6014] Unused sequential element _zz_PerformanceCounterPlugin_logic_events_sums_11_reg was removed.  [/home/lovro/ARES/ARES_fpga/ARES_fpga/ARES_fpga.srcs/sources_1/imports/generated/VexiiSoc.v:20095]
WARNING: [Synth 8-6014] Unused sequential element _zz_PerformanceCounterPlugin_logic_events_sums_12_reg was removed.  [/home/lovro/ARES/ARES_fpga/ARES_fpga/ARES_fpga.srcs/sources_1/imports/generated/VexiiSoc.v:20096]
WARNING: [Synth 8-6014] Unused sequential element _zz_PerformanceCounterPlugin_logic_events_sums_13_reg was removed.  [/home/lovro/ARES/ARES_fpga/ARES_fpga/ARES_fpga.srcs/sources_1/imports/generated/VexiiSoc.v:20097]
WARNING: [Synth 8-6014] Unused sequential element CsrAccessPlugin_logic_fsm_interface_onWriteBits_reg was removed.  [/home/lovro/ARES/ARES_fpga/ARES_fpga/ARES_fpga.srcs/sources_1/imports/generated/VexiiSoc.v:34274]
WARNING: [Synth 8-6014] Unused sequential element fetch_logic_ctrls_1_up_Fetch_ID_reg was removed.  [/home/lovro/ARES/ARES_fpga/ARES_fpga/ARES_fpga.srcs/sources_1/imports/generated/VexiiSoc.v:34609]
WARNING: [Synth 8-6014] Unused sequential element _zz_FetchL1Plugin_logic_onAddress0_translationPort_logic_read_0_forceGuest_reg was removed.  [/home/lovro/ARES/ARES_fpga/ARES_fpga/ARES_fpga.srcs/sources_1/imports/generated/VexiiSoc.v:34610]
WARNING: [Synth 8-6014] Unused sequential element fetch_logic_ctrls_2_up_Fetch_ID_reg was removed.  [/home/lovro/ARES/ARES_fpga/ARES_fpga/ARES_fpga.srcs/sources_1/imports/generated/VexiiSoc.v:34628]
WARNING: [Synth 8-6014] Unused sequential element fetch_logic_ctrls_2_up_FetchL1Plugin_logic_WAYS_TAGS_0_loaded_reg was removed.  [/home/lovro/ARES/ARES_fpga/ARES_fpga/ARES_fpga.srcs/sources_1/imports/generated/VexiiSoc.v:34638]
WARNING: [Synth 8-6014] Unused sequential element fetch_logic_ctrls_2_up_FetchL1Plugin_logic_WAYS_TAGS_0_address_reg was removed.  [/home/lovro/ARES/ARES_fpga/ARES_fpga/ARES_fpga.srcs/sources_1/imports/generated/VexiiSoc.v:34640]
WARNING: [Synth 8-6014] Unused sequential element fetch_logic_ctrls_2_up_FetchL1Plugin_logic_WAYS_TAGS_1_loaded_reg was removed.  [/home/lovro/ARES/ARES_fpga/ARES_fpga/ARES_fpga.srcs/sources_1/imports/generated/VexiiSoc.v:34641]
WARNING: [Synth 8-6014] Unused sequential element fetch_logic_ctrls_2_up_FetchL1Plugin_logic_WAYS_TAGS_1_address_reg was removed.  [/home/lovro/ARES/ARES_fpga/ARES_fpga/ARES_fpga.srcs/sources_1/imports/generated/VexiiSoc.v:34643]
WARNING: [Synth 8-6014] Unused sequential element _zz_fetch_logic_ctrls_2_down_FetchL1Plugin_logic_onAddress1_translationPort_keys_TRANSLATED_reg was removed.  [/home/lovro/ARES/ARES_fpga/ARES_fpga/ARES_fpga.srcs/sources_1/imports/generated/VexiiSoc.v:32687]
WARNING: [Synth 8-6014] Unused sequential element decode_ctrls_1_up_Decode_DOP_ID_0_reg was removed.  [/home/lovro/ARES/ARES_fpga/ARES_fpga/ARES_fpga.srcs/sources_1/imports/generated/VexiiSoc.v:34699]
WARNING: [Synth 8-6014] Unused sequential element execute_ctrl2_up_lane0_logic_completions_onCtrl_0_ENABLE_lane0_reg was removed.  [/home/lovro/ARES/ARES_fpga/ARES_fpga/ARES_fpga.srcs/sources_1/imports/generated/VexiiSoc.v:34806]
WARNING: [Synth 8-6014] Unused sequential element execute_ctrl2_up_lane0_logic_completions_onCtrl_1_ENABLE_lane0_reg was removed.  [/home/lovro/ARES/ARES_fpga/ARES_fpga/ARES_fpga.srcs/sources_1/imports/generated/VexiiSoc.v:34807]
WARNING: [Synth 8-6014] Unused sequential element execute_ctrl2_up_lane0_logic_completions_onCtrl_2_ENABLE_lane0_reg was removed.  [/home/lovro/ARES/ARES_fpga/ARES_fpga/ARES_fpga.srcs/sources_1/imports/generated/VexiiSoc.v:34808]
WARNING: [Synth 8-6014] Unused sequential element execute_ctrl2_up_lane0_logic_completions_onCtrl_3_ENABLE_lane0_reg was removed.  [/home/lovro/ARES/ARES_fpga/ARES_fpga/ARES_fpga.srcs/sources_1/imports/generated/VexiiSoc.v:34809]
WARNING: [Synth 8-6014] Unused sequential element execute_ctrl2_up_lane0_logic_completions_onCtrl_4_ENABLE_lane0_reg was removed.  [/home/lovro/ARES/ARES_fpga/ARES_fpga/ARES_fpga.srcs/sources_1/imports/generated/VexiiSoc.v:34810]
WARNING: [Synth 8-6014] Unused sequential element execute_ctrl2_up_lane0_logic_completions_onCtrl_5_ENABLE_lane0_reg was removed.  [/home/lovro/ARES/ARES_fpga/ARES_fpga/ARES_fpga.srcs/sources_1/imports/generated/VexiiSoc.v:34811]
WARNING: [Synth 8-6014] Unused sequential element execute_ctrl2_up_FpuUtils_FORMAT_lane0_reg was removed.  [/home/lovro/ARES/ARES_fpga/ARES_fpga/ARES_fpga.srcs/sources_1/imports/generated/VexiiSoc.v:34840]
WARNING: [Synth 8-6014] Unused sequential element execute_ctrl2_up_LsuPlugin_logic_LSU_PREFETCH_lane0_reg was removed.  [/home/lovro/ARES/ARES_fpga/ARES_fpga/ARES_fpga.srcs/sources_1/imports/generated/VexiiSoc.v:34854]
WARNING: [Synth 8-6014] Unused sequential element execute_ctrl3_up_AguPlugin_SIZE_lane0_reg was removed.  [/home/lovro/ARES/ARES_fpga/ARES_fpga/ARES_fpga.srcs/sources_1/imports/generated/VexiiSoc.v:34878]
WARNING: [Synth 8-6014] Unused sequential element execute_ctrl3_up_lane0_logic_completions_onCtrl_0_ENABLE_lane0_reg was removed.  [/home/lovro/ARES/ARES_fpga/ARES_fpga/ARES_fpga.srcs/sources_1/imports/generated/VexiiSoc.v:34902]
WARNING: [Synth 8-6014] Unused sequential element execute_ctrl3_up_lane0_logic_completions_onCtrl_1_ENABLE_lane0_reg was removed.  [/home/lovro/ARES/ARES_fpga/ARES_fpga/ARES_fpga.srcs/sources_1/imports/generated/VexiiSoc.v:34903]
WARNING: [Synth 8-6014] Unused sequential element execute_ctrl3_up_lane0_logic_completions_onCtrl_2_ENABLE_lane0_reg was removed.  [/home/lovro/ARES/ARES_fpga/ARES_fpga/ARES_fpga.srcs/sources_1/imports/generated/VexiiSoc.v:34904]
WARNING: [Synth 8-6014] Unused sequential element execute_ctrl3_up_lane0_logic_completions_onCtrl_3_ENABLE_lane0_reg was removed.  [/home/lovro/ARES/ARES_fpga/ARES_fpga/ARES_fpga.srcs/sources_1/imports/generated/VexiiSoc.v:34905]
WARNING: [Synth 8-6014] Unused sequential element execute_ctrl3_up_lane0_logic_completions_onCtrl_4_ENABLE_lane0_reg was removed.  [/home/lovro/ARES/ARES_fpga/ARES_fpga/ARES_fpga.srcs/sources_1/imports/generated/VexiiSoc.v:34906]
WARNING: [Synth 8-6014] Unused sequential element execute_ctrl3_up_FpuUtils_FORMAT_lane0_reg was removed.  [/home/lovro/ARES/ARES_fpga/ARES_fpga/ARES_fpga.srcs/sources_1/imports/generated/VexiiSoc.v:34919]
INFO: [Common 17-14] Message 'Synth 8-6014' appears 100 times and further instances of the messages will be disabled. Use the Tcl command set_msg_config to change the current settings.
WARNING: [Synth 8-3936] Found unconnected internal register '_zz_FpuPackerPlugin_logic_s1_subnormal_manShifter_reg' and it is trimmed from '26' to '25' bits. [/home/lovro/ARES/ARES_fpga/ARES_fpga/ARES_fpga.srcs/sources_1/imports/generated/VexiiSoc.v:19266]
WARNING: [Synth 8-3936] Found unconnected internal register '_zz_execute_ctrl4_down_early0_MulPlugin_logic_steps_1_adders_0_lane0_reg' and it is trimmed from '66' to '64' bits. [/home/lovro/ARES/ARES_fpga/ARES_fpga/ARES_fpga.srcs/sources_1/imports/generated/VexiiSoc.v:25990]
WARNING: [Synth 8-3936] Found unconnected internal register '_zz_execute_ctrl4_down_early0_MulPlugin_logic_steps_1_adders_0_lane0_1_reg' and it is trimmed from '66' to '64' bits. [/home/lovro/ARES/ARES_fpga/ARES_fpga/ARES_fpga.srcs/sources_1/imports/generated/VexiiSoc.v:25995]
WARNING: [Synth 8-3936] Found unconnected internal register '_zz_LsuL1Plugin_logic_writeback_read_address_reg' and it is trimmed from '32' to '12' bits. [/home/lovro/ARES/ARES_fpga/ARES_fpga/ARES_fpga.srcs/sources_1/imports/generated/VexiiSoc.v:21184]
WARNING: [Synth 8-3936] Found unconnected internal register 'CsrAccessPlugin_logic_fsm_interface_csrId_reg' and it is trimmed from '12' to '8' bits. [/home/lovro/ARES/ARES_fpga/ARES_fpga/ARES_fpga.srcs/sources_1/imports/generated/VexiiSoc.v:33543]
INFO: [Synth 8-7129] Port io_bus_a_payload_param[2] in module TilelinkPlic is either unconnected or has no load
INFO: [Synth 8-7129] Port io_bus_a_payload_param[1] in module TilelinkPlic is either unconnected or has no load
INFO: [Synth 8-7129] Port io_bus_a_payload_param[0] in module TilelinkPlic is either unconnected or has no load
INFO: [Synth 8-7129] Port io_bus_a_payload_mask[3] in module TilelinkPlic is either unconnected or has no load
INFO: [Synth 8-7129] Port io_bus_a_payload_mask[2] in module TilelinkPlic is either unconnected or has no load
INFO: [Synth 8-7129] Port io_bus_a_payload_mask[1] in module TilelinkPlic is either unconnected or has no load
INFO: [Synth 8-7129] Port io_bus_a_payload_mask[0] in module TilelinkPlic is either unconnected or has no load
INFO: [Synth 8-7129] Port io_bus_a_payload_corrupt in module TilelinkPlic is either unconnected or has no load
INFO: [Synth 8-7129] Port io_bus_a_payload_param[2] in module TilelinkClint is either unconnected or has no load
INFO: [Synth 8-7129] Port io_bus_a_payload_param[1] in module TilelinkClint is either unconnected or has no load
INFO: [Synth 8-7129] Port io_bus_a_payload_param[0] in module TilelinkClint is either unconnected or has no load
INFO: [Synth 8-7129] Port io_bus_a_payload_mask[3] in module TilelinkClint is either unconnected or has no load
INFO: [Synth 8-7129] Port io_bus_a_payload_mask[2] in module TilelinkClint is either unconnected or has no load
INFO: [Synth 8-7129] Port io_bus_a_payload_mask[1] in module TilelinkClint is either unconnected or has no load
INFO: [Synth 8-7129] Port io_bus_a_payload_mask[0] in module TilelinkClint is either unconnected or has no load
INFO: [Synth 8-7129] Port io_bus_a_payload_corrupt in module TilelinkClint is either unconnected or has no load
INFO: [Synth 8-7129] Port io_remove_valid in module ContextAsyncBufferFull is either unconnected or has no load
INFO: [Synth 8-7129] Port io_remove_payload_id[2] in module ContextAsyncBufferFull is either unconnected or has no load
INFO: [Synth 8-7129] Port io_remove_payload_id[1] in module ContextAsyncBufferFull is either unconnected or has no load
INFO: [Synth 8-7129] Port io_remove_payload_id[0] in module ContextAsyncBufferFull is either unconnected or has no load
INFO: [Synth 8-7129] Port cpuResetCtrl_reset in module ContextAsyncBufferFull is either unconnected or has no load
INFO: [Synth 8-7129] Port io_writes_0_uopId[15] in module RegFileMem_1 is either unconnected or has no load
INFO: [Synth 8-7129] Port io_writes_0_uopId[14] in module RegFileMem_1 is either unconnected or has no load
INFO: [Synth 8-7129] Port io_writes_0_uopId[13] in module RegFileMem_1 is either unconnected or has no load
INFO: [Synth 8-7129] Port io_writes_0_uopId[12] in module RegFileMem_1 is either unconnected or has no load
INFO: [Synth 8-7129] Port io_writes_0_uopId[11] in module RegFileMem_1 is either unconnected or has no load
INFO: [Synth 8-7129] Port io_writes_0_uopId[10] in module RegFileMem_1 is either unconnected or has no load
INFO: [Synth 8-7129] Port io_writes_0_uopId[9] in module RegFileMem_1 is either unconnected or has no load
INFO: [Synth 8-7129] Port io_writes_0_uopId[8] in module RegFileMem_1 is either unconnected or has no load
INFO: [Synth 8-7129] Port io_writes_0_uopId[7] in module RegFileMem_1 is either unconnected or has no load
INFO: [Synth 8-7129] Port io_writes_0_uopId[6] in module RegFileMem_1 is either unconnected or has no load
INFO: [Synth 8-7129] Port io_writes_0_uopId[5] in module RegFileMem_1 is either unconnected or has no load
INFO: [Synth 8-7129] Port io_writes_0_uopId[4] in module RegFileMem_1 is either unconnected or has no load
INFO: [Synth 8-7129] Port io_writes_0_uopId[3] in module RegFileMem_1 is either unconnected or has no load
INFO: [Synth 8-7129] Port io_writes_0_uopId[2] in module RegFileMem_1 is either unconnected or has no load
INFO: [Synth 8-7129] Port io_writes_0_uopId[1] in module RegFileMem_1 is either unconnected or has no load
INFO: [Synth 8-7129] Port io_writes_0_uopId[0] in module RegFileMem_1 is either unconnected or has no load
INFO: [Synth 8-7129] Port cpuResetCtrl_reset in module RegFileMem_1 is either unconnected or has no load
INFO: [Synth 8-7129] Port io_writes_0_uopId[15] in module RegFileMem is either unconnected or has no load
INFO: [Synth 8-7129] Port io_writes_0_uopId[14] in module RegFileMem is either unconnected or has no load
INFO: [Synth 8-7129] Port io_writes_0_uopId[13] in module RegFileMem is either unconnected or has no load
INFO: [Synth 8-7129] Port io_writes_0_uopId[12] in module RegFileMem is either unconnected or has no load
INFO: [Synth 8-7129] Port io_writes_0_uopId[11] in module RegFileMem is either unconnected or has no load
INFO: [Synth 8-7129] Port io_writes_0_uopId[10] in module RegFileMem is either unconnected or has no load
INFO: [Synth 8-7129] Port io_writes_0_uopId[9] in module RegFileMem is either unconnected or has no load
INFO: [Synth 8-7129] Port io_writes_0_uopId[8] in module RegFileMem is either unconnected or has no load
INFO: [Synth 8-7129] Port io_writes_0_uopId[7] in module RegFileMem is either unconnected or has no load
INFO: [Synth 8-7129] Port io_writes_0_uopId[6] in module RegFileMem is either unconnected or has no load
INFO: [Synth 8-7129] Port io_writes_0_uopId[5] in module RegFileMem is either unconnected or has no load
INFO: [Synth 8-7129] Port io_writes_0_uopId[4] in module RegFileMem is either unconnected or has no load
INFO: [Synth 8-7129] Port io_writes_0_uopId[3] in module RegFileMem is either unconnected or has no load
INFO: [Synth 8-7129] Port io_writes_0_uopId[2] in module RegFileMem is either unconnected or has no load
INFO: [Synth 8-7129] Port io_writes_0_uopId[1] in module RegFileMem is either unconnected or has no load
INFO: [Synth 8-7129] Port io_writes_0_uopId[0] in module RegFileMem is either unconnected or has no load
INFO: [Synth 8-7129] Port cpuResetCtrl_reset in module RegFileMem is either unconnected or has no load
INFO: [Synth 8-7129] Port FetchL1TileLinkPlugin_logic_down_d_payload_opcode[2] in module VexiiRiscv is either unconnected or has no load
INFO: [Synth 8-7129] Port FetchL1TileLinkPlugin_logic_down_d_payload_opcode[1] in module VexiiRiscv is either unconnected or has no load
INFO: [Synth 8-7129] Port FetchL1TileLinkPlugin_logic_down_d_payload_opcode[0] in module VexiiRiscv is either unconnected or has no load
INFO: [Synth 8-7129] Port FetchL1TileLinkPlugin_logic_down_d_payload_param[2] in module VexiiRiscv is either unconnected or has no load
INFO: [Synth 8-7129] Port FetchL1TileLinkPlugin_logic_down_d_payload_param[1] in module VexiiRiscv is either unconnected or has no load
INFO: [Synth 8-7129] Port FetchL1TileLinkPlugin_logic_down_d_payload_param[0] in module VexiiRiscv is either unconnected or has no load
INFO: [Synth 8-7129] Port FetchL1TileLinkPlugin_logic_down_d_payload_size[2] in module VexiiRiscv is either unconnected or has no load
INFO: [Synth 8-7129] Port FetchL1TileLinkPlugin_logic_down_d_payload_size[1] in module VexiiRiscv is either unconnected or has no load
INFO: [Synth 8-7129] Port FetchL1TileLinkPlugin_logic_down_d_payload_size[0] in module VexiiRiscv is either unconnected or has no load
INFO: [Synth 8-7129] Port LsuL1TileLinkPlugin_logic_down_d_payload_opcode[2] in module VexiiRiscv is either unconnected or has no load
INFO: [Synth 8-7129] Port LsuL1TileLinkPlugin_logic_down_d_payload_opcode[1] in module VexiiRiscv is either unconnected or has no load
INFO: [Synth 8-7129] Port LsuL1TileLinkPlugin_logic_down_d_payload_opcode[0] in module VexiiRiscv is either unconnected or has no load
INFO: [Synth 8-7129] Port LsuL1TileLinkPlugin_logic_down_d_payload_param[2] in module VexiiRiscv is either unconnected or has no load
INFO: [Synth 8-7129] Port LsuL1TileLinkPlugin_logic_down_d_payload_param[1] in module VexiiRiscv is either unconnected or has no load
INFO: [Synth 8-7129] Port LsuL1TileLinkPlugin_logic_down_d_payload_param[0] in module VexiiRiscv is either unconnected or has no load
INFO: [Synth 8-7129] Port LsuL1TileLinkPlugin_logic_down_d_payload_size[2] in module VexiiRiscv is either unconnected or has no load
INFO: [Synth 8-7129] Port LsuL1TileLinkPlugin_logic_down_d_payload_size[1] in module VexiiRiscv is either unconnected or has no load
INFO: [Synth 8-7129] Port LsuL1TileLinkPlugin_logic_down_d_payload_size[0] in module VexiiRiscv is either unconnected or has no load
INFO: [Synth 8-7129] Port LsuTileLinkPlugin_logic_bridge_down_d_payload_opcode[2] in module VexiiRiscv is either unconnected or has no load
INFO: [Synth 8-7129] Port LsuTileLinkPlugin_logic_bridge_down_d_payload_opcode[1] in module VexiiRiscv is either unconnected or has no load
INFO: [Synth 8-7129] Port LsuTileLinkPlugin_logic_bridge_down_d_payload_opcode[0] in module VexiiRiscv is either unconnected or has no load
INFO: [Synth 8-7129] Port LsuTileLinkPlugin_logic_bridge_down_d_payload_param[2] in module VexiiRiscv is either unconnected or has no load
INFO: [Synth 8-7129] Port LsuTileLinkPlugin_logic_bridge_down_d_payload_param[1] in module VexiiRiscv is either unconnected or has no load
INFO: [Synth 8-7129] Port LsuTileLinkPlugin_logic_bridge_down_d_payload_param[0] in module VexiiRiscv is either unconnected or has no load
INFO: [Synth 8-7129] Port LsuTileLinkPlugin_logic_bridge_down_d_payload_size[1] in module VexiiRiscv is either unconnected or has no load
INFO: [Synth 8-7129] Port LsuTileLinkPlugin_logic_bridge_down_d_payload_size[0] in module VexiiRiscv is either unconnected or has no load
INFO: [Synth 8-7129] Port LsuTileLinkPlugin_logic_bridge_down_d_payload_corrupt in module VexiiRiscv is either unconnected or has no load
INFO: [Synth 8-7129] Port peripheral_externalInterrupts_port[0] in module VexiiSoc is either unconnected or has no load
---------------------------------------------------------------------------------
Finished RTL Elaboration : Time (s): cpu = 00:00:08 ; elapsed = 00:00:08 . Memory (MB): peak = 2479.863 ; gain = 768.336 ; free physical = 189 ; free virtual = 6196
---------------------------------------------------------------------------------
---------------------------------------------------------------------------------
Start Handling Custom Attributes
---------------------------------------------------------------------------------
---------------------------------------------------------------------------------
Finished Handling Custom Attributes : Time (s): cpu = 00:00:08 ; elapsed = 00:00:09 . Memory (MB): peak = 2479.863 ; gain = 768.336 ; free physical = 188 ; free virtual = 6195
---------------------------------------------------------------------------------
---------------------------------------------------------------------------------
Finished RTL Optimization Phase 1 : Time (s): cpu = 00:00:08 ; elapsed = 00:00:09 . Memory (MB): peak = 2479.863 ; gain = 768.336 ; free physical = 188 ; free virtual = 6195
---------------------------------------------------------------------------------
Netlist sorting complete. Time (s): cpu = 00:00:00.27 ; elapsed = 00:00:00.27 . Memory (MB): peak = 2479.863 ; gain = 0.000 ; free physical = 189 ; free virtual = 6198
INFO: [Project 1-570] Preparing netlist for logic optimization

Processing XDC Constraints
Initializing timing engine
Completed Processing XDC Constraints

Netlist sorting complete. Time (s): cpu = 00:00:00 ; elapsed = 00:00:00 . Memory (MB): peak = 2564.664 ; gain = 0.000 ; free physical = 176 ; free virtual = 6185
INFO: [Project 1-111] Unisim Transformation Summary:
No Unisim elements were transformed.

Constraint Validation Runtime : Time (s): cpu = 00:00:00.26 ; elapsed = 00:00:00.07 . Memory (MB): peak = 2564.699 ; gain = 0.000 ; free physical = 180 ; free virtual = 6189
INFO: [Designutils 20-5008] Incremental synthesis strategy off
---------------------------------------------------------------------------------
Finished Constraint Validation : Time (s): cpu = 00:00:16 ; elapsed = 00:00:16 . Memory (MB): peak = 2564.699 ; gain = 853.172 ; free physical = 1588 ; free virtual = 7514
---------------------------------------------------------------------------------
---------------------------------------------------------------------------------
Start Loading Part and Timing Information
---------------------------------------------------------------------------------
Loading part: xc7a35tftg256-2
---------------------------------------------------------------------------------
Finished Loading Part and Timing Information : Time (s): cpu = 00:00:16 ; elapsed = 00:00:16 . Memory (MB): peak = 2572.668 ; gain = 861.141 ; free physical = 1586 ; free virtual = 7513
---------------------------------------------------------------------------------
---------------------------------------------------------------------------------
Start Applying 'set_property' XDC Constraints
---------------------------------------------------------------------------------
---------------------------------------------------------------------------------
Finished applying 'set_property' XDC Constraints : Time (s): cpu = 00:00:16 ; elapsed = 00:00:16 . Memory (MB): peak = 2572.668 ; gain = 861.141 ; free physical = 1584 ; free virtual = 7511
---------------------------------------------------------------------------------
WARNING: [Synth 8-3936] Found unconnected internal register 'FpuAddSharedPlugin_logic_pip_node_4_adder_math_xyMantissa_reg' and it is trimmed from '50' to '49' bits. [/home/lovro/ARES/ARES_fpga/ARES_fpga/ARES_fpga.srcs/sources_1/imports/generated/VexiiSoc.v:25682]
WARNING: [Synth 8-3936] Found unconnected internal register 'FpuAddSharedPlugin_logic_pip_node_2_adder_shifter_shifter_reg' and it is trimmed from '50' to '1' bits. [/home/lovro/ARES/ARES_fpga/ARES_fpga/ARES_fpga.srcs/sources_1/imports/generated/VexiiSoc.v:37320]
WARNING: [Synth 8-3936] Found unconnected internal register 'MmuPlugin_logic_accessBus_rsp_toStream_rData_data_reg' and it is trimmed from '32' to '30' bits. [/home/lovro/ARES/ARES_fpga/ARES_fpga/ARES_fpga.srcs/sources_1/imports/generated/VexiiSoc.v:32166]
INFO: [Synth 8-802] inferred FSM for state register 'TranslatedDBusAccessPlugin_logic_access_fsm_0_stateReg_reg' in module 'VexiiRiscv'
INFO: [Synth 8-802] inferred FSM for state register 'LsuPlugin_logic_flusher_stateReg_reg' in module 'VexiiRiscv'
INFO: [Synth 8-802] inferred FSM for state register 'MmuPlugin_logic_refill_stateReg_reg' in module 'VexiiRiscv'
INFO: [Synth 8-802] inferred FSM for state register 'PerformanceCounterPlugin_logic_fsm_stateReg_reg' in module 'VexiiRiscv'
INFO: [Synth 8-802] inferred FSM for state register 'CsrAccessPlugin_logic_fsm_stateReg_reg' in module 'VexiiRiscv'
WARNING: [Synth 8-3936] Found unconnected internal register 'mBus_b_s2mPipe_rData_id_reg' and it is trimmed from '8' to '3' bits. [/home/lovro/ARES/ARES_fpga/ARES_fpga/ARES_fpga.srcs/sources_1/imports/generated/VexiiSoc.v:3707]
WARNING: [Synth 8-3936] Found unconnected internal register 'mBus_b_rData_id_reg' and it is trimmed from '8' to '3' bits. [/home/lovro/ARES/ARES_fpga/ARES_fpga/ARES_fpga.srcs/sources_1/imports/generated/VexiiSoc.v:3696]
WARNING: [Synth 8-3936] Found unconnected internal register 'mBus_r_s2mPipe_rData_id_reg' and it is trimmed from '8' to '3' bits. [/home/lovro/ARES/ARES_fpga/ARES_fpga/ARES_fpga.srcs/sources_1/imports/generated/VexiiSoc.v:3757]
WARNING: [Synth 8-3936] Found unconnected internal register 'mBus_r_rData_id_reg' and it is trimmed from '8' to '3' bits. [/home/lovro/ARES/ARES_fpga/ARES_fpga/ARES_fpga.srcs/sources_1/imports/generated/VexiiSoc.v:3744]
INFO: [Synth 8-3971] The signal "RegFileMem:/asMem_ram_reg" was recognized as a true dual port RAM template.
INFO: [Synth 8-3971] The signal "RegFileMem_1:/asMem_ram_reg" was recognized as a true dual port RAM template.
---------------------------------------------------------------------------------------------------
                   State |                     New Encoding |                Previous Encoding 
---------------------------------------------------------------------------------------------------
                  iSTATE |                               00 |                               00
*
CsrAccessPlugin_logic_fsm_READ |                               01 |                               01
CsrAccessPlugin_logic_fsm_WRITE |                               10 |                               10
CsrAccessPlugin_logic_fsm_COMPLETION |                               11 |                               11
---------------------------------------------------------------------------------------------------
INFO: [Synth 8-3354] encoded FSM with state register 'CsrAccessPlugin_logic_fsm_stateReg_reg' using encoding 'sequential' in module 'VexiiRiscv'
---------------------------------------------------------------------------------------------------
                   State |                     New Encoding |                Previous Encoding 
---------------------------------------------------------------------------------------------------
                  iSTATE |                              001 |                               00
*
LsuPlugin_logic_flusher_CMD |                              010 |                               01
LsuPlugin_logic_flusher_COMPLETION |                              100 |                               10
---------------------------------------------------------------------------------------------------
INFO: [Synth 8-3354] encoded FSM with state register 'LsuPlugin_logic_flusher_stateReg_reg' using encoding 'one-hot' in module 'VexiiRiscv'
---------------------------------------------------------------------------------
Finished RTL Optimization Phase 2 : Time (s): cpu = 00:00:22 ; elapsed = 00:00:22 . Memory (MB): peak = 2572.668 ; gain = 861.141 ; free physical = 3121 ; free virtual = 9051
---------------------------------------------------------------------------------
No constraint files found.
---------------------------------------------------------------------------------
Start RTL Component Statistics 
---------------------------------------------------------------------------------
Detailed RTL Component Info : 
+---Adders : 
	   2 Input   64 Bit       Adders := 1     
	   3 Input   63 Bit       Adders := 1     
	   3 Input   50 Bit       Adders := 1     
	   2 Input   48 Bit       Adders := 2     
	   3 Input   34 Bit       Adders := 1     
	   2 Input   33 Bit       Adders := 1     
	   2 Input   32 Bit       Adders := 9     
	   3 Input   32 Bit       Adders := 2     
	   3 Input   28 Bit       Adders := 1     
	   2 Input   24 Bit       Adders := 1     
	   3 Input   10 Bit       Adders := 7     
	   2 Input   10 Bit       Adders := 4     
	   2 Input    9 Bit       Adders := 2     
	   2 Input    8 Bit       Adders := 5     
	   3 Input    8 Bit       Adders := 1     
	   2 Input    7 Bit       Adders := 4     
	   2 Input    6 Bit       Adders := 4     
	   3 Input    6 Bit       Adders := 1     
	   2 Input    5 Bit       Adders := 4     
	   3 Input    5 Bit       Adders := 1     
	   2 Input    4 Bit       Adders := 21    
	   3 Input    4 Bit       Adders := 6     
	   2 Input    3 Bit       Adders := 2     
	   2 Input    2 Bit       Adders := 9     
	   2 Input    1 Bit       Adders := 6     
	   3 Input    1 Bit       Adders := 1     
+---XORs : 
	   2 Input     32 Bit         XORs := 2     
	   2 Input     20 Bit         XORs := 16    
	   2 Input      3 Bit         XORs := 1     
	   2 Input      1 Bit         XORs := 11    
	   3 Input      1 Bit         XORs := 1     
+---Registers : 
	               64 Bit    Registers := 3     
	               63 Bit    Registers := 1     
	               50 Bit    Registers := 1     
	               49 Bit    Registers := 2     
	               48 Bit    Registers := 2     
	               47 Bit    Registers := 1     
	               34 Bit    Registers := 2     
	               32 Bit    Registers := 125   
	               30 Bit    Registers := 1     
	               28 Bit    Registers := 1     
	               25 Bit    Registers := 3     
	               24 Bit    Registers := 1     
	               23 Bit    Registers := 9     
	               22 Bit    Registers := 4     
	               21 Bit    Registers := 8     
	               20 Bit    Registers := 14    
	               16 Bit    Registers := 11    
	               10 Bit    Registers := 11    
	                9 Bit    Registers := 9     
	                8 Bit    Registers := 20    
	                7 Bit    Registers := 4     
	                6 Bit    Registers := 10    
	                5 Bit    Registers := 28    
	                4 Bit    Registers := 46    
	                3 Bit    Registers := 76    
	                2 Bit    Registers := 123   
	                1 Bit    Registers := 988   
+---RAMs : 
	              32K Bit	(1024 X 32 bit)          RAMs := 2     
	               8K Bit	(1024 X 8 bit)          RAMs := 8     
	             1024 Bit	(32 X 32 bit)          RAMs := 3     
	               1K Bit	(64 X 22 bit)          RAMs := 4     
	              512 Bit	(16 X 32 bit)          RAMs := 1     
	              192 Bit	(64 X 3 bit)          RAMs := 1     
	               64 Bit	(64 X 1 bit)          RAMs := 1     
+---Muxes : 
	   2 Input   74 Bit        Muxes := 6     
	   2 Input   61 Bit        Muxes := 2     
	   2 Input   50 Bit        Muxes := 7     
	   2 Input   49 Bit        Muxes := 1     
	   2 Input   47 Bit        Muxes := 3     
	   2 Input   39 Bit        Muxes := 5     
	   2 Input   36 Bit        Muxes := 2     
	   2 Input   34 Bit        Muxes := 12    
	   2 Input   33 Bit        Muxes := 2     
	   2 Input   32 Bit        Muxes := 134   
	   4 Input   32 Bit        Muxes := 6     
	  16 Input   32 Bit        Muxes := 1     
	  10 Input   32 Bit        Muxes := 1     
	   5 Input   32 Bit        Muxes := 1     
	   3 Input   32 Bit        Muxes := 2     
	   2 Input   31 Bit        Muxes := 2     
	   2 Input   28 Bit        Muxes := 1     
	   2 Input   26 Bit        Muxes := 9     
	   2 Input   25 Bit        Muxes := 4     
	   4 Input   24 Bit        Muxes := 1     
	   2 Input   23 Bit        Muxes := 8     
	  10 Input   22 Bit        Muxes := 1     
	   2 Input   20 Bit        Muxes := 16    
	   2 Input   16 Bit        Muxes := 2     
	   2 Input   12 Bit        Muxes := 5     
	  10 Input   12 Bit        Muxes := 1     
	   2 Input   10 Bit        Muxes := 16    
	   2 Input    9 Bit        Muxes := 3     
	   2 Input    8 Bit        Muxes := 16    
	   7 Input    8 Bit        Muxes := 2     
	   4 Input    8 Bit        Muxes := 1     
	   2 Input    7 Bit        Muxes := 2     
	   3 Input    7 Bit        Muxes := 1     
	   2 Input    6 Bit        Muxes := 7     
	   2 Input    5 Bit        Muxes := 30    
	   5 Input    5 Bit        Muxes := 2     
	  16 Input    5 Bit        Muxes := 3     
	   3 Input    5 Bit        Muxes := 2     
	  10 Input    5 Bit        Muxes := 2     
	   4 Input    5 Bit        Muxes := 2     
	   4 Input    4 Bit        Muxes := 1     
	   3 Input    4 Bit        Muxes := 8     
	   2 Input    4 Bit        Muxes := 44    
	  16 Input    4 Bit        Muxes := 2     
	  15 Input    4 Bit        Muxes := 1     
	  11 Input    4 Bit        Muxes := 1     
	   7 Input    4 Bit        Muxes := 14    
	   2 Input    3 Bit        Muxes := 61    
	   3 Input    3 Bit        Muxes := 2     
	  10 Input    3 Bit        Muxes := 2     
	   7 Input    3 Bit        Muxes := 1     
	  16 Input    3 Bit        Muxes := 1     
	   8 Input    3 Bit        Muxes := 1     
	   5 Input    3 Bit        Muxes := 2     
	   2 Input    2 Bit        Muxes := 180   
	   5 Input    2 Bit        Muxes := 5     
	   4 Input    2 Bit        Muxes := 4     
	  10 Input    2 Bit        Muxes := 1     
	   3 Input    2 Bit        Muxes := 5     
	  12 Input    2 Bit        Muxes := 1     
	   7 Input    2 Bit        Muxes := 1     
	   2 Input    1 Bit        Muxes := 642   
	   4 Input    1 Bit        Muxes := 29    
	  10 Input    1 Bit        Muxes := 19    
	  16 Input    1 Bit        Muxes := 20    
	   3 Input    1 Bit        Muxes := 30    
	   6 Input    1 Bit        Muxes := 2     
	   5 Input    1 Bit        Muxes := 10    
	   7 Input    1 Bit        Muxes := 12    
	  13 Input    1 Bit        Muxes := 1     
	  32 Input    1 Bit        Muxes := 124   
---------------------------------------------------------------------------------
Finished RTL Component Statistics 
---------------------------------------------------------------------------------
---------------------------------------------------------------------------------
Start Part Resource Summary
---------------------------------------------------------------------------------
Part Resources:
DSPs: 90 (col length:60)
BRAMs: 100 (col length: RAMB18 60 RAMB36 30)
---------------------------------------------------------------------------------
Finished Part Resource Summary
---------------------------------------------------------------------------------
No constraint files found.
---------------------------------------------------------------------------------
Start Cross Boundary and Area Optimization
---------------------------------------------------------------------------------
WARNING: [Synth 8-3936] Found unconnected internal register 'execute_ctrl4_up_early0_MulPlugin_logic_steps_0_adders_1_lane0_reg' and it is trimmed from '5' to '3' bits. [/home/lovro/ARES/ARES_fpga/ARES_fpga/ARES_fpga.srcs/sources_1/imports/generated/VexiiSoc.v:35139]
DSP Report: Generating DSP execute_ctrl3_up_early0_MulPlugin_logic_mul_VALUES_1_lane0_reg, operation Mode is: (A*B)'.
DSP Report: register execute_ctrl3_up_early0_MulPlugin_logic_mul_VALUES_1_lane0_reg is absorbed into DSP execute_ctrl3_up_early0_MulPlugin_logic_mul_VALUES_1_lane0_reg.
DSP Report: operator _zz_execute_ctrl2_down_early0_MulPlugin_logic_mul_VALUES_1_lane0_1 is absorbed into DSP execute_ctrl3_up_early0_MulPlugin_logic_mul_VALUES_1_lane0_reg.
DSP Report: Generating DSP execute_ctrl3_up_early0_MulPlugin_logic_mul_VALUES_2_lane0_reg, operation Mode is: (A*B)'.
DSP Report: register execute_ctrl3_up_early0_MulPlugin_logic_mul_VALUES_2_lane0_reg is absorbed into DSP execute_ctrl3_up_early0_MulPlugin_logic_mul_VALUES_2_lane0_reg.
DSP Report: operator _zz_execute_ctrl2_down_early0_MulPlugin_logic_mul_VALUES_2_lane0_1 is absorbed into DSP execute_ctrl3_up_early0_MulPlugin_logic_mul_VALUES_2_lane0_reg.
DSP Report: Generating DSP execute_ctrl3_up_early0_MulPlugin_logic_mul_VALUES_3_lane0_reg, operation Mode is: (A*B)'.
DSP Report: register execute_ctrl3_up_early0_MulPlugin_logic_mul_VALUES_3_lane0_reg is absorbed into DSP execute_ctrl3_up_early0_MulPlugin_logic_mul_VALUES_3_lane0_reg.
DSP Report: operator _zz_execute_ctrl2_down_early0_MulPlugin_logic_mul_VALUES_3_lane0_1 is absorbed into DSP execute_ctrl3_up_early0_MulPlugin_logic_mul_VALUES_3_lane0_reg.
DSP Report: Generating DSP execute_ctrl3_up_early0_MulPlugin_logic_mul_VALUES_0_lane0_reg, operation Mode is: (A*B)'.
DSP Report: register execute_ctrl3_up_early0_MulPlugin_logic_mul_VALUES_0_lane0_reg is absorbed into DSP execute_ctrl3_up_early0_MulPlugin_logic_mul_VALUES_0_lane0_reg.
DSP Report: operator execute_ctrl2_down_early0_MulPlugin_logic_mul_VALUES_0_lane0 is absorbed into DSP execute_ctrl3_up_early0_MulPlugin_logic_mul_VALUES_0_lane0_reg.
INFO: [Synth 8-7129] Port io_up_a_payload_address[31] in module Decoder_2 is either unconnected or has no load
INFO: [Synth 8-7129] Port io_up_a_payload_address[30] in module Decoder_2 is either unconnected or has no load
INFO: [Synth 8-7129] Port io_up_a_payload_address[29] in module Decoder_2 is either unconnected or has no load
INFO: [Synth 8-7129] Port io_up_a_payload_address[28] in module Decoder_2 is either unconnected or has no load
INFO: [Synth 8-7129] Port io_up_a_payload_address[27] in module Decoder_2 is either unconnected or has no load
INFO: [Synth 8-7129] Port io_up_a_payload_address[26] in module Decoder_2 is either unconnected or has no load
INFO: [Synth 8-7129] Port io_up_a_payload_address[25] in module Decoder_2 is either unconnected or has no load
INFO: [Synth 8-7129] Port io_up_a_payload_address[24] in module Decoder_2 is either unconnected or has no load
INFO: [Synth 8-7129] Port io_up_a_payload_address[22] in module Decoder_2 is either unconnected or has no load
INFO: [Synth 8-7129] Port io_bus_a_payload_param[2] in module TilelinkPlic is either unconnected or has no load
INFO: [Synth 8-7129] Port io_bus_a_payload_param[1] in module TilelinkPlic is either unconnected or has no load
INFO: [Synth 8-7129] Port io_bus_a_payload_param[0] in module TilelinkPlic is either unconnected or has no load
INFO: [Synth 8-7129] Port io_bus_a_payload_address[1] in module TilelinkPlic is either unconnected or has no load
INFO: [Synth 8-7129] Port io_bus_a_payload_address[0] in module TilelinkPlic is either unconnected or has no load
INFO: [Synth 8-7129] Port io_bus_a_payload_mask[3] in module TilelinkPlic is either unconnected or has no load
INFO: [Synth 8-7129] Port io_bus_a_payload_mask[2] in module TilelinkPlic is either unconnected or has no load
INFO: [Synth 8-7129] Port io_bus_a_payload_mask[1] in module TilelinkPlic is either unconnected or has no load
INFO: [Common 17-14] Message 'Synth 8-7129' appears 100 times and further instances of the messages will be disabled. Use the Tcl command set_msg_config to change the current settings.
INFO: [Synth 8-3971] The signal "\inst/Soc /vexiis_0_logic_core/integer_RegFilePlugin_logic_regfile_fpga/asMem_ram_reg" was recognized as a true dual port RAM template.
INFO: [Synth 8-3971] The signal "\inst/Soc /vexiis_0_logic_core/float_RegFilePlugin_logic_regfile_fpga/asMem_ram_reg" was recognized as a true dual port RAM template.
INFO: [Synth 8-12589] Found 24 bits of RAM  (\inst/Soc /vexiis_0_logic_core/i_193) with no load. RAM width may be reduced from 40 to 16 
INFO: [Synth 8-12589] Found 24 bits of RAM  (\inst/Soc /vexiis_0_logic_core/i_195) with no load. RAM width may be reduced from 40 to 16 
INFO: [Synth 8-12589] Found 24 bits of RAM  (\inst/Soc /vexiis_0_logic_core/i_196) with no load. RAM width may be reduced from 40 to 16 
INFO: [Synth 8-12589] Found 14 bits of RAM  (\inst/Soc /vexiis_0_logic_core/i_200) with no load. RAM width may be reduced from 20 to 6 
INFO: [Synth 8-12589] Found 24 bits of RAM  (\inst/Soc /vexiis_0_logic_core/i_772) with no load. RAM width may be reduced from 40 to 16 
INFO: [Synth 8-12589] Found 24 bits of RAM  (\inst/Soc /vexiis_0_logic_core/i_773) with no load. RAM width may be reduced from 40 to 16 
INFO: [Synth 8-12589] Found 14 bits of RAM  (\inst/Soc /vexiis_0_logic_core/i_774) with no load. RAM width may be reduced from 20 to 6 
WARNING: [Synth 8-3332] Sequential element (FSM_onehot_LsuPlugin_logic_flusher_stateReg_reg[0]) is unused and will be removed from module VexiiRiscv.
---------------------------------------------------------------------------------
Finished Cross Boundary and Area Optimization : Time (s): cpu = 00:00:45 ; elapsed = 00:00:47 . Memory (MB): peak = 2606.668 ; gain = 895.141 ; free physical = 3144 ; free virtual = 9079
---------------------------------------------------------------------------------
 Sort Area is  execute_ctrl3_up_early0_MulPlugin_logic_mul_VALUES_0_lane0_reg_0 : 0 0 : 2215 2215 : Used 1 time 0
 Sort Area is  execute_ctrl3_up_early0_MulPlugin_logic_mul_VALUES_1_lane0_reg_6 : 0 0 : 2160 2160 : Used 1 time 0
 Sort Area is  execute_ctrl3_up_early0_MulPlugin_logic_mul_VALUES_2_lane0_reg_4 : 0 0 : 2160 2160 : Used 1 time 0
 Sort Area is  execute_ctrl3_up_early0_MulPlugin_logic_mul_VALUES_3_lane0_reg_2 : 0 0 : 1967 1967 : Used 1 time 0
---------------------------------------------------------------------------------
Start ROM, RAM, DSP, Shift Register and Retiming Reporting
---------------------------------------------------------------------------------

Block RAM: Preliminary Mapping Report (see note below)
+-------------------------------+----------------------------------------------+------------------------+---+---+------------------------+---+---+------------------+--------+--------+
|Module Name                    | RTL Object                                   | PORT A (Depth x Width) | W | R | PORT B (Depth x Width) | W | R | Ports driving FF | RAMB18 | RAMB36 | 
+-------------------------------+----------------------------------------------+------------------------+---+---+------------------------+---+---+------------------+--------+--------+
|\inst/Soc /vexiis_0_logic_core | LsuL1Plugin_logic_ways_1_mem_reg             | 64 x 22(READ_FIRST)    | W |   | 64 x 22(WRITE_FIRST)   |   | R | Port A and B     | 1      | 0      | 
|\inst/Soc /vexiis_0_logic_core | LsuL1Plugin_logic_ways_0_mem_reg             | 64 x 22(READ_FIRST)    | W |   | 64 x 22(WRITE_FIRST)   |   | R | Port A and B     | 1      | 0      | 
|\inst/Soc /vexiis_0_logic_core | FetchL1Plugin_logic_ways_1_mem_reg           | 64 x 22(READ_FIRST)    | W |   | 64 x 22(WRITE_FIRST)   |   | R | Port A and B     | 1      | 0      | 
|\inst/Soc /vexiis_0_logic_core | FetchL1Plugin_logic_ways_0_mem_reg           | 64 x 22(READ_FIRST)    | W |   | 64 x 22(WRITE_FIRST)   |   | R | Port A and B     | 1      | 0      | 
|\inst/Soc /vexiis_0_logic_core | LsuL1Plugin_logic_banks_1_mem_symbol0_reg    | 1 K x 8(READ_FIRST)    | W |   | 1 K x 8(WRITE_FIRST)   |   | R | Port A and B     | 1      | 0      | 
|\inst/Soc /vexiis_0_logic_core | LsuL1Plugin_logic_banks_1_mem_symbol1_reg    | 1 K x 8(READ_FIRST)    | W |   | 1 K x 8(WRITE_FIRST)   |   | R | Port A and B     | 1      | 0      | 
|\inst/Soc /vexiis_0_logic_core | LsuL1Plugin_logic_banks_1_mem_symbol2_reg    | 1 K x 8(READ_FIRST)    | W |   | 1 K x 8(WRITE_FIRST)   |   | R | Port A and B     | 1      | 0      | 
|\inst/Soc /vexiis_0_logic_core | LsuL1Plugin_logic_banks_1_mem_symbol3_reg    | 1 K x 8(READ_FIRST)    | W |   | 1 K x 8(WRITE_FIRST)   |   | R | Port A and B     | 1      | 0      | 
|\inst/Soc /vexiis_0_logic_core | LsuL1Plugin_logic_banks_0_mem_symbol0_reg    | 1 K x 8(READ_FIRST)    | W |   | 1 K x 8(WRITE_FIRST)   |   | R | Port A and B     | 1      | 0      | 
|\inst/Soc /vexiis_0_logic_core | LsuL1Plugin_logic_banks_0_mem_symbol1_reg    | 1 K x 8(READ_FIRST)    | W |   | 1 K x 8(WRITE_FIRST)   |   | R | Port A and B     | 1      | 0      | 
|\inst/Soc /vexiis_0_logic_core | LsuL1Plugin_logic_banks_0_mem_symbol2_reg    | 1 K x 8(READ_FIRST)    | W |   | 1 K x 8(WRITE_FIRST)   |   | R | Port A and B     | 1      | 0      | 
|\inst/Soc /vexiis_0_logic_core | LsuL1Plugin_logic_banks_0_mem_symbol3_reg    | 1 K x 8(READ_FIRST)    | W |   | 1 K x 8(WRITE_FIRST)   |   | R | Port A and B     | 1      | 0      | 
|\inst/Soc /vexiis_0_logic_core | FetchL1Plugin_logic_banks_1_mem_reg          | 1 K x 32(READ_FIRST)   | W |   | 1 K x 32(WRITE_FIRST)  |   | R | Port A and B     | 0      | 1      | 
|\inst/Soc /vexiis_0_logic_core | FetchL1Plugin_logic_banks_0_mem_reg          | 1 K x 32(READ_FIRST)   | W |   | 1 K x 32(WRITE_FIRST)  |   | R | Port A and B     | 0      | 1      | 
|\inst/Soc /vexiis_0_logic_core | LsuL1Plugin_logic_writeback_victimBuffer_reg | 32 x 32(READ_FIRST)    | W |   | 32 x 32(WRITE_FIRST)   |   | R | Port A and B     | 1      | 0      | 
+-------------------------------+----------------------------------------------+------------------------+---+---+------------------------+---+---+------------------+--------+--------+

Note: The table above is a preliminary report that shows the Block RAMs at the current stage of the synthesis flow. Some Block RAMs may be reimplemented as non Block RAM primitives later in the synthesis flow. Multiple instantiated Block RAMs are reported only once. 

Distributed RAM: Preliminary Mapping Report (see note below)
+-----------------------------------+--------------------------------------------------------------+----------------+----------------------+--------------+
|Module Name                        | RTL Object                                                   | Inference      | Size (Depth x Width) | Primitives   | 
+-----------------------------------+--------------------------------------------------------------+----------------+----------------------+--------------+
|\inst/Soc /vexiis_0_logic_core     | LsuPlugin_logic_translationStorage_logic_sl_0_ways_0_reg     | User Attribute | 32 x 40              | RAM32M x 14  | 
|\inst/Soc /vexiis_0_logic_core     | LsuPlugin_logic_translationStorage_logic_sl_0_ways_1_reg     | User Attribute | 32 x 40              | RAM32M x 14  | 
|\inst/Soc /vexiis_0_logic_core     | LsuPlugin_logic_translationStorage_logic_sl_0_ways_2_reg     | User Attribute | 32 x 40              | RAM32M x 14  | 
|\inst/Soc /vexiis_0_logic_core     | LsuPlugin_logic_translationStorage_logic_sl_1_ways_0_reg     | User Attribute | 32 x 20              | RAM32M x 8   | 
|\inst/Soc /vexiis_0_logic_core     | LsuL1Plugin_logic_shared_mem_reg                             | Implied        | 64 x 3               | RAM64M x 1   | 
|\inst/Soc /vexiis_0_logic_core     | CsrRamPlugin_logic_mem_reg                                   | Implied        | 16 x 32              | RAM32M x 6   | 
|\inst/Soc /vexiis_0_logic_core     | FetchL1Plugin_logic_translationStorage_logic_sl_0_ways_0_reg | User Attribute | 32 x 40              | RAM32M x 14  | 
|\inst/Soc /vexiis_0_logic_core     | FetchL1Plugin_logic_translationStorage_logic_sl_0_ways_1_reg | User Attribute | 32 x 40              | RAM32M x 14  | 
|\inst/Soc /vexiis_0_logic_core     | FetchL1Plugin_logic_translationStorage_logic_sl_1_ways_0_reg | User Attribute | 32 x 20              | RAM32M x 8   | 
|\inst/Soc /vexiis_0_logic_core     | FetchL1Plugin_logic_plru_mem_reg                             | Implied        | 64 x 1               | RAM64M x 1   | 
|\inst/Soc /mem_toAxi4_logic_bridge | a_ctx/contexts_reg                                           | User Attribute | 8 x 3                | RAM32M x 1   | 
+-----------------------------------+--------------------------------------------------------------+----------------+----------------------+--------------+

Note: The table above is a preliminary report that shows the Distributed RAMs at the current stage of the synthesis flow. Some Distributed RAMs may be reimplemented as non Distributed RAM primitives later in the synthesis flow. Multiple instantiated RAMs are reported only once.

DSP: Preliminary Mapping Report (see note below. The ' indicates corresponding REG is set)
+------------+-------------+--------+--------+--------+--------+--------+------+------+------+------+-------+------+------+
|Module Name | DSP Mapping | A Size | B Size | C Size | D Size | P Size | AREG | BREG | CREG | DREG | ADREG | MREG | PREG | 
+------------+-------------+--------+--------+--------+--------+--------+------+------+------+------+-------+------+------+
|VexiiRiscv  | (A*B)'      | 18     | 16     | -      | -      | 34     | 0    | 0    | -    | -    | -     | 1    | 0    | 
|VexiiRiscv  | (A*B)'      | 18     | 16     | -      | -      | 34     | 0    | 0    | -    | -    | -     | 1    | 0    | 
|VexiiRiscv  | (A*B)'      | 16     | 16     | -      | -      | 32     | 0    | 0    | -    | -    | -     | 1    | 0    | 
|VexiiRiscv  | (A*B)'      | 17     | 17     | -      | -      | 34     | 0    | 0    | -    | -    | -     | 1    | 0    | 
+------------+-------------+--------+--------+--------+--------+--------+------+------+------+------+-------+------+------+

Note: The table above is a preliminary report that shows the DSPs inferred at the current stage of the synthesis flow. Some DSP may be reimplemented as non DSP primitives later in the synthesis flow. Multiple instantiated DSPs are reported only once.
---------------------------------------------------------------------------------
Finished ROM, RAM, DSP, Shift Register and Retiming Reporting
---------------------------------------------------------------------------------
No constraint files found.
---------------------------------------------------------------------------------
Start Timing Optimization
---------------------------------------------------------------------------------
---------------------------------------------------------------------------------
Finished Timing Optimization : Time (s): cpu = 00:00:46 ; elapsed = 00:00:48 . Memory (MB): peak = 2606.668 ; gain = 895.141 ; free physical = 3148 ; free virtual = 9083
---------------------------------------------------------------------------------
---------------------------------------------------------------------------------
Start ROM, RAM, DSP, Shift Register and Retiming Reporting
---------------------------------------------------------------------------------

Block RAM: Final Mapping Report
+-------------------------------+----------------------------------------------+------------------------+---+---+------------------------+---+---+------------------+--------+--------+
|Module Name                    | RTL Object                                   | PORT A (Depth x Width) | W | R | PORT B (Depth x Width) | W | R | Ports driving FF | RAMB18 | RAMB36 | 
+-------------------------------+----------------------------------------------+------------------------+---+---+------------------------+---+---+------------------+--------+--------+
|\inst/Soc /vexiis_0_logic_core | LsuL1Plugin_logic_ways_1_mem_reg             | 64 x 22(READ_FIRST)    | W |   | 64 x 22(WRITE_FIRST)   |   | R | Port A and B     | 1      | 0      | 
|\inst/Soc /vexiis_0_logic_core | LsuL1Plugin_logic_ways_0_mem_reg             | 64 x 22(READ_FIRST)    | W |   | 64 x 22(WRITE_FIRST)   |   | R | Port A and B     | 1      | 0      | 
|\inst/Soc /vexiis_0_logic_core | FetchL1Plugin_logic_ways_1_mem_reg           | 64 x 22(READ_FIRST)    | W |   | 64 x 22(WRITE_FIRST)   |   | R | Port A and B     | 1      | 0      | 
|\inst/Soc /vexiis_0_logic_core | FetchL1Plugin_logic_ways_0_mem_reg           | 64 x 22(READ_FIRST)    | W |   | 64 x 22(WRITE_FIRST)   |   | R | Port A and B     | 1      | 0      | 
|\inst/Soc /vexiis_0_logic_core | LsuL1Plugin_logic_banks_1_mem_symbol0_reg    | 1 K x 8(READ_FIRST)    | W |   | 1 K x 8(WRITE_FIRST)   |   | R | Port A and B     | 1      | 0      | 
|\inst/Soc /vexiis_0_logic_core | LsuL1Plugin_logic_banks_1_mem_symbol1_reg    | 1 K x 8(READ_FIRST)    | W |   | 1 K x 8(WRITE_FIRST)   |   | R | Port A and B     | 1      | 0      | 
|\inst/Soc /vexiis_0_logic_core | LsuL1Plugin_logic_banks_1_mem_symbol2_reg    | 1 K x 8(READ_FIRST)    | W |   | 1 K x 8(WRITE_FIRST)   |   | R | Port A and B     | 1      | 0      | 
|\inst/Soc /vexiis_0_logic_core | LsuL1Plugin_logic_banks_1_mem_symbol3_reg    | 1 K x 8(READ_FIRST)    | W |   | 1 K x 8(WRITE_FIRST)   |   | R | Port A and B     | 1      | 0      | 
|\inst/Soc /vexiis_0_logic_core | LsuL1Plugin_logic_banks_0_mem_symbol0_reg    | 1 K x 8(READ_FIRST)    | W |   | 1 K x 8(WRITE_FIRST)   |   | R | Port A and B     | 1      | 0      | 
|\inst/Soc /vexiis_0_logic_core | LsuL1Plugin_logic_banks_0_mem_symbol1_reg    | 1 K x 8(READ_FIRST)    | W |   | 1 K x 8(WRITE_FIRST)   |   | R | Port A and B     | 1      | 0      | 
|\inst/Soc /vexiis_0_logic_core | LsuL1Plugin_logic_banks_0_mem_symbol2_reg    | 1 K x 8(READ_FIRST)    | W |   | 1 K x 8(WRITE_FIRST)   |   | R | Port A and B     | 1      | 0      | 
|\inst/Soc /vexiis_0_logic_core | LsuL1Plugin_logic_banks_0_mem_symbol3_reg    | 1 K x 8(READ_FIRST)    | W |   | 1 K x 8(WRITE_FIRST)   |   | R | Port A and B     | 1      | 0      | 
|\inst/Soc /vexiis_0_logic_core | FetchL1Plugin_logic_banks_1_mem_reg          | 1 K x 32(READ_FIRST)   | W |   | 1 K x 32(WRITE_FIRST)  |   | R | Port A and B     | 0      | 1      | 
|\inst/Soc /vexiis_0_logic_core | FetchL1Plugin_logic_banks_0_mem_reg          | 1 K x 32(READ_FIRST)   | W |   | 1 K x 32(WRITE_FIRST)  |   | R | Port A and B     | 0      | 1      | 
|\inst/Soc /vexiis_0_logic_core | LsuL1Plugin_logic_writeback_victimBuffer_reg | 32 x 32(READ_FIRST)    | W |   | 32 x 32(WRITE_FIRST)   |   | R | Port A and B     | 1      | 0      | 
+-------------------------------+----------------------------------------------+------------------------+---+---+------------------------+---+---+------------------+--------+--------+


Distributed RAM: Final Mapping Report
+-----------------------------------+--------------------------------------------------------------+----------------+----------------------+--------------+
|Module Name                        | RTL Object                                                   | Inference      | Size (Depth x Width) | Primitives   | 
+-----------------------------------+--------------------------------------------------------------+----------------+----------------------+--------------+
|\inst/Soc /vexiis_0_logic_core     | LsuPlugin_logic_translationStorage_logic_sl_0_ways_0_reg     | User Attribute | 32 x 40              | RAM32M x 14  | 
|\inst/Soc /vexiis_0_logic_core     | LsuPlugin_logic_translationStorage_logic_sl_0_ways_1_reg     | User Attribute | 32 x 40              | RAM32M x 14  | 
|\inst/Soc /vexiis_0_logic_core     | LsuPlugin_logic_translationStorage_logic_sl_0_ways_2_reg     | User Attribute | 32 x 40              | RAM32M x 14  | 
|\inst/Soc /vexiis_0_logic_core     | LsuPlugin_logic_translationStorage_logic_sl_1_ways_0_reg     | User Attribute | 32 x 20              | RAM32M x 8   | 
|\inst/Soc /vexiis_0_logic_core     | LsuL1Plugin_logic_shared_mem_reg                             | Implied        | 64 x 3               | RAM64M x 1   | 
|\inst/Soc /vexiis_0_logic_core     | CsrRamPlugin_logic_mem_reg                                   | Implied        | 16 x 32              | RAM32M x 6   | 
|\inst/Soc /vexiis_0_logic_core     | FetchL1Plugin_logic_translationStorage_logic_sl_0_ways_0_reg | User Attribute | 32 x 40              | RAM32M x 14  | 
|\inst/Soc /vexiis_0_logic_core     | FetchL1Plugin_logic_translationStorage_logic_sl_0_ways_1_reg | User Attribute | 32 x 40              | RAM32M x 14  | 
|\inst/Soc /vexiis_0_logic_core     | FetchL1Plugin_logic_translationStorage_logic_sl_1_ways_0_reg | User Attribute | 32 x 20              | RAM32M x 8   | 
|\inst/Soc /vexiis_0_logic_core     | FetchL1Plugin_logic_plru_mem_reg                             | Implied        | 64 x 1               | RAM64M x 1   | 
|\inst/Soc /mem_toAxi4_logic_bridge | a_ctx/contexts_reg                                           | User Attribute | 8 x 3                | RAM32M x 1   | 
+-----------------------------------+--------------------------------------------------------------+----------------+----------------------+--------------+

---------------------------------------------------------------------------------
Finished ROM, RAM, DSP, Shift Register and Retiming Reporting
---------------------------------------------------------------------------------
---------------------------------------------------------------------------------
Start Technology Mapping
---------------------------------------------------------------------------------
INFO: [Synth 8-7052] The timing for the instance inst/Soc/vexiis_0_logic_core/integer_RegFilePlugin_logic_regfile_fpga/asMem_ram_reg_1 (implemented as a Block RAM) might be sub-optimal as no optional output register could be merged into the ram block. Providing additional output register may help in improving timing.
INFO: [Synth 8-7052] The timing for the instance inst/Soc/vexiis_0_logic_core/integer_RegFilePlugin_logic_regfile_fpga/asMem_ram_reg_2 (implemented as a Block RAM) might be sub-optimal as no optional output register could be merged into the ram block. Providing additional output register may help in improving timing.
INFO: [Synth 8-7052] The timing for the instance inst/Soc/vexiis_0_logic_core/float_RegFilePlugin_logic_regfile_fpga/asMem_ram_reg_1 (implemented as a Block RAM) might be sub-optimal as no optional output register could be merged into the ram block. Providing additional output register may help in improving timing.
INFO: [Synth 8-7052] The timing for the instance inst/Soc/vexiis_0_logic_core/float_RegFilePlugin_logic_regfile_fpga/asMem_ram_reg_2 (implemented as a Block RAM) might be sub-optimal as no optional output register could be merged into the ram block. Providing additional output register may help in improving timing.
INFO: [Synth 8-7052] The timing for the instance inst/Soc/vexiis_0_logic_core/float_RegFilePlugin_logic_regfile_fpga/asMem_ram_reg_3 (implemented as a Block RAM) might be sub-optimal as no optional output register could be merged into the ram block. Providing additional output register may help in improving timing.
INFO: [Synth 8-7052] The timing for the instance inst/Soc/vexiis_0_logic_core/LsuL1Plugin_logic_ways_1_mem_reg (implemented as a Block RAM) might be sub-optimal as no optional output register could be merged into the ram block. Providing additional output register may help in improving timing.
INFO: [Synth 8-7052] The timing for the instance inst/Soc/vexiis_0_logic_core/LsuL1Plugin_logic_ways_0_mem_reg (implemented as a Block RAM) might be sub-optimal as no optional output register could be merged into the ram block. Providing additional output register may help in improving timing.
INFO: [Synth 8-7052] The timing for the instance inst/Soc/vexiis_0_logic_core/FetchL1Plugin_logic_ways_1_mem_reg (implemented as a Block RAM) might be sub-optimal as no optional output register could be merged into the ram block. Providing additional output register may help in improving timing.
INFO: [Synth 8-7052] The timing for the instance inst/Soc/vexiis_0_logic_core/FetchL1Plugin_logic_ways_0_mem_reg (implemented as a Block RAM) might be sub-optimal as no optional output register could be merged into the ram block. Providing additional output register may help in improving timing.
INFO: [Synth 8-7052] The timing for the instance inst/Soc/vexiis_0_logic_core/LsuL1Plugin_logic_banks_1_mem_symbol0_reg (implemented as a Block RAM) might be sub-optimal as no optional output register could be merged into the ram block. Providing additional output register may help in improving timing.
INFO: [Synth 8-7052] The timing for the instance inst/Soc/vexiis_0_logic_core/LsuL1Plugin_logic_banks_1_mem_symbol1_reg (implemented as a Block RAM) might be sub-optimal as no optional output register could be merged into the ram block. Providing additional output register may help in improving timing.
INFO: [Synth 8-7052] The timing for the instance inst/Soc/vexiis_0_logic_core/LsuL1Plugin_logic_banks_1_mem_symbol2_reg (implemented as a Block RAM) might be sub-optimal as no optional output register could be merged into the ram block. Providing additional output register may help in improving timing.
INFO: [Synth 8-7052] The timing for the instance inst/Soc/vexiis_0_logic_core/LsuL1Plugin_logic_banks_1_mem_symbol3_reg (implemented as a Block RAM) might be sub-optimal as no optional output register could be merged into the ram block. Providing additional output register may help in improving timing.
INFO: [Synth 8-7052] The timing for the instance inst/Soc/vexiis_0_logic_core/LsuL1Plugin_logic_banks_0_mem_symbol0_reg (implemented as a Block RAM) might be sub-optimal as no optional output register could be merged into the ram block. Providing additional output register may help in improving timing.
INFO: [Synth 8-7052] The timing for the instance inst/Soc/vexiis_0_logic_core/LsuL1Plugin_logic_banks_0_mem_symbol1_reg (implemented as a Block RAM) might be sub-optimal as no optional output register could be merged into the ram block. Providing additional output register may help in improving timing.
INFO: [Synth 8-7052] The timing for the instance inst/Soc/vexiis_0_logic_core/LsuL1Plugin_logic_banks_0_mem_symbol2_reg (implemented as a Block RAM) might be sub-optimal as no optional output register could be merged into the ram block. Providing additional output register may help in improving timing.
INFO: [Synth 8-7052] The timing for the instance inst/Soc/vexiis_0_logic_core/LsuL1Plugin_logic_banks_0_mem_symbol3_reg (implemented as a Block RAM) might be sub-optimal as no optional output register could be merged into the ram block. Providing additional output register may help in improving timing.
INFO: [Synth 8-7052] The timing for the instance inst/Soc/vexiis_0_logic_core/FetchL1Plugin_logic_banks_1_mem_reg (implemented as a Block RAM) might be sub-optimal as no optional output register could be merged into the ram block. Providing additional output register may help in improving timing.
INFO: [Synth 8-7052] The timing for the instance inst/Soc/vexiis_0_logic_core/FetchL1Plugin_logic_banks_0_mem_reg (implemented as a Block RAM) might be sub-optimal as no optional output register could be merged into the ram block. Providing additional output register may help in improving timing.
INFO: [Synth 8-7052] The timing for the instance inst/Soc/vexiis_0_logic_core/LsuL1Plugin_logic_writeback_victimBuffer_reg (implemented as a Block RAM) might be sub-optimal as no optional output register could be merged into the ram block. Providing additional output register may help in improving timing.
---------------------------------------------------------------------------------
Finished Technology Mapping : Time (s): cpu = 00:00:48 ; elapsed = 00:00:50 . Memory (MB): peak = 2606.668 ; gain = 895.141 ; free physical = 3149 ; free virtual = 9084
---------------------------------------------------------------------------------
---------------------------------------------------------------------------------
Start IO Insertion
---------------------------------------------------------------------------------
---------------------------------------------------------------------------------
Start Flattening Before IO Insertion
---------------------------------------------------------------------------------
---------------------------------------------------------------------------------
Finished Flattening Before IO Insertion
---------------------------------------------------------------------------------
---------------------------------------------------------------------------------
Start Final Netlist Cleanup
---------------------------------------------------------------------------------
---------------------------------------------------------------------------------
Finished Final Netlist Cleanup
---------------------------------------------------------------------------------
---------------------------------------------------------------------------------
Finished IO Insertion : Time (s): cpu = 00:00:51 ; elapsed = 00:00:53 . Memory (MB): peak = 2606.668 ; gain = 895.141 ; free physical = 3148 ; free virtual = 9084
---------------------------------------------------------------------------------
---------------------------------------------------------------------------------
Start Renaming Generated Instances
---------------------------------------------------------------------------------
---------------------------------------------------------------------------------
Finished Renaming Generated Instances : Time (s): cpu = 00:00:51 ; elapsed = 00:00:53 . Memory (MB): peak = 2606.668 ; gain = 895.141 ; free physical = 3148 ; free virtual = 9084
---------------------------------------------------------------------------------
---------------------------------------------------------------------------------
Start Rebuilding User Hierarchy
---------------------------------------------------------------------------------
---------------------------------------------------------------------------------
Finished Rebuilding User Hierarchy : Time (s): cpu = 00:00:51 ; elapsed = 00:00:54 . Memory (MB): peak = 2606.668 ; gain = 895.141 ; free physical = 3148 ; free virtual = 9084
---------------------------------------------------------------------------------
---------------------------------------------------------------------------------
Start Renaming Generated Ports
---------------------------------------------------------------------------------
---------------------------------------------------------------------------------
Finished Renaming Generated Ports : Time (s): cpu = 00:00:51 ; elapsed = 00:00:54 . Memory (MB): peak = 2606.668 ; gain = 895.141 ; free physical = 3148 ; free virtual = 9084
---------------------------------------------------------------------------------
---------------------------------------------------------------------------------
Start Handling Custom Attributes
---------------------------------------------------------------------------------
---------------------------------------------------------------------------------
Finished Handling Custom Attributes : Time (s): cpu = 00:00:51 ; elapsed = 00:00:54 . Memory (MB): peak = 2606.668 ; gain = 895.141 ; free physical = 3148 ; free virtual = 9084
---------------------------------------------------------------------------------
---------------------------------------------------------------------------------
Start Renaming Generated Nets
---------------------------------------------------------------------------------
---------------------------------------------------------------------------------
Finished Renaming Generated Nets : Time (s): cpu = 00:00:51 ; elapsed = 00:00:54 . Memory (MB): peak = 2606.668 ; gain = 895.141 ; free physical = 3148 ; free virtual = 9084
---------------------------------------------------------------------------------
---------------------------------------------------------------------------------
Start ROM, RAM, DSP, Shift Register and Retiming Reporting
---------------------------------------------------------------------------------

Static Shift Register Report:
+------------------------------+-----------------------------------------------------------------------------------------------------+--------+-------+--------------+--------------------+-------------------+--------+---------+
|Module Name                   | RTL Name                                                                                            | Length | Width | Reset Signal | Pull out first Reg | Pull out last Reg | SRL16E | SRLC32E | 
+------------------------------+-----------------------------------------------------------------------------------------------------+--------+-------+--------------+--------------------+-------------------+--------+---------+
|Block_top_VexiiSocWrapper_0_1 | inst/Soc/vexiis_0_logic_core/execute_ctrl7_up_COMPLETION_AT_7_lane0_reg                             | 5      | 1     | NO           | NO                 | YES               | 1      | 0       | 
|Block_top_VexiiSocWrapper_0_1 | inst/Soc/vexiis_0_logic_core/execute_ctrl8_up_COMPLETION_AT_8_lane0_reg                             | 6      | 1     | NO           | NO                 | YES               | 1      | 0       | 
|Block_top_VexiiSocWrapper_0_1 | inst/Soc/vexiis_0_logic_core/execute_ctrl11_up_COMPLETION_AT_11_lane0_reg                           | 9      | 1     | NO           | NO                 | YES               | 1      | 0       | 
|Block_top_VexiiSocWrapper_0_1 | inst/Soc/vexiis_0_logic_core/execute_ctrl5_up_FpuMulPlugin_FMA_lane0_reg                            | 4      | 1     | NO           | NO                 | YES               | 1      | 0       | 
|Block_top_VexiiSocWrapper_0_1 | inst/Soc/vexiis_0_logic_core/execute_ctrl5_up_FpuMulPlugin_SEL_lane0_reg                            | 3      | 1     | NO           | NO                 | YES               | 1      | 0       | 
|Block_top_VexiiSocWrapper_0_1 | inst/Soc/vexiis_0_logic_core/FpuAddSharedPlugin_logic_pip_node_4_inserter_GROUP_OH_reg[1]           | 4      | 2     | NO           | NO                 | YES               | 2      | 0       | 
|Block_top_VexiiSocWrapper_0_1 | inst/Soc/vexiis_0_logic_core/execute_ctrl5_up_FpuMulPlugin_logic_calc_FORCE_ZERO_lane0_reg          | 3      | 1     | NO           | NO                 | YES               | 1      | 0       | 
|Block_top_VexiiSocWrapper_0_1 | inst/Soc/vexiis_0_logic_core/execute_ctrl5_up_FpuMulPlugin_logic_calc_FORCE_OVERFLOW_lane0_reg      | 3      | 1     | NO           | NO                 | YES               | 1      | 0       | 
|Block_top_VexiiSocWrapper_0_1 | inst/Soc/vexiis_0_logic_core/execute_ctrl5_up_FpuMulPlugin_logic_calc_FORCE_NAN_lane0_reg           | 3      | 1     | NO           | NO                 | YES               | 1      | 0       | 
|Block_top_VexiiSocWrapper_0_1 | inst/Soc/vexiis_0_logic_core/execute_ctrl5_up_FpuMulPlugin_logic_calc_SIGN_lane0_reg                | 3      | 1     | NO           | NO                 | YES               | 1      | 0       | 
|Block_top_VexiiSocWrapper_0_1 | inst/Soc/vexiis_0_logic_core/execute_ctrl5_up_FpuMulPlugin_SUB2_lane0_reg                           | 3      | 1     | NO           | NO                 | YES               | 1      | 0       | 
|Block_top_VexiiSocWrapper_0_1 | inst/Soc/vexiis_0_logic_core/execute_ctrl5_up_FpuUnpack_RS3_RS_lane0_sign_reg                       | 4      | 1     | NO           | NO                 | YES               | 1      | 0       | 
|Block_top_VexiiSocWrapper_0_1 | inst/Soc/vexiis_0_logic_core/execute_ctrl5_up_FpuUnpack_RS3_RS_lane0_mode_reg[1]                    | 3      | 2     | NO           | NO                 | YES               | 2      | 0       | 
|Block_top_VexiiSocWrapper_0_1 | inst/Soc/vexiis_0_logic_core/execute_ctrl5_up_FpuUnpack_RS3_RS_lane0_quiet_reg                      | 3      | 1     | NO           | NO                 | YES               | 1      | 0       | 
|Block_top_VexiiSocWrapper_0_1 | inst/Soc/vexiis_0_logic_core/execute_ctrl5_up_FpuUnpack_RS3_RS_lane0_exponent_reg[7]                | 3      | 8     | NO           | NO                 | YES               | 8      | 0       | 
|Block_top_VexiiSocWrapper_0_1 | inst/Soc/vexiis_0_logic_core/execute_ctrl5_up_FpuUnpack_RS3_RS_lane0_mantissa_reg[22]               | 3      | 23    | NO           | NO                 | YES               | 23     | 0       | 
|Block_top_VexiiSocWrapper_0_1 | inst/Soc/vexiis_0_logic_core/execute_ctrl5_up_FpuMulPlugin_SUB1_lane0_reg                           | 3      | 1     | NO           | NO                 | YES               | 1      | 0       | 
|Block_top_VexiiSocWrapper_0_1 | inst/Soc/vexiis_0_logic_core/FpuAddSharedPlugin_logic_pip_node_4_inserter_RDN_reg                   | 4      | 1     | NO           | NO                 | YES               | 1      | 0       | 
|Block_top_VexiiSocWrapper_0_1 | inst/Soc/vexiis_0_logic_core/FpuAddSharedPlugin_logic_pip_node_4_adder_shifter_xySign_reg           | 3      | 1     | NO           | NO                 | YES               | 1      | 0       | 
|Block_top_VexiiSocWrapper_0_1 | inst/Soc/vexiis_0_logic_core/FpuAddSharedPlugin_logic_pip_node_4_adder_shifter_xyExponent_reg[9]    | 3      | 10    | NO           | NO                 | YES               | 10     | 0       | 
|Block_top_VexiiSocWrapper_0_1 | inst/Soc/vexiis_0_logic_core/FpuAddSharedPlugin_logic_pip_node_4_inserter_ROUNDMODE_reg[2]          | 4      | 3     | NO           | NO                 | YES               | 3      | 0       | 
|Block_top_VexiiSocWrapper_0_1 | inst/Soc/vexiis_0_logic_core/execute_ctrl7_up_lane0_float_WriteBackPlugin_logic_DATA_lane0_reg[31]  | 3      | 32    | NO           | NO                 | YES               | 32     | 0       | 
|Block_top_VexiiSocWrapper_0_1 | inst/Soc/vexiis_0_logic_core/execute_ctrl11_up_lane0_float_WriteBackPlugin_logic_DATA_lane0_reg[31] | 3      | 32    | NO           | NO                 | YES               | 32     | 0       | 
|Block_top_VexiiSocWrapper_0_1 | inst/Soc/vexiis_0_logic_core/execute_ctrl4_up_MulPlugin_HIGH_lane0_reg                              | 3      | 1     | NO           | NO                 | YES               | 1      | 0       | 
|Block_top_VexiiSocWrapper_0_1 | inst/Soc/vexiis_0_logic_core/execute_ctrl4_up_lane0_IntFormatPlugin_logic_WIDTH_ID_lane0_reg[1]     | 3      | 2     | NO           | NO                 | YES               | 2      | 0       | 
|Block_top_VexiiSocWrapper_0_1 | inst/Soc/vexiis_0_logic_core/execute_ctrl4_up_lane0_IntFormatPlugin_logic_SIGNED_lane0_reg          | 3      | 1     | NO           | NO                 | YES               | 1      | 0       | 
|Block_top_VexiiSocWrapper_0_1 | inst/Soc/vexiis_0_logic_core/execute_ctrl4_up_FpuCsrPlugin_DIRTY_lane0_reg                          | 3      | 1     | NO           | NO                 | YES               | 1      | 0       | 
|Block_top_VexiiSocWrapper_0_1 | inst/Soc/vexiis_0_logic_core/execute_ctrl11_up_COMMIT_lane0_reg                                     | 3      | 1     | NO           | NO                 | YES               | 1      | 0       | 
|Block_top_VexiiSocWrapper_0_1 | inst/Soc/vexiis_0_logic_core/FpuAddSharedPlugin_logic_pip_node_4_inserter_rs2_quiet_reg             | 4      | 1     | NO           | NO                 | YES               | 1      | 0       | 
|Block_top_VexiiSocWrapper_0_1 | inst/Soc/vexiis_0_logic_core/FpuAddSharedPlugin_logic_pip_node_4_inserter_rs1_quiet_reg             | 4      | 1     | NO           | NO                 | YES               | 1      | 0       | 
|Block_top_VexiiSocWrapper_0_1 | inst/Soc/vexiis_0_logic_core/execute_ctrl5_up_FpuMulPlugin_logic_calc_INFINITY_NAN_lane0_reg        | 3      | 1     | NO           | NO                 | YES               | 1      | 0       | 
|Block_top_VexiiSocWrapper_0_1 | inst/Soc/vexiis_0_logic_core/FpuAddSharedPlugin_logic_pip_node_4_inserter_FLAGS_NV_reg              | 4      | 1     | NO           | NO                 | YES               | 1      | 0       | 
|Block_top_VexiiSocWrapper_0_1 | inst/Soc/vexiis_0_logic_core/execute_ctrl5_up_BYPASSED_AT_5_lane0_reg                               | 4      | 1     | NO           | NO                 | YES               | 1      | 0       | 
|Block_top_VexiiSocWrapper_0_1 | inst/Soc/vexiis_0_logic_core/execute_ctrl4_up_FpuPackerPlugin_RESERVED_ON_early0_AT_6_lane0_reg     | 3      | 1     | NO           | NO                 | YES               | 1      | 0       | 
|Block_top_VexiiSocWrapper_0_1 | inst/Soc/vexiis_0_logic_core/execute_ctrl3_up_FpuPackerPlugin_RESERVED_ON_early0_AT_5_lane0_reg     | 3      | 1     | NO           | NO                 | YES               | 1      | 0       | 
|Block_top_VexiiSocWrapper_0_1 | inst/Soc/vexiis_0_logic_core/execute_ctrl7_up_FpuPackerPlugin_RESERVED_ON_early0_AT_9_lane0_reg     | 3      | 1     | NO           | NO                 | YES               | 1      | 0       | 
|Block_top_VexiiSocWrapper_0_1 | inst/Soc/vexiis_0_logic_core/execute_ctrl11_up_lane0_float_WriteBackPlugin_SEL_lane0_reg            | 7      | 1     | NO           | NO                 | YES               | 1      | 0       | 
+------------------------------+-----------------------------------------------------------------------------------------------------+--------+-------+--------------+--------------------+-------------------+--------+---------+

---------------------------------------------------------------------------------
Finished ROM, RAM, DSP, Shift Register and Retiming Reporting
---------------------------------------------------------------------------------
---------------------------------------------------------------------------------
Start Writing Synthesis Report
---------------------------------------------------------------------------------

DSP Final Report (the ' indicates corresponding REG is set)
+------------+-------------+--------+--------+--------+--------+--------+------+------+------+------+-------+------+------+
|Module Name | DSP Mapping | A Size | B Size | C Size | D Size | P Size | AREG | BREG | CREG | DREG | ADREG | MREG | PREG | 
+------------+-------------+--------+--------+--------+--------+--------+------+------+------+------+-------+------+------+
|VexiiRiscv  | (A*B)'      | 17     | 18     | -      | -      | 34     | 0    | 0    | -    | -    | -     | 0    | 1    | 
|VexiiRiscv  | (A*B)'      | 17     | 18     | -      | -      | 34     | 0    | 0    | -    | -    | -     | 0    | 1    | 
|VexiiRiscv  | (A*B)'      | 30     | 18     | -      | -      | 30     | 0    | 0    | -    | -    | -     | 0    | 1    | 
|VexiiRiscv  | (A*B)'      | 17     | 17     | -      | -      | 34     | 0    | 0    | -    | -    | -     | 0    | 1    | 
+------------+-------------+--------+--------+--------+--------+--------+------+------+------+------+-------+------+------+


Report BlackBoxes: 
+-+--------------+----------+
| |BlackBox name |Instances |
+-+--------------+----------+
+-+--------------+----------+

Report Cell Usage: 
+------+---------+------+
|      |Cell     |Count |
+------+---------+------+
|1     |CARRY4   |   303|
|2     |DSP48E1  |     4|
|3     |LUT1     |   171|
|4     |LUT2     |   587|
|5     |LUT3     |  1602|
|6     |LUT4     |  1666|
|7     |LUT5     |  1805|
|8     |LUT6     |  3258|
|9     |MUXF7    |    10|
|10    |MUXF8    |     1|
|11    |RAM32M   |    62|
|12    |RAM32X1D |     8|
|13    |RAM64M   |     1|
|14    |RAM64X1D |     1|
|15    |RAMB18E1 |    18|
|16    |RAMB36E1 |     2|
|17    |SRL16E   |   142|
|18    |FDCE     |   865|
|19    |FDPE     |   144|
|20    |FDRE     |  5484|
|21    |FDSE     |    16|
+------+---------+------+
---------------------------------------------------------------------------------
Finished Writing Synthesis Report : Time (s): cpu = 00:00:51 ; elapsed = 00:00:54 . Memory (MB): peak = 2606.668 ; gain = 895.141 ; free physical = 3148 ; free virtual = 9084
---------------------------------------------------------------------------------
Synthesis finished with 0 errors, 0 critical warnings and 9 warnings.
Synthesis Optimization Runtime : Time (s): cpu = 00:00:47 ; elapsed = 00:00:50 . Memory (MB): peak = 2606.668 ; gain = 810.305 ; free physical = 3148 ; free virtual = 9084
Synthesis Optimization Complete : Time (s): cpu = 00:00:51 ; elapsed = 00:00:54 . Memory (MB): peak = 2606.676 ; gain = 895.141 ; free physical = 3148 ; free virtual = 9084
INFO: [Project 1-571] Translating synthesized netlist
Netlist sorting complete. Time (s): cpu = 00:00:00.09 ; elapsed = 00:00:00.09 . Memory (MB): peak = 2614.605 ; gain = 0.000 ; free physical = 3315 ; free virtual = 9250
INFO: [Netlist 29-17] Analyzing 410 Unisim elements for replacement
INFO: [Netlist 29-28] Unisim Transformation completed in 0 CPU seconds
INFO: [Project 1-570] Preparing netlist for logic optimization
INFO: [Opt 31-138] Pushed 0 inverter(s) to 0 load pin(s).
Netlist sorting complete. Time (s): cpu = 00:00:00 ; elapsed = 00:00:00.01 . Memory (MB): peak = 2772.164 ; gain = 0.000 ; free physical = 3240 ; free virtual = 9175
INFO: [Project 1-111] Unisim Transformation Summary:
  A total of 72 instances were transformed.
  RAM32M => RAM32M (RAMD32(x6), RAMS32(x2)): 62 instances
  RAM32X1D => RAM32X1D (RAMD32(x2)): 8 instances
  RAM64M => RAM64M (RAMD64E(x4)): 1 instance 
  RAM64X1D => RAM64X1D (RAMD64E(x2)): 1 instance 

Synth Design complete | Checksum: a1f484dd
INFO: [Common 17-83] Releasing license: Synthesis
225 Infos, 120 Warnings, 0 Critical Warnings and 0 Errors encountered.
synth_design completed successfully
synth_design: Time (s): cpu = 00:00:58 ; elapsed = 00:00:59 . Memory (MB): peak = 2772.199 ; gain = 1159.008 ; free physical = 3216 ; free virtual = 9157
INFO: [Common 17-2834] synth_design peak Physical Memory [PSS] (MB): overall = 1986.885; main = 1853.297; forked = 282.700
INFO: [Common 17-2834] synth_design peak Virtual Memory [VSS] (MB): overall = 3600.887; main = 2772.168; forked = 994.215
INFO: [Coretcl 2-1174] Renamed 29 cell refs.
Write ShapeDB Complete: Time (s): cpu = 00:00:00.04 ; elapsed = 00:00:00.01 . Memory (MB): peak = 2796.176 ; gain = 0.000 ; free physical = 3183 ; free virtual = 9130
INFO: [Common 17-1381] The checkpoint '/home/lovro/ARES/ARES_fpga/ARES_fpga/ARES_fpga.runs/Block_top_VexiiSocWrapper_0_1_synth_1/Block_top_VexiiSocWrapper_0_1.dcp' has been generated.
INFO: [Vivado 12-24828] Executing command : report_utilization -file Block_top_VexiiSocWrapper_0_1_utilization_synth.rpt -pb Block_top_VexiiSocWrapper_0_1_utilization_synth.pb
INFO: [Common 17-206] Exiting Vivado at Thu Aug  6 22:29:25 2026...
